<?xml version="1.0"?>
<project>
	<mepx_version>2022.08.21.0-beta</mepx_version>
	<problem_description>A062050
n-th chunk contains numbers1,...,2 to power n
1,1,2,1,2,3,4,1,2,3</problem_description>
	<algorithm>
		<training>
			<num_data>10</num_data>
			<num_cols>1</num_cols>
			<num_outputs>1</num_outputs>
			<num_classes>0</num_classes>
			<data_type>2</data_type>
			<list_separator>;</list_separator>
			<data>
				<row>1</row>
				<row>1</row>
				<row>2</row>
				<row>1</row>
				<row>2</row>
				<row>3</row>
				<row>4</row>
				<row>1</row>
				<row>2</row>
				<row>3</row>
			</data>
		</training>
		<validation>
			<num_data>0</num_data>
			<num_cols>0</num_cols>
			<num_outputs>1</num_outputs>
			<num_classes>0</num_classes>
			<data_type>0</data_type>
			<list_separator>;</list_separator>
		</validation>
		<test>
			<num_data>0</num_data>
			<num_cols>0</num_cols>
			<num_outputs>0</num_outputs>
			<num_classes>0</num_classes>
			<data_type>0</data_type>
			<list_separator>;</list_separator>
		</test>
		<parameters>
			<mutation_probability>0.01</mutation_probability>
			<crossover_probability>0.9</crossover_probability>
			<crossover_type>0</crossover_type>
			<chromosome_length>50</chromosome_length>
			<subpopulation_size>100</subpopulation_size>
			<num_subpopulations>2</num_subpopulations>
			<tournament_size>2</tournament_size>
			<number_of_generations>200</number_of_generations>
			<problem_type>3</problem_type>
			<random_seed>0</random_seed>
			<operators_probability>0.5</operators_probability>
			<variables_probability>0.4</variables_probability>
			<constants_probability>0.1</constants_probability>
			<num_runs>10</num_runs>
			<use_validation_data>1</use_validation_data>
			<simplified>1</simplified>
			<num_threads>2</num_threads>
			<random_subset_selection_size_percent>100</random_subset_selection_size_percent>
			<error_measure>0</error_measure>
			<num_generations_for_which_random_subset_is_kept_fixed>1</num_generations_for_which_random_subset_is_kept_fixed>
			<time_series_mode>0</time_series_mode>
			<num_predictions>10</num_predictions>
			<window_size>3</window_size>
			<data_type>2</data_type>
		</parameters>
		<constants>
			<data_type>2</data_type>
			<type>1</type>
			<num_automatic_constants>5</num_automatic_constants>
			<min_interval>0</min_interval>
			<max_interval>100</max_interval>
			<stddev>1</stddev>
			<evolve>1</evolve>
			<can_evolve_outside_initial_interval>0</can_evolve_outside_initial_interval>
			<num_user_defined_constants>0</num_user_defined_constants>
		</constants>
		<operators>
			<use_addition>1</use_addition>
			<use_subtraction>1</use_subtraction>
			<use_multiplication>1</use_multiplication>
			<use_division>1</use_division>
			<use_power>0</use_power>
			<use_sqrt>0</use_sqrt>
			<use_exp>0</use_exp>
			<use_pow10>0</use_pow10>
			<use_ln>0</use_ln>
			<use_log10>0</use_log10>
			<use_log2>0</use_log2>
			<use_floor>0</use_floor>
			<use_ceil>0</use_ceil>
			<use_abs>0</use_abs>
			<use_inv>0</use_inv>
			<use_neg>0</use_neg>
			<use_x2>0</use_x2>
			<use_min>0</use_min>
			<use_max>0</use_max>
			<use_not>0</use_not>
			<use_and>0</use_and>
			<use_or>0</use_or>
			<use_xor>0</use_xor>
			<use_nand>0</use_nand>
			<use_nor>0</use_nor>
			<use_sin>0</use_sin>
			<use_cos>0</use_cos>
			<use_tan>0</use_tan>
			<use_asin>0</use_asin>
			<use_acos>0</use_acos>
			<use_atan>0</use_atan>
			<use_iflz>0</use_iflz>
			<use_ifalbcd>1</use_ifalbcd>
			<use_if_a_or_b_cd>0</use_if_a_or_b_cd>
			<use_if_a_xor_b_cd>0</use_if_a_xor_b_cd>
			<use_fmod>1</use_fmod>
		</operators>
		<results>
			<run>
				<running_time>0.09261</running_time>
				<best_training_error>0.857143 0.857143 0.857143 0.857143 0.571429 0.571429 0.571429 0.571429 0.571429 0.571429 0.571429 0.285714 0.285714 0.285714 0.285714 0.285714 0.285714 0.285714 0.285714 0.285714 0.285714 0.285714 0.285714 0.285714 0.285714 0.285714 0.285714 0.285714 0.285714 0.285714 0.285714 0.285714 0.285714 0.285714 0.285714 0.285714 0.285714 0.285714 0.285714 0.285714 0.285714 0.285714 0.285714 0.285714 0.285714 0.285714 0.285714 0.285714 0.285714 0.285714 0.285714 0.285714 0.285714 0.285714 0.285714 0.285714 0.285714 0.285714 0.285714 0.285714 0.285714 0.285714 0.285714 0.285714 0.285714 0.285714 0.285714 0.285714 0.285714 0.285714 0.285714 0.285714 0.285714 0.285714 0.285714 0.285714 0.285714 0.285714 0.285714 0.285714 0.285714 0.285714 0.285714 0.285714 0.285714 0.285714 0.285714 0.285714 0.285714 0.285714 0.285714 0.285714 0.285714 0.285714 0.285714 0.285714 0.285714 0.285714 0.285714 0.285714 0.285714 0.285714 0.285714 0.285714 0.285714 0.285714 0.285714 0.285714 0.285714 0.285714 0.285714 0.285714 0.285714 0.285714 0.285714 0.285714 0.285714 0.285714 0.285714 0.285714 0.285714 0.285714 0.285714 0.285714 0.285714 0.285714 0.285714 0.285714 0.285714 0.285714 0.285714 0.285714 0.285714 0.285714 0.285714 0.285714 0.285714 0.285714 0.285714 0.285714 0.285714 0.285714 0.285714 0.285714 0.285714 0.285714 0.285714 0.285714 0.285714 0.285714 0.285714 0.285714 0.285714 0.285714 0.285714 0.285714 0.285714 0.285714 0.285714 0.285714 0.285714 0.285714 0.285714 0.285714 0.285714 0.285714 0.285714 0.285714 0.285714 0.285714 0.285714 0.285714 0.285714 0.285714 0.285714 0.285714 0.285714 0.285714 0.285714 0.285714 0.285714 0.285714 0.285714 0.285714 0.285714 0.285714 0.285714 0.285714 0.285714 0.285714 0.285714 0.285714 0.285714 0.285714 0.285714 0.285714 0.285714 0.285714 0.285714 0.285714 </best_training_error>
				<average_training_error>1.09714 1.02786 0.920714 0.857143 0.855714 0.855714 0.855 0.853571 0.849286 0.844286 0.833571 0.817857 0.772857 0.715714 0.660714 0.603571 0.56 0.510714 0.485714 0.475714 0.46 0.429286 0.368571 0.292857 0.285714 0.285714 0.285714 0.285714 0.285714 0.285714 0.285714 0.285714 0.285714 0.285714 0.285714 0.285714 0.285714 0.285714 0.285714 0.285714 0.285714 0.285714 0.285714 0.285714 0.285714 0.285714 0.285714 0.285714 0.285714 0.285714 0.285714 0.285714 0.285714 0.285714 0.285714 0.285714 0.285714 0.285714 0.285714 0.285714 0.285714 0.285714 0.285714 0.285714 0.285714 0.285714 0.285714 0.285714 0.285714 0.285714 0.285714 0.285714 0.285714 0.285714 0.285714 0.285714 0.285714 0.285714 0.285714 0.285714 0.285714 0.285714 0.285714 0.285714 0.285714 0.285714 0.285714 0.285714 0.285714 0.285714 0.285714 0.285714 0.285714 0.285714 0.285714 0.285714 0.285714 0.285714 0.285714 0.285714 0.285714 0.285714 0.285714 0.285714 0.285714 0.285714 0.285714 0.285714 0.285714 0.285714 0.285714 0.285714 0.285714 0.285714 0.285714 0.285714 0.285714 0.285714 0.285714 0.285714 0.285714 0.285714 0.285714 0.285714 0.285714 0.285714 0.285714 0.285714 0.285714 0.285714 0.285714 0.285714 0.285714 0.285714 0.285714 0.285714 0.285714 0.285714 0.285714 0.285714 0.285714 0.285714 0.285714 0.285714 0.285714 0.285714 0.285714 0.285714 0.285714 0.285714 0.285714 0.285714 0.285714 0.285714 0.285714 0.285714 0.285714 0.285714 0.285714 0.285714 0.285714 0.285714 0.285714 0.285714 0.285714 0.285714 0.285714 0.285714 0.285714 0.285714 0.285714 0.285714 0.285714 0.285714 0.285714 0.285714 0.285714 0.285714 0.285714 0.285714 0.285714 0.285714 0.285714 0.285714 0.285714 0.285714 0.285714 0.285714 0.285714 0.285714 0.285714 0.285714 0.285714 0.285714 0.285714 0.285714 0.285714 0.285714 0.285714 0.285714 </average_training_error>
				<best_validation_error>-1</best_validation_error>
				<test_error>-1</test_error>
				<best_training_num_incorrect>0.000000 0.000000 0.000000 0.000000 0.000000 0.000000 0.000000 0.000000 0.000000 0.000000 0.000000 0.000000 0.000000 0.000000 0.000000 0.000000 0.000000 0.000000 0.000000 0.000000 0.000000 0.000000 0.000000 0.000000 0.000000 0.000000 0.000000 0.000000 0.000000 0.000000 0.000000 0.000000 0.000000 0.000000 0.000000 0.000000 0.000000 0.000000 0.000000 0.000000 0.000000 0.000000 0.000000 0.000000 0.000000 0.000000 0.000000 0.000000 0.000000 0.000000 0.000000 0.000000 0.000000 0.000000 0.000000 0.000000 0.000000 0.000000 0.000000 0.000000 0.000000 0.000000 0.000000 0.000000 0.000000 0.000000 0.000000 0.000000 0.000000 0.000000 0.000000 0.000000 0.000000 0.000000 0.000000 0.000000 0.000000 0.000000 0.000000 0.000000 0.000000 0.000000 0.000000 0.000000 0.000000 0.000000 0.000000 0.000000 0.000000 0.000000 0.000000 0.000000 0.000000 0.000000 0.000000 0.000000 0.000000 0.000000 0.000000 0.000000 0.000000 0.000000 0.000000 0.000000 0.000000 0.000000 0.000000 0.000000 0.000000 0.000000 0.000000 0.000000 0.000000 0.000000 0.000000 0.000000 0.000000 0.000000 0.000000 0.000000 0.000000 0.000000 0.000000 0.000000 0.000000 0.000000 0.000000 0.000000 0.000000 0.000000 0.000000 0.000000 0.000000 0.000000 0.000000 0.000000 0.000000 0.000000 0.000000 0.000000 0.000000 0.000000 0.000000 0.000000 0.000000 0.000000 0.000000 0.000000 0.000000 0.000000 0.000000 0.000000 0.000000 0.000000 0.000000 0.000000 0.000000 0.000000 0.000000 0.000000 0.000000 0.000000 0.000000 0.000000 0.000000 0.000000 0.000000 0.000000 0.000000 0.000000 0.000000 0.000000 0.000000 0.000000 0.000000 0.000000 0.000000 0.000000 0.000000 0.000000 0.000000 0.000000 0.000000 0.000000 0.000000 0.000000 0.000000 0.000000 0.000000 0.000000 0.000000 0.000000 0.000000 0.000000 0.000000 0.000000 0.000000 0.000000 0.000000 0.000000 </best_training_num_incorrect>
				<average_training_num_incorrect>0.000000 0.000000 0.000000 0.000000 0.000000 0.000000 0.000000 0.000000 0.000000 0.000000 0.000000 0.000000 0.000000 0.000000 0.000000 0.000000 0.000000 0.000000 0.000000 0.000000 0.000000 0.000000 0.000000 0.000000 0.000000 0.000000 0.000000 0.000000 0.000000 0.000000 0.000000 0.000000 0.000000 0.000000 0.000000 0.000000 0.000000 0.000000 0.000000 0.000000 0.000000 0.000000 0.000000 0.000000 0.000000 0.000000 0.000000 0.000000 0.000000 0.000000 0.000000 0.000000 0.000000 0.000000 0.000000 0.000000 0.000000 0.000000 0.000000 0.000000 0.000000 0.000000 0.000000 0.000000 0.000000 0.000000 0.000000 0.000000 0.000000 0.000000 0.000000 0.000000 0.000000 0.000000 0.000000 0.000000 0.000000 0.000000 0.000000 0.000000 0.000000 0.000000 0.000000 0.000000 0.000000 0.000000 0.000000 0.000000 0.000000 0.000000 0.000000 0.000000 0.000000 0.000000 0.000000 0.000000 0.000000 0.000000 0.000000 0.000000 0.000000 0.000000 0.000000 0.000000 0.000000 0.000000 0.000000 0.000000 0.000000 0.000000 0.000000 0.000000 0.000000 0.000000 0.000000 0.000000 0.000000 0.000000 0.000000 0.000000 0.000000 0.000000 0.000000 0.000000 0.000000 0.000000 0.000000 0.000000 0.000000 0.000000 0.000000 0.000000 0.000000 0.000000 0.000000 0.000000 0.000000 0.000000 0.000000 0.000000 0.000000 0.000000 0.000000 0.000000 0.000000 0.000000 0.000000 0.000000 0.000000 0.000000 0.000000 0.000000 0.000000 0.000000 0.000000 0.000000 0.000000 0.000000 0.000000 0.000000 0.000000 0.000000 0.000000 0.000000 0.000000 0.000000 0.000000 0.000000 0.000000 0.000000 0.000000 0.000000 0.000000 0.000000 0.000000 0.000000 0.000000 0.000000 0.000000 0.000000 0.000000 0.000000 0.000000 0.000000 0.000000 0.000000 0.000000 0.000000 0.000000 0.000000 0.000000 0.000000 0.000000 0.000000 0.000000 0.000000 0.000000 0.000000 0.000000 0.000000 </average_training_num_incorrect>
				<best_validation_num_incorrect>-1</best_validation_num_incorrect>
				<test_num_incorrect>-1</test_num_incorrect>
				<last_generation>199</last_generation>
				<num_generations>200</num_generations>
				<program>
					<code_length>50</code_length>
					<num_variables>3</num_variables>
					<num_outputs>1</num_outputs>
					<problem_type>3</problem_type>
					<data_type>2</data_type>
					<error_measure>0</error_measure>
					<code>
						<i>6</i>
						<i>4294967292 0 0 0 0</i>
						<i>4294967270 1 1 1 1</i>
						<i>4294967292 0 0 2 2</i>
						<i>4294967294 0 3 3 1</i>
						<i>2</i>
						<i>2</i>
						<i>4294967295 3 5 2 3</i>
						<i>4294967295 1 7 5 6</i>
						<i>4294967270 0 5 5 8</i>
						<i>0</i>
						<i>4294967295 4 10 0 1</i>
						<i>1</i>
						<i>4294967294 0 4 6 5</i>
						<i>0</i>
						<i>4294967270 10 8 5 9</i>
						<i>4294967270 7 15 1 8</i>
						<i>4294967295 0 6 10 11</i>
						<i>1</i>
						<i>1</i>
						<i>0</i>
						<i>1</i>
						<i>4294967270 0 5 2 7</i>
						<i>1</i>
						<i>4294967293 23 12 14 22</i>
						<i>2</i>
						<i>0</i>
						<i>4294967293 15 16 22 18</i>
						<i>0</i>
						<i>4294967295 1 14 25 26</i>
						<i>4294967294 22 3 9 2</i>
						<i>3</i>
						<i>2</i>
						<i>4294967264 6 13 27 14</i>
						<i>4294967295 27 28 28 32</i>
						<i>2</i>
						<i>4294967295 20 33 7 0</i>
						<i>4294967292 4 35 20 8</i>
						<i>1</i>
						<i>0</i>
						<i>4294967270 30 34 23 19</i>
						<i>0</i>
						<i>1</i>
						<i>0</i>
						<i>4294967293 36 4 19 6</i>
						<i>4294967270 11 36 25 14</i>
						<i>4294967264 29 25 23 5</i>
						<i>2</i>
						<i>0</i>
						<i>0</i>
					</code>
					<best_genes>22 </best_genes>
					<max_index_best_genes>22</max_index_best_genes>
					<error>0.285714</error>
					<num_incorrectly_classified>0.000000</num_incorrectly_classified>
					<binary_classification_threshold>0</binary_classification_threshold>
					<num_constants>5</num_constants>
					<constants>2 100 8 3 16 </constants>
					<num_classes>0</num_classes>
				</program>
			</run>
			<run>
				<running_time>0.064236</running_time>
				<best_training_error>0.714286 0.714286 0.714286 0.714286 0.714286 0.714286 0.714286 0.714286 0.714286 0.571429 0.571429 0.571429 0.571429 0.571429 0.571429 0.571429 0.571429 0.428571 0.428571 0.428571 0.428571 0.428571 0 0 0 0 0 0 0 0 0 0 0 0 0 0 0 0 0 0 0 0 0 0 0 0 0 0 0 0 0 0 0 0 0 0 0 0 0 0 0 0 0 0 0 0 0 0 0 0 0 0 0 0 0 0 0 0 0 0 0 0 0 0 0 0 0 0 0 0 0 0 0 0 0 0 0 0 0 0 0 0 0 0 0 0 0 0 0 0 0 0 0 0 0 0 0 0 0 0 0 0 0 0 0 0 0 0 0 0 0 0 0 0 0 0 0 0 0 0 0 0 0 0 0 0 0 0 0 0 0 0 0 0 0 0 0 0 0 0 0 0 0 0 0 0 0 0 0 0 0 0 0 0 0 0 0 0 0 0 0 0 0 0 0 0 0 0 0 0 0 0 0 0 0 0 0 0 0 0 </best_training_error>
				<average_training_error>1.09857 1.03214 0.92 0.854286 0.851429 0.848571 0.847857 0.841429 0.832143 0.821429 0.801429 0.773571 0.738571 0.725714 0.712857 0.712143 0.712143 0.71 0.705714 0.702143 0.697857 0.695714 0.685 0.675 0.650714 0.620714 0.581429 0.500714 0.398571 0.332857 0.320714 0.287857 0.258571 0.169286 0.0314286 0 0 0 0 0 0 0 0 0 0 0 0 0 0 0 0 0 0 0 0 0 0 0 0 0 0 0 0 0 0 0 0 0 0 0 0 0 0 0 0 0 0 0 0 0 0 0 0 0 0 0 0 0 0 0 0 0 0 0 0 0 0 0 0 0 0 0 0 0 0 0 0 0 0 0 0 0 0 0 0 0 0 0 0 0 0 0 0 0 0 0 0 0 0 0 0 0 0 0 0 0 0 0 0 0 0 0 0 0 0 0 0 0 0 0 0 0 0 0 0 0 0 0 0 0 0 0 0 0 0 0 0 0 0 0 0 0 0 0 0 0 0 0 0 0 0 0 0 0 0 0 0 0 0 0 0 0 0 0 0 0 0 0 0 0 </average_training_error>
				<best_validation_error>-1</best_validation_error>
				<test_error>-1</test_error>
				<best_training_num_incorrect>0.000000 0.000000 0.000000 0.000000 0.000000 0.000000 0.000000 0.000000 0.000000 0.000000 0.000000 0.000000 0.000000 0.000000 0.000000 0.000000 0.000000 0.000000 0.000000 0.000000 0.000000 0.000000 0.000000 0.000000 0.000000 0.000000 0.000000 0.000000 0.000000 0.000000 0.000000 0.000000 0.000000 0.000000 0.000000 0.000000 0.000000 0.000000 0.000000 0.000000 0.000000 0.000000 0.000000 0.000000 0.000000 0.000000 0.000000 0.000000 0.000000 0.000000 0.000000 0.000000 0.000000 0.000000 0.000000 0.000000 0.000000 0.000000 0.000000 0.000000 0.000000 0.000000 0.000000 0.000000 0.000000 0.000000 0.000000 0.000000 0.000000 0.000000 0.000000 0.000000 0.000000 0.000000 0.000000 0.000000 0.000000 0.000000 0.000000 0.000000 0.000000 0.000000 0.000000 0.000000 0.000000 0.000000 0.000000 0.000000 0.000000 0.000000 0.000000 0.000000 0.000000 0.000000 0.000000 0.000000 0.000000 0.000000 0.000000 0.000000 0.000000 0.000000 0.000000 0.000000 0.000000 0.000000 0.000000 0.000000 0.000000 0.000000 0.000000 0.000000 0.000000 0.000000 0.000000 0.000000 0.000000 0.000000 0.000000 0.000000 0.000000 0.000000 0.000000 0.000000 0.000000 0.000000 0.000000 0.000000 0.000000 0.000000 0.000000 0.000000 0.000000 0.000000 0.000000 0.000000 0.000000 0.000000 0.000000 0.000000 0.000000 0.000000 0.000000 0.000000 0.000000 0.000000 0.000000 0.000000 0.000000 0.000000 0.000000 0.000000 0.000000 0.000000 0.000000 0.000000 0.000000 0.000000 0.000000 0.000000 0.000000 0.000000 0.000000 0.000000 0.000000 0.000000 0.000000 0.000000 0.000000 0.000000 0.000000 0.000000 0.000000 0.000000 0.000000 0.000000 0.000000 0.000000 0.000000 0.000000 0.000000 0.000000 0.000000 0.000000 0.000000 0.000000 0.000000 0.000000 0.000000 0.000000 0.000000 0.000000 0.000000 0.000000 0.000000 0.000000 0.000000 0.000000 0.000000 0.000000 </best_training_num_incorrect>
				<average_training_num_incorrect>0.000000 0.000000 0.000000 0.000000 0.000000 0.000000 0.000000 0.000000 0.000000 0.000000 0.000000 0.000000 0.000000 0.000000 0.000000 0.000000 0.000000 0.000000 0.000000 0.000000 0.000000 0.000000 0.000000 0.000000 0.000000 0.000000 0.000000 0.000000 0.000000 0.000000 0.000000 0.000000 0.000000 0.000000 0.000000 0.000000 0.000000 0.000000 0.000000 0.000000 0.000000 0.000000 0.000000 0.000000 0.000000 0.000000 0.000000 0.000000 0.000000 0.000000 0.000000 0.000000 0.000000 0.000000 0.000000 0.000000 0.000000 0.000000 0.000000 0.000000 0.000000 0.000000 0.000000 0.000000 0.000000 0.000000 0.000000 0.000000 0.000000 0.000000 0.000000 0.000000 0.000000 0.000000 0.000000 0.000000 0.000000 0.000000 0.000000 0.000000 0.000000 0.000000 0.000000 0.000000 0.000000 0.000000 0.000000 0.000000 0.000000 0.000000 0.000000 0.000000 0.000000 0.000000 0.000000 0.000000 0.000000 0.000000 0.000000 0.000000 0.000000 0.000000 0.000000 0.000000 0.000000 0.000000 0.000000 0.000000 0.000000 0.000000 0.000000 0.000000 0.000000 0.000000 0.000000 0.000000 0.000000 0.000000 0.000000 0.000000 0.000000 0.000000 0.000000 0.000000 0.000000 0.000000 0.000000 0.000000 0.000000 0.000000 0.000000 0.000000 0.000000 0.000000 0.000000 0.000000 0.000000 0.000000 0.000000 0.000000 0.000000 0.000000 0.000000 0.000000 0.000000 0.000000 0.000000 0.000000 0.000000 0.000000 0.000000 0.000000 0.000000 0.000000 0.000000 0.000000 0.000000 0.000000 0.000000 0.000000 0.000000 0.000000 0.000000 0.000000 0.000000 0.000000 0.000000 0.000000 0.000000 0.000000 0.000000 0.000000 0.000000 0.000000 0.000000 0.000000 0.000000 0.000000 0.000000 0.000000 0.000000 0.000000 0.000000 0.000000 0.000000 0.000000 0.000000 0.000000 0.000000 0.000000 0.000000 0.000000 0.000000 0.000000 0.000000 0.000000 0.000000 0.000000 0.000000 0.000000 </average_training_num_incorrect>
				<best_validation_num_incorrect>-1</best_validation_num_incorrect>
				<test_num_incorrect>-1</test_num_incorrect>
				<last_generation>199</last_generation>
				<num_generations>200</num_generations>
				<program>
					<code_length>50</code_length>
					<num_variables>3</num_variables>
					<num_outputs>1</num_outputs>
					<problem_type>3</problem_type>
					<data_type>2</data_type>
					<error_measure>0</error_measure>
					<code>
						<i>2</i>
						<i>0</i>
						<i>4294967292 1 1 0 1</i>
						<i>4294967294 1 2 2 2</i>
						<i>4294967264 1 0 0 3</i>
						<i>4294967270 2 0 0 3</i>
						<i>4294967295 0 5 2 1</i>
						<i>4294967270 5 5 2 2</i>
						<i>4294967293 4 1 5 5</i>
						<i>2</i>
						<i>0</i>
						<i>4294967293 1 2 8 5</i>
						<i>4294967270 9 4 0 6</i>
						<i>4</i>
						<i>1</i>
						<i>4294967295 9 2 2 14</i>
						<i>0</i>
						<i>4294967295 15 1 12 8</i>
						<i>0</i>
						<i>4294967270 8 14 15 2</i>
						<i>4294967295 19 19 13 10</i>
						<i>1</i>
						<i>4294967294 16 5 18 0</i>
						<i>0</i>
						<i>1</i>
						<i>0</i>
						<i>4294967270 23 20 11 3</i>
						<i>6</i>
						<i>4294967270 26 12 0 1</i>
						<i>4294967270 25 0 24 0</i>
						<i>4294967293 15 5 11 11</i>
						<i>4294967293 15 29 20 15</i>
						<i>2</i>
						<i>4294967294 27 22 12 27</i>
						<i>0</i>
						<i>4</i>
						<i>2</i>
						<i>0</i>
						<i>4294967294 19 33 24 35</i>
						<i>1</i>
						<i>4294967293 17 37 25 31</i>
						<i>4294967270 36 3 14 30</i>
						<i>4294967294 32 40 1 34</i>
						<i>2</i>
						<i>4294967295 10 7 7 11</i>
						<i>4294967292 22 24 2 40</i>
						<i>4294967264 28 2 23 4</i>
						<i>4294967270 46 17 6 33</i>
						<i>4294967294 9 16 38 6</i>
						<i>4294967270 17 35 12 35</i>
					</code>
					<best_genes>19 </best_genes>
					<max_index_best_genes>19</max_index_best_genes>
					<error>0</error>
					<num_incorrectly_classified>0.000000</num_incorrectly_classified>
					<binary_classification_threshold>0</binary_classification_threshold>
					<num_constants>5</num_constants>
					<constants>92 84 92 40 51 </constants>
					<num_classes>0</num_classes>
				</program>
			</run>
			<run>
				<running_time>0.064102</running_time>
				<best_training_error>0.571429 0.571429 0.571429 0.571429 0.571429 0.571429 0.428571 0.428571 0.428571 0.428571 0.428571 0.428571 0.428571 0.428571 0.428571 0.428571 0.428571 0.428571 0.428571 0.428571 0.428571 0.428571 0.428571 0.428571 0.428571 0.428571 0.428571 0.428571 0.428571 0.428571 0.428571 0.428571 0.428571 0.428571 0.428571 0.428571 0.428571 0.428571 0.428571 0.428571 0.428571 0.428571 0.428571 0.428571 0.428571 0.428571 0.428571 0.428571 0.428571 0.428571 0.428571 0.428571 0.428571 0.428571 0.428571 0.428571 0.428571 0.428571 0.428571 0.428571 0.428571 0.428571 0.428571 0.428571 0.428571 0.428571 0.428571 0.428571 0.428571 0.428571 0.428571 0.428571 0.428571 0.428571 0.428571 0.428571 0.428571 0.428571 0.428571 0.428571 0.428571 0.428571 0.428571 0.428571 0.428571 0.428571 0.428571 0.428571 0.428571 0.428571 0.428571 0.428571 0.428571 0.428571 0.428571 0.428571 0.428571 0.428571 0.428571 0.428571 0.428571 0.428571 0.428571 0.428571 0.428571 0.428571 0.428571 0.428571 0.428571 0.428571 0.428571 0.428571 0.428571 0.428571 0.428571 0.428571 0.428571 0.428571 0.428571 0.428571 0.428571 0.428571 0.428571 0.428571 0.428571 0.428571 0.428571 0.428571 0.428571 0.428571 0.428571 0.428571 0.428571 0.428571 0.428571 0.428571 0.285714 0.285714 0.285714 0.285714 0.285714 0.285714 0.285714 0.285714 0.285714 0.285714 0.285714 0.285714 0.285714 0.285714 0.285714 0.285714 0.285714 0.285714 0.285714 0.285714 0.285714 0.285714 0.285714 0.285714 0.285714 0.285714 0.285714 0.285714 0.285714 0.285714 0.285714 0.285714 0.285714 0.285714 0.285714 0.285714 0.285714 0.285714 0.285714 0.285714 0.285714 0.285714 0.285714 0.285714 0.285714 0.285714 0.285714 0.285714 0.285714 0.285714 0.285714 0.285714 0.285714 0.285714 0.285714 0.285714 0.285714 0.285714 0.285714 0.285714 0.142857 0.142857 0.142857 0.142857 </best_training_error>
				<average_training_error>1.08286 0.992143 0.870714 0.843571 0.838571 0.832143 0.82 0.811429 0.8 0.787143 0.744286 0.685 0.645 0.582143 0.502857 0.455 0.428571 0.428571 0.428571 0.428571 0.428571 0.428571 0.428571 0.428571 0.428571 0.428571 0.428571 0.428571 0.428571 0.428571 0.428571 0.428571 0.428571 0.428571 0.428571 0.428571 0.428571 0.428571 0.428571 0.428571 0.428571 0.428571 0.428571 0.428571 0.428571 0.428571 0.428571 0.428571 0.428571 0.428571 0.428571 0.428571 0.428571 0.428571 0.428571 0.428571 0.428571 0.428571 0.428571 0.428571 0.428571 0.428571 0.428571 0.428571 0.428571 0.428571 0.428571 0.428571 0.428571 0.428571 0.428571 0.428571 0.428571 0.428571 0.428571 0.428571 0.428571 0.428571 0.428571 0.428571 0.428571 0.428571 0.428571 0.428571 0.428571 0.428571 0.428571 0.428571 0.428571 0.428571 0.428571 0.428571 0.428571 0.428571 0.428571 0.428571 0.428571 0.428571 0.428571 0.428571 0.428571 0.428571 0.428571 0.428571 0.428571 0.428571 0.428571 0.428571 0.428571 0.428571 0.428571 0.428571 0.428571 0.428571 0.428571 0.428571 0.428571 0.428571 0.428571 0.428571 0.428571 0.428571 0.428571 0.428571 0.428571 0.428571 0.428571 0.428571 0.428571 0.428571 0.428571 0.428571 0.428571 0.428571 0.428571 0.428571 0.427857 0.426429 0.425714 0.423571 0.415 0.4 0.372143 0.355714 0.353571 0.349286 0.341429 0.327143 0.298571 0.285714 0.285714 0.285714 0.285714 0.285714 0.285714 0.285714 0.285714 0.285714 0.285714 0.285714 0.285714 0.285714 0.285714 0.285714 0.285714 0.285714 0.285714 0.285714 0.285714 0.285714 0.285714 0.285714 0.285714 0.285714 0.285714 0.285714 0.285714 0.285714 0.285714 0.285714 0.285714 0.285714 0.285714 0.285714 0.285714 0.285714 0.285714 0.285714 0.285714 0.285714 0.285714 0.285714 0.285714 0.285714 0.285714 0.285714 0.284286 0.281429 0.276429 0.265714 </average_training_error>
				<best_validation_error>-1</best_validation_error>
				<test_error>-1</test_error>
				<best_training_num_incorrect>0.000000 0.000000 0.000000 0.000000 0.000000 0.000000 0.000000 0.000000 0.000000 0.000000 0.000000 0.000000 0.000000 0.000000 0.000000 0.000000 0.000000 0.000000 0.000000 0.000000 0.000000 0.000000 0.000000 0.000000 0.000000 0.000000 0.000000 0.000000 0.000000 0.000000 0.000000 0.000000 0.000000 0.000000 0.000000 0.000000 0.000000 0.000000 0.000000 0.000000 0.000000 0.000000 0.000000 0.000000 0.000000 0.000000 0.000000 0.000000 0.000000 0.000000 0.000000 0.000000 0.000000 0.000000 0.000000 0.000000 0.000000 0.000000 0.000000 0.000000 0.000000 0.000000 0.000000 0.000000 0.000000 0.000000 0.000000 0.000000 0.000000 0.000000 0.000000 0.000000 0.000000 0.000000 0.000000 0.000000 0.000000 0.000000 0.000000 0.000000 0.000000 0.000000 0.000000 0.000000 0.000000 0.000000 0.000000 0.000000 0.000000 0.000000 0.000000 0.000000 0.000000 0.000000 0.000000 0.000000 0.000000 0.000000 0.000000 0.000000 0.000000 0.000000 0.000000 0.000000 0.000000 0.000000 0.000000 0.000000 0.000000 0.000000 0.000000 0.000000 0.000000 0.000000 0.000000 0.000000 0.000000 0.000000 0.000000 0.000000 0.000000 0.000000 0.000000 0.000000 0.000000 0.000000 0.000000 0.000000 0.000000 0.000000 0.000000 0.000000 0.000000 0.000000 0.000000 0.000000 0.000000 0.000000 0.000000 0.000000 0.000000 0.000000 0.000000 0.000000 0.000000 0.000000 0.000000 0.000000 0.000000 0.000000 0.000000 0.000000 0.000000 0.000000 0.000000 0.000000 0.000000 0.000000 0.000000 0.000000 0.000000 0.000000 0.000000 0.000000 0.000000 0.000000 0.000000 0.000000 0.000000 0.000000 0.000000 0.000000 0.000000 0.000000 0.000000 0.000000 0.000000 0.000000 0.000000 0.000000 0.000000 0.000000 0.000000 0.000000 0.000000 0.000000 0.000000 0.000000 0.000000 0.000000 0.000000 0.000000 0.000000 0.000000 0.000000 0.000000 0.000000 0.000000 0.000000 0.000000 </best_training_num_incorrect>
				<average_training_num_incorrect>0.000000 0.000000 0.000000 0.000000 0.000000 0.000000 0.000000 0.000000 0.000000 0.000000 0.000000 0.000000 0.000000 0.000000 0.000000 0.000000 0.000000 0.000000 0.000000 0.000000 0.000000 0.000000 0.000000 0.000000 0.000000 0.000000 0.000000 0.000000 0.000000 0.000000 0.000000 0.000000 0.000000 0.000000 0.000000 0.000000 0.000000 0.000000 0.000000 0.000000 0.000000 0.000000 0.000000 0.000000 0.000000 0.000000 0.000000 0.000000 0.000000 0.000000 0.000000 0.000000 0.000000 0.000000 0.000000 0.000000 0.000000 0.000000 0.000000 0.000000 0.000000 0.000000 0.000000 0.000000 0.000000 0.000000 0.000000 0.000000 0.000000 0.000000 0.000000 0.000000 0.000000 0.000000 0.000000 0.000000 0.000000 0.000000 0.000000 0.000000 0.000000 0.000000 0.000000 0.000000 0.000000 0.000000 0.000000 0.000000 0.000000 0.000000 0.000000 0.000000 0.000000 0.000000 0.000000 0.000000 0.000000 0.000000 0.000000 0.000000 0.000000 0.000000 0.000000 0.000000 0.000000 0.000000 0.000000 0.000000 0.000000 0.000000 0.000000 0.000000 0.000000 0.000000 0.000000 0.000000 0.000000 0.000000 0.000000 0.000000 0.000000 0.000000 0.000000 0.000000 0.000000 0.000000 0.000000 0.000000 0.000000 0.000000 0.000000 0.000000 0.000000 0.000000 0.000000 0.000000 0.000000 0.000000 0.000000 0.000000 0.000000 0.000000 0.000000 0.000000 0.000000 0.000000 0.000000 0.000000 0.000000 0.000000 0.000000 0.000000 0.000000 0.000000 0.000000 0.000000 0.000000 0.000000 0.000000 0.000000 0.000000 0.000000 0.000000 0.000000 0.000000 0.000000 0.000000 0.000000 0.000000 0.000000 0.000000 0.000000 0.000000 0.000000 0.000000 0.000000 0.000000 0.000000 0.000000 0.000000 0.000000 0.000000 0.000000 0.000000 0.000000 0.000000 0.000000 0.000000 0.000000 0.000000 0.000000 0.000000 0.000000 0.000000 0.000000 0.000000 0.000000 0.000000 0.000000 0.000000 </average_training_num_incorrect>
				<best_validation_num_incorrect>-1</best_validation_num_incorrect>
				<test_num_incorrect>-1</test_num_incorrect>
				<last_generation>199</last_generation>
				<num_generations>200</num_generations>
				<program>
					<code_length>50</code_length>
					<num_variables>3</num_variables>
					<num_outputs>1</num_outputs>
					<problem_type>3</problem_type>
					<data_type>2</data_type>
					<error_measure>0</error_measure>
					<code>
						<i>0</i>
						<i>4294967292 0 0 0 0</i>
						<i>4294967264 0 0 0 0</i>
						<i>4294967295 1 1 1 1</i>
						<i>4294967270 1 3 3 0</i>
						<i>2</i>
						<i>4294967295 2 4 3 4</i>
						<i>4294967292 3 0 4 2</i>
						<i>4294967293 6 3 5 6</i>
						<i>1</i>
						<i>5</i>
						<i>4294967270 7 4 1 3</i>
						<i>2</i>
						<i>4294967294 8 5 10 2</i>
						<i>4294967264 0 0 7 4</i>
						<i>4294967294 6 8 4 9</i>
						<i>0</i>
						<i>4294967294 8 2 13 7</i>
						<i>4294967270 2 13 11 2</i>
						<i>2</i>
						<i>4294967270 4 19 11 3</i>
						<i>1</i>
						<i>4294967270 20 18 19 19</i>
						<i>4294967293 12 0 2 6</i>
						<i>4294967264 18 19 23 2</i>
						<i>4294967295 5 8 16 12</i>
						<i>2</i>
						<i>4294967294 25 10 7 26</i>
						<i>4294967292 8 20 18 3</i>
						<i>2</i>
						<i>2</i>
						<i>4294967293 7 6 16 20</i>
						<i>4294967264 8 15 30 20</i>
						<i>4294967270 5 11 28 22</i>
						<i>6</i>
						<i>2</i>
						<i>2</i>
						<i>4294967264 23 22 18 14</i>
						<i>4294967264 18 5 2 2</i>
						<i>1</i>
						<i>4294967295 20 0 28 39</i>
						<i>4294967264 30 34 35 17</i>
						<i>4294967295 20 24 21 37</i>
						<i>0</i>
						<i>1</i>
						<i>4294967264 1 1 37 13</i>
						<i>4294967295 8 8 21 7</i>
						<i>4294967295 37 38 27 19</i>
						<i>2</i>
						<i>4294967295 44 35 14 3</i>
					</code>
					<best_genes>42 </best_genes>
					<max_index_best_genes>42</max_index_best_genes>
					<error>0.142857</error>
					<num_incorrectly_classified>0.000000</num_incorrectly_classified>
					<binary_classification_threshold>0</binary_classification_threshold>
					<num_constants>5</num_constants>
					<constants>78 33 2 43 28 </constants>
					<num_classes>0</num_classes>
				</program>
			</run>
			<run>
				<running_time>0.061747</running_time>
				<best_training_error>0.714286 0.714286 0.714286 0.714286 0.714286 0.714286 0.714286 0.714286 0.571429 0.571429 0.571429 0.571429 0.142857 0.142857 0.142857 0.142857 0.142857 0.142857 0.142857 0.142857 0.142857 0.142857 0.142857 0.142857 0.142857 0.142857 0.142857 0.142857 0.142857 0.142857 0.142857 0.142857 0.142857 0.142857 0.142857 0.142857 0.142857 0.142857 0.142857 0.142857 0.142857 0.142857 0.142857 0.142857 0 0 0 0 0 0 0 0 0 0 0 0 0 0 0 0 0 0 0 0 0 0 0 0 0 0 0 0 0 0 0 0 0 0 0 0 0 0 0 0 0 0 0 0 0 0 0 0 0 0 0 0 0 0 0 0 0 0 0 0 0 0 0 0 0 0 0 0 0 0 0 0 0 0 0 0 0 0 0 0 0 0 0 0 0 0 0 0 0 0 0 0 0 0 0 0 0 0 0 0 0 0 0 0 0 0 0 0 0 0 0 0 0 0 0 0 0 0 0 0 0 0 0 0 0 0 0 0 0 0 0 0 0 0 0 0 0 0 0 0 0 0 0 0 0 0 0 0 0 0 0 0 0 0 0 0 </best_training_error>
				<average_training_error>1.11 1.04286 0.941429 0.867857 0.853571 0.852143 0.848571 0.84 0.833571 0.821429 0.805 0.782857 0.757857 0.745714 0.72 0.672143 0.604286 0.462857 0.360714 0.325 0.26 0.182143 0.142857 0.142857 0.142857 0.142857 0.142857 0.142857 0.142857 0.142857 0.142857 0.142857 0.142857 0.142857 0.142857 0.142857 0.142857 0.142857 0.142857 0.142857 0.142857 0.142857 0.142857 0.142857 0.140714 0.139286 0.137857 0.135714 0.130714 0.115 0.0914286 0.0678571 0.0585714 0.0478571 0.0264286 0 0 0 0 0 0 0 0 0 0 0 0 0 0 0 0 0 0 0 0 0 0 0 0 0 0 0 0 0 0 0 0 0 0 0 0 0 0 0 0 0 0 0 0 0 0 0 0 0 0 0 0 0 0 0 0 0 0 0 0 0 0 0 0 0 0 0 0 0 0 0 0 0 0 0 0 0 0 0 0 0 0 0 0 0 0 0 0 0 0 0 0 0 0 0 0 0 0 0 0 0 0 0 0 0 0 0 0 0 0 0 0 0 0 0 0 0 0 0 0 0 0 0 0 0 0 0 0 0 0 0 0 0 0 0 0 0 0 0 0 0 0 0 0 0 </average_training_error>
				<best_validation_error>-1</best_validation_error>
				<test_error>-1</test_error>
				<best_training_num_incorrect>0.000000 0.000000 0.000000 0.000000 0.000000 0.000000 0.000000 0.000000 0.000000 0.000000 0.000000 0.000000 0.000000 0.000000 0.000000 0.000000 0.000000 0.000000 0.000000 0.000000 0.000000 0.000000 0.000000 0.000000 0.000000 0.000000 0.000000 0.000000 0.000000 0.000000 0.000000 0.000000 0.000000 0.000000 0.000000 0.000000 0.000000 0.000000 0.000000 0.000000 0.000000 0.000000 0.000000 0.000000 0.000000 0.000000 0.000000 0.000000 0.000000 0.000000 0.000000 0.000000 0.000000 0.000000 0.000000 0.000000 0.000000 0.000000 0.000000 0.000000 0.000000 0.000000 0.000000 0.000000 0.000000 0.000000 0.000000 0.000000 0.000000 0.000000 0.000000 0.000000 0.000000 0.000000 0.000000 0.000000 0.000000 0.000000 0.000000 0.000000 0.000000 0.000000 0.000000 0.000000 0.000000 0.000000 0.000000 0.000000 0.000000 0.000000 0.000000 0.000000 0.000000 0.000000 0.000000 0.000000 0.000000 0.000000 0.000000 0.000000 0.000000 0.000000 0.000000 0.000000 0.000000 0.000000 0.000000 0.000000 0.000000 0.000000 0.000000 0.000000 0.000000 0.000000 0.000000 0.000000 0.000000 0.000000 0.000000 0.000000 0.000000 0.000000 0.000000 0.000000 0.000000 0.000000 0.000000 0.000000 0.000000 0.000000 0.000000 0.000000 0.000000 0.000000 0.000000 0.000000 0.000000 0.000000 0.000000 0.000000 0.000000 0.000000 0.000000 0.000000 0.000000 0.000000 0.000000 0.000000 0.000000 0.000000 0.000000 0.000000 0.000000 0.000000 0.000000 0.000000 0.000000 0.000000 0.000000 0.000000 0.000000 0.000000 0.000000 0.000000 0.000000 0.000000 0.000000 0.000000 0.000000 0.000000 0.000000 0.000000 0.000000 0.000000 0.000000 0.000000 0.000000 0.000000 0.000000 0.000000 0.000000 0.000000 0.000000 0.000000 0.000000 0.000000 0.000000 0.000000 0.000000 0.000000 0.000000 0.000000 0.000000 0.000000 0.000000 0.000000 0.000000 0.000000 0.000000 0.000000 </best_training_num_incorrect>
				<average_training_num_incorrect>0.000000 0.000000 0.000000 0.000000 0.000000 0.000000 0.000000 0.000000 0.000000 0.000000 0.000000 0.000000 0.000000 0.000000 0.000000 0.000000 0.000000 0.000000 0.000000 0.000000 0.000000 0.000000 0.000000 0.000000 0.000000 0.000000 0.000000 0.000000 0.000000 0.000000 0.000000 0.000000 0.000000 0.000000 0.000000 0.000000 0.000000 0.000000 0.000000 0.000000 0.000000 0.000000 0.000000 0.000000 0.000000 0.000000 0.000000 0.000000 0.000000 0.000000 0.000000 0.000000 0.000000 0.000000 0.000000 0.000000 0.000000 0.000000 0.000000 0.000000 0.000000 0.000000 0.000000 0.000000 0.000000 0.000000 0.000000 0.000000 0.000000 0.000000 0.000000 0.000000 0.000000 0.000000 0.000000 0.000000 0.000000 0.000000 0.000000 0.000000 0.000000 0.000000 0.000000 0.000000 0.000000 0.000000 0.000000 0.000000 0.000000 0.000000 0.000000 0.000000 0.000000 0.000000 0.000000 0.000000 0.000000 0.000000 0.000000 0.000000 0.000000 0.000000 0.000000 0.000000 0.000000 0.000000 0.000000 0.000000 0.000000 0.000000 0.000000 0.000000 0.000000 0.000000 0.000000 0.000000 0.000000 0.000000 0.000000 0.000000 0.000000 0.000000 0.000000 0.000000 0.000000 0.000000 0.000000 0.000000 0.000000 0.000000 0.000000 0.000000 0.000000 0.000000 0.000000 0.000000 0.000000 0.000000 0.000000 0.000000 0.000000 0.000000 0.000000 0.000000 0.000000 0.000000 0.000000 0.000000 0.000000 0.000000 0.000000 0.000000 0.000000 0.000000 0.000000 0.000000 0.000000 0.000000 0.000000 0.000000 0.000000 0.000000 0.000000 0.000000 0.000000 0.000000 0.000000 0.000000 0.000000 0.000000 0.000000 0.000000 0.000000 0.000000 0.000000 0.000000 0.000000 0.000000 0.000000 0.000000 0.000000 0.000000 0.000000 0.000000 0.000000 0.000000 0.000000 0.000000 0.000000 0.000000 0.000000 0.000000 0.000000 0.000000 0.000000 0.000000 0.000000 0.000000 0.000000 0.000000 </average_training_num_incorrect>
				<best_validation_num_incorrect>-1</best_validation_num_incorrect>
				<test_num_incorrect>-1</test_num_incorrect>
				<last_generation>199</last_generation>
				<num_generations>200</num_generations>
				<program>
					<code_length>50</code_length>
					<num_variables>3</num_variables>
					<num_outputs>1</num_outputs>
					<problem_type>3</problem_type>
					<data_type>2</data_type>
					<error_measure>0</error_measure>
					<code>
						<i>1</i>
						<i>4294967293 0 0 0 0</i>
						<i>4294967294 0 0 0 0</i>
						<i>2</i>
						<i>4294967270 0 0 2 3</i>
						<i>2</i>
						<i>2</i>
						<i>4294967270 3 0 4 4</i>
						<i>0</i>
						<i>3</i>
						<i>4294967295 1 0 2 7</i>
						<i>0</i>
						<i>2</i>
						<i>1</i>
						<i>2</i>
						<i>4294967270 11 12 2 9</i>
						<i>4294967294 0 0 13 10</i>
						<i>4294967295 5 3 16 6</i>
						<i>4294967270 10 4 2 2</i>
						<i>4294967295 3 9 4 11</i>
						<i>4294967264 2 1 19 5</i>
						<i>4294967294 15 2 11 12</i>
						<i>4294967264 1 17 9 6</i>
						<i>4294967294 5 6 16 9</i>
						<i>2</i>
						<i>4294967270 21 2 15 22</i>
						<i>0</i>
						<i>4294967295 15 25 9 2</i>
						<i>4294967295 8 25 2 10</i>
						<i>5</i>
						<i>0</i>
						<i>4294967270 22 13 6 5</i>
						<i>4294967294 26 14 19 21</i>
						<i>2</i>
						<i>3</i>
						<i>4294967294 12 2 17 22</i>
						<i>0</i>
						<i>4294967264 32 12 4 9</i>
						<i>4294967295 36 30 35 35</i>
						<i>4294967293 17 17 15 1</i>
						<i>5</i>
						<i>7</i>
						<i>0</i>
						<i>4294967270 16 26 0 26</i>
						<i>4294967270 8 41 34 41</i>
						<i>4294967295 6 4 36 7</i>
						<i>4294967295 3 22 3 9</i>
						<i>6</i>
						<i>0</i>
						<i>4294967293 47 14 37 29</i>
					</code>
					<best_genes>27 </best_genes>
					<max_index_best_genes>27</max_index_best_genes>
					<error>0</error>
					<num_incorrectly_classified>0.000000</num_incorrectly_classified>
					<binary_classification_threshold>0</binary_classification_threshold>
					<num_constants>5</num_constants>
					<constants>2 16 34 80 60 </constants>
					<num_classes>0</num_classes>
				</program>
			</run>
			<run>
				<running_time>0.063795</running_time>
				<best_training_error>0.714286 0.714286 0.571429 0.571429 0.571429 0.571429 0.428571 0.428571 0.428571 0.428571 0.428571 0.428571 0.428571 0.428571 0.428571 0.428571 0.428571 0.428571 0.285714 0.285714 0.285714 0.285714 0.285714 0.285714 0.285714 0.285714 0.285714 0.285714 0.285714 0.285714 0.285714 0.285714 0.285714 0.285714 0.285714 0.285714 0.285714 0.285714 0.285714 0.285714 0.285714 0.285714 0.285714 0.285714 0.285714 0.285714 0.285714 0.285714 0.285714 0.285714 0.285714 0.285714 0.285714 0.285714 0.285714 0.285714 0.285714 0.285714 0.285714 0.285714 0.285714 0.285714 0.285714 0.285714 0.285714 0.285714 0.285714 0.285714 0.285714 0.285714 0.285714 0.285714 0.285714 0.285714 0.285714 0.285714 0.285714 0.285714 0.285714 0.285714 0.285714 0.285714 0.285714 0.285714 0.285714 0.285714 0.285714 0.285714 0.285714 0.285714 0.285714 0.285714 0.285714 0.285714 0.285714 0.285714 0.285714 0.285714 0.285714 0.285714 0.285714 0.285714 0.285714 0.285714 0.285714 0.285714 0.285714 0.285714 0.285714 0.285714 0.285714 0.285714 0.285714 0.285714 0.285714 0.285714 0.285714 0.285714 0.285714 0.285714 0.285714 0.285714 0.285714 0.285714 0.285714 0.285714 0.285714 0.285714 0.285714 0.285714 0.285714 0.285714 0.285714 0.285714 0.285714 0.285714 0.285714 0.285714 0.285714 0.285714 0.285714 0.285714 0.285714 0.285714 0.285714 0.285714 0.285714 0.285714 0.285714 0.285714 0.285714 0.285714 0.285714 0.285714 0.285714 0.285714 0.285714 0.285714 0.285714 0.285714 0.285714 0.285714 0.285714 0.285714 0.285714 0.285714 0.285714 0.285714 0.285714 0.285714 0.285714 0.285714 0.285714 0.285714 0.285714 0.285714 0.285714 0.285714 0.285714 0.285714 0.285714 0.285714 0.285714 0.285714 0.285714 0.285714 0.285714 0.285714 0.285714 0.285714 0.285714 0.285714 0.285714 0.285714 0.285714 0.285714 0.285714 0.285714 0.285714 0.285714 </best_training_error>
				<average_training_error>1.09357 1.01286 0.9 0.851429 0.847143 0.846429 0.838571 0.827857 0.807143 0.787857 0.722857 0.637857 0.58 0.565 0.558571 0.545714 0.523571 0.476429 0.430714 0.427857 0.427857 0.427857 0.427857 0.424286 0.418571 0.407143 0.382143 0.35 0.344286 0.332143 0.306429 0.285714 0.285714 0.285714 0.285714 0.285714 0.285714 0.285714 0.285714 0.285714 0.285714 0.285714 0.285714 0.285714 0.285714 0.285714 0.285714 0.285714 0.285714 0.285714 0.285714 0.285714 0.285714 0.285714 0.285714 0.285714 0.285714 0.285714 0.285714 0.285714 0.285714 0.285714 0.285714 0.285714 0.285714 0.285714 0.285714 0.285714 0.285714 0.285714 0.285714 0.285714 0.285714 0.285714 0.285714 0.285714 0.285714 0.285714 0.285714 0.285714 0.285714 0.285714 0.285714 0.285714 0.285714 0.285714 0.285714 0.285714 0.285714 0.285714 0.285714 0.285714 0.285714 0.285714 0.285714 0.285714 0.285714 0.285714 0.285714 0.285714 0.285714 0.285714 0.285714 0.285714 0.285714 0.285714 0.285714 0.285714 0.285714 0.285714 0.285714 0.285714 0.285714 0.285714 0.285714 0.285714 0.285714 0.285714 0.285714 0.285714 0.285714 0.285714 0.285714 0.285714 0.285714 0.285714 0.285714 0.285714 0.285714 0.285714 0.285714 0.285714 0.285714 0.285714 0.285714 0.285714 0.285714 0.285714 0.285714 0.285714 0.285714 0.285714 0.285714 0.285714 0.285714 0.285714 0.285714 0.285714 0.285714 0.285714 0.285714 0.285714 0.285714 0.285714 0.285714 0.285714 0.285714 0.285714 0.285714 0.285714 0.285714 0.285714 0.285714 0.285714 0.285714 0.285714 0.285714 0.285714 0.285714 0.285714 0.285714 0.285714 0.285714 0.285714 0.285714 0.285714 0.285714 0.285714 0.285714 0.285714 0.285714 0.285714 0.285714 0.285714 0.285714 0.285714 0.285714 0.285714 0.285714 0.285714 0.285714 0.285714 0.285714 0.285714 0.285714 0.285714 0.285714 0.285714 0.285714 0.285714 </average_training_error>
				<best_validation_error>-1</best_validation_error>
				<test_error>-1</test_error>
				<best_training_num_incorrect>0.000000 0.000000 0.000000 0.000000 0.000000 0.000000 0.000000 0.000000 0.000000 0.000000 0.000000 0.000000 0.000000 0.000000 0.000000 0.000000 0.000000 0.000000 0.000000 0.000000 0.000000 0.000000 0.000000 0.000000 0.000000 0.000000 0.000000 0.000000 0.000000 0.000000 0.000000 0.000000 0.000000 0.000000 0.000000 0.000000 0.000000 0.000000 0.000000 0.000000 0.000000 0.000000 0.000000 0.000000 0.000000 0.000000 0.000000 0.000000 0.000000 0.000000 0.000000 0.000000 0.000000 0.000000 0.000000 0.000000 0.000000 0.000000 0.000000 0.000000 0.000000 0.000000 0.000000 0.000000 0.000000 0.000000 0.000000 0.000000 0.000000 0.000000 0.000000 0.000000 0.000000 0.000000 0.000000 0.000000 0.000000 0.000000 0.000000 0.000000 0.000000 0.000000 0.000000 0.000000 0.000000 0.000000 0.000000 0.000000 0.000000 0.000000 0.000000 0.000000 0.000000 0.000000 0.000000 0.000000 0.000000 0.000000 0.000000 0.000000 0.000000 0.000000 0.000000 0.000000 0.000000 0.000000 0.000000 0.000000 0.000000 0.000000 0.000000 0.000000 0.000000 0.000000 0.000000 0.000000 0.000000 0.000000 0.000000 0.000000 0.000000 0.000000 0.000000 0.000000 0.000000 0.000000 0.000000 0.000000 0.000000 0.000000 0.000000 0.000000 0.000000 0.000000 0.000000 0.000000 0.000000 0.000000 0.000000 0.000000 0.000000 0.000000 0.000000 0.000000 0.000000 0.000000 0.000000 0.000000 0.000000 0.000000 0.000000 0.000000 0.000000 0.000000 0.000000 0.000000 0.000000 0.000000 0.000000 0.000000 0.000000 0.000000 0.000000 0.000000 0.000000 0.000000 0.000000 0.000000 0.000000 0.000000 0.000000 0.000000 0.000000 0.000000 0.000000 0.000000 0.000000 0.000000 0.000000 0.000000 0.000000 0.000000 0.000000 0.000000 0.000000 0.000000 0.000000 0.000000 0.000000 0.000000 0.000000 0.000000 0.000000 0.000000 0.000000 0.000000 0.000000 0.000000 0.000000 0.000000 </best_training_num_incorrect>
				<average_training_num_incorrect>0.000000 0.000000 0.000000 0.000000 0.000000 0.000000 0.000000 0.000000 0.000000 0.000000 0.000000 0.000000 0.000000 0.000000 0.000000 0.000000 0.000000 0.000000 0.000000 0.000000 0.000000 0.000000 0.000000 0.000000 0.000000 0.000000 0.000000 0.000000 0.000000 0.000000 0.000000 0.000000 0.000000 0.000000 0.000000 0.000000 0.000000 0.000000 0.000000 0.000000 0.000000 0.000000 0.000000 0.000000 0.000000 0.000000 0.000000 0.000000 0.000000 0.000000 0.000000 0.000000 0.000000 0.000000 0.000000 0.000000 0.000000 0.000000 0.000000 0.000000 0.000000 0.000000 0.000000 0.000000 0.000000 0.000000 0.000000 0.000000 0.000000 0.000000 0.000000 0.000000 0.000000 0.000000 0.000000 0.000000 0.000000 0.000000 0.000000 0.000000 0.000000 0.000000 0.000000 0.000000 0.000000 0.000000 0.000000 0.000000 0.000000 0.000000 0.000000 0.000000 0.000000 0.000000 0.000000 0.000000 0.000000 0.000000 0.000000 0.000000 0.000000 0.000000 0.000000 0.000000 0.000000 0.000000 0.000000 0.000000 0.000000 0.000000 0.000000 0.000000 0.000000 0.000000 0.000000 0.000000 0.000000 0.000000 0.000000 0.000000 0.000000 0.000000 0.000000 0.000000 0.000000 0.000000 0.000000 0.000000 0.000000 0.000000 0.000000 0.000000 0.000000 0.000000 0.000000 0.000000 0.000000 0.000000 0.000000 0.000000 0.000000 0.000000 0.000000 0.000000 0.000000 0.000000 0.000000 0.000000 0.000000 0.000000 0.000000 0.000000 0.000000 0.000000 0.000000 0.000000 0.000000 0.000000 0.000000 0.000000 0.000000 0.000000 0.000000 0.000000 0.000000 0.000000 0.000000 0.000000 0.000000 0.000000 0.000000 0.000000 0.000000 0.000000 0.000000 0.000000 0.000000 0.000000 0.000000 0.000000 0.000000 0.000000 0.000000 0.000000 0.000000 0.000000 0.000000 0.000000 0.000000 0.000000 0.000000 0.000000 0.000000 0.000000 0.000000 0.000000 0.000000 0.000000 0.000000 0.000000 </average_training_num_incorrect>
				<best_validation_num_incorrect>-1</best_validation_num_incorrect>
				<test_num_incorrect>-1</test_num_incorrect>
				<last_generation>199</last_generation>
				<num_generations>200</num_generations>
				<program>
					<code_length>50</code_length>
					<num_variables>3</num_variables>
					<num_outputs>1</num_outputs>
					<problem_type>3</problem_type>
					<data_type>2</data_type>
					<error_measure>0</error_measure>
					<code>
						<i>2</i>
						<i>4294967292 0 0 0 0</i>
						<i>4294967270 0 1 1 1</i>
						<i>4294967292 0 1 1 1</i>
						<i>4294967295 1 3 0 1</i>
						<i>4294967270 2 2 3 1</i>
						<i>3</i>
						<i>0</i>
						<i>4294967292 2 1 4 7</i>
						<i>1</i>
						<i>4294967294 9 0 3 4</i>
						<i>0</i>
						<i>2</i>
						<i>4294967292 11 3 3 12</i>
						<i>4294967270 7 0 8 4</i>
						<i>1</i>
						<i>2</i>
						<i>0</i>
						<i>4294967270 14 15 6 7</i>
						<i>4294967292 18 1 15 14</i>
						<i>1</i>
						<i>6</i>
						<i>2</i>
						<i>4294967293 12 13 22 1</i>
						<i>4294967264 14 19 21 7</i>
						<i>4294967270 14 17 11 6</i>
						<i>4294967295 1 23 12 17</i>
						<i>4294967294 17 11 24 25</i>
						<i>2</i>
						<i>4294967270 21 24 1 6</i>
						<i>1</i>
						<i>0</i>
						<i>4294967295 8 18 2 6</i>
						<i>4294967292 4 16 10 4</i>
						<i>0</i>
						<i>4294967270 32 10 15 3</i>
						<i>4294967293 15 7 19 23</i>
						<i>0</i>
						<i>4294967264 32 6 26 1</i>
						<i>0</i>
						<i>1</i>
						<i>4294967295 9 15 32 2</i>
						<i>7</i>
						<i>4294967293 34 32 4 39</i>
						<i>2</i>
						<i>4294967293 33 12 30 2</i>
						<i>4</i>
						<i>4</i>
						<i>2</i>
						<i>4294967264 4 25 35 26</i>
					</code>
					<best_genes>49 </best_genes>
					<max_index_best_genes>49</max_index_best_genes>
					<error>0.285714</error>
					<num_incorrectly_classified>0.000000</num_incorrectly_classified>
					<binary_classification_threshold>0</binary_classification_threshold>
					<num_constants>5</num_constants>
					<constants>49 77 28 64 82 </constants>
					<num_classes>0</num_classes>
				</program>
			</run>
			<run>
				<running_time>0.065293</running_time>
				<best_training_error>0.857143 0.857143 0.571429 0.571429 0.571429 0.571429 0.571429 0.571429 0.571429 0.571429 0.571429 0.571429 0.571429 0.571429 0.571429 0.428571 0.428571 0.428571 0.428571 0.428571 0.428571 0.428571 0.428571 0.428571 0.428571 0.428571 0.428571 0.428571 0.428571 0.428571 0.428571 0.428571 0.428571 0.428571 0.428571 0.428571 0.428571 0.428571 0.428571 0.428571 0.428571 0.428571 0.428571 0.428571 0.428571 0.428571 0.428571 0.428571 0.428571 0.428571 0.428571 0.428571 0.428571 0.428571 0.428571 0.428571 0.428571 0.428571 0.428571 0.428571 0.428571 0.428571 0.428571 0.428571 0.428571 0.428571 0.428571 0.428571 0.428571 0.428571 0.428571 0.428571 0.428571 0.428571 0.428571 0.428571 0.428571 0.428571 0.428571 0.428571 0.428571 0.428571 0.428571 0.428571 0.428571 0.428571 0.428571 0.428571 0.428571 0.428571 0.428571 0.428571 0.428571 0.428571 0.428571 0.428571 0.428571 0.428571 0.428571 0.428571 0.428571 0.428571 0.428571 0.428571 0.428571 0.428571 0.428571 0.428571 0.428571 0.428571 0.428571 0.428571 0.428571 0.428571 0.428571 0.428571 0.428571 0.428571 0.428571 0.428571 0.428571 0.428571 0.428571 0.428571 0.428571 0.428571 0.428571 0.428571 0.428571 0.142857 0.142857 0.142857 0.142857 0.142857 0.142857 0.142857 0.142857 0.142857 0.142857 0.142857 0.142857 0.142857 0 0 0 0 0 0 0 0 0 0 0 0 0 0 0 0 0 0 0 0 0 0 0 0 0 0 0 0 0 0 0 0 0 0 0 0 0 0 0 0 0 0 0 0 0 0 0 0 0 0 0 0 0 0 0 0 0 0 </best_training_error>
				<average_training_error>1.10214 1.03786 0.925 0.854286 0.852143 0.850714 0.849286 0.844286 0.836429 0.825714 0.801429 0.774286 0.750714 0.736429 0.718571 0.688571 0.646429 0.629286 0.615714 0.587857 0.547143 0.524286 0.488571 0.47 0.44 0.428571 0.428571 0.428571 0.428571 0.428571 0.428571 0.428571 0.428571 0.428571 0.428571 0.428571 0.428571 0.428571 0.428571 0.428571 0.428571 0.428571 0.428571 0.428571 0.428571 0.428571 0.428571 0.428571 0.428571 0.428571 0.428571 0.428571 0.428571 0.428571 0.428571 0.428571 0.428571 0.428571 0.428571 0.428571 0.428571 0.428571 0.428571 0.428571 0.428571 0.428571 0.428571 0.428571 0.428571 0.428571 0.428571 0.428571 0.428571 0.428571 0.428571 0.428571 0.428571 0.428571 0.428571 0.428571 0.428571 0.428571 0.428571 0.428571 0.428571 0.428571 0.428571 0.428571 0.428571 0.428571 0.428571 0.428571 0.428571 0.428571 0.428571 0.428571 0.428571 0.428571 0.428571 0.428571 0.428571 0.428571 0.428571 0.428571 0.428571 0.428571 0.428571 0.428571 0.428571 0.428571 0.428571 0.428571 0.428571 0.428571 0.428571 0.428571 0.428571 0.428571 0.428571 0.428571 0.428571 0.428571 0.428571 0.428571 0.428571 0.428571 0.428571 0.428571 0.428571 0.425714 0.421429 0.41 0.39 0.344286 0.281429 0.275714 0.264286 0.245714 0.21 0.165 0.142857 0.142857 0.142143 0.141429 0.139286 0.132857 0.115 0.0821429 0.0592857 0.0364286 0.01 0 0 0 0 0 0 0 0 0 0 0 0 0 0 0 0 0 0 0 0 0 0 0 0 0 0 0 0 0 0 0 0 0 0 0 0 0 0 0 0 0 0 0 0 0 0 0 0 0 </average_training_error>
				<best_validation_error>-1</best_validation_error>
				<test_error>-1</test_error>
				<best_training_num_incorrect>0.000000 0.000000 0.000000 0.000000 0.000000 0.000000 0.000000 0.000000 0.000000 0.000000 0.000000 0.000000 0.000000 0.000000 0.000000 0.000000 0.000000 0.000000 0.000000 0.000000 0.000000 0.000000 0.000000 0.000000 0.000000 0.000000 0.000000 0.000000 0.000000 0.000000 0.000000 0.000000 0.000000 0.000000 0.000000 0.000000 0.000000 0.000000 0.000000 0.000000 0.000000 0.000000 0.000000 0.000000 0.000000 0.000000 0.000000 0.000000 0.000000 0.000000 0.000000 0.000000 0.000000 0.000000 0.000000 0.000000 0.000000 0.000000 0.000000 0.000000 0.000000 0.000000 0.000000 0.000000 0.000000 0.000000 0.000000 0.000000 0.000000 0.000000 0.000000 0.000000 0.000000 0.000000 0.000000 0.000000 0.000000 0.000000 0.000000 0.000000 0.000000 0.000000 0.000000 0.000000 0.000000 0.000000 0.000000 0.000000 0.000000 0.000000 0.000000 0.000000 0.000000 0.000000 0.000000 0.000000 0.000000 0.000000 0.000000 0.000000 0.000000 0.000000 0.000000 0.000000 0.000000 0.000000 0.000000 0.000000 0.000000 0.000000 0.000000 0.000000 0.000000 0.000000 0.000000 0.000000 0.000000 0.000000 0.000000 0.000000 0.000000 0.000000 0.000000 0.000000 0.000000 0.000000 0.000000 0.000000 0.000000 0.000000 0.000000 0.000000 0.000000 0.000000 0.000000 0.000000 0.000000 0.000000 0.000000 0.000000 0.000000 0.000000 0.000000 0.000000 0.000000 0.000000 0.000000 0.000000 0.000000 0.000000 0.000000 0.000000 0.000000 0.000000 0.000000 0.000000 0.000000 0.000000 0.000000 0.000000 0.000000 0.000000 0.000000 0.000000 0.000000 0.000000 0.000000 0.000000 0.000000 0.000000 0.000000 0.000000 0.000000 0.000000 0.000000 0.000000 0.000000 0.000000 0.000000 0.000000 0.000000 0.000000 0.000000 0.000000 0.000000 0.000000 0.000000 0.000000 0.000000 0.000000 0.000000 0.000000 0.000000 0.000000 0.000000 0.000000 0.000000 0.000000 0.000000 0.000000 </best_training_num_incorrect>
				<average_training_num_incorrect>0.000000 0.000000 0.000000 0.000000 0.000000 0.000000 0.000000 0.000000 0.000000 0.000000 0.000000 0.000000 0.000000 0.000000 0.000000 0.000000 0.000000 0.000000 0.000000 0.000000 0.000000 0.000000 0.000000 0.000000 0.000000 0.000000 0.000000 0.000000 0.000000 0.000000 0.000000 0.000000 0.000000 0.000000 0.000000 0.000000 0.000000 0.000000 0.000000 0.000000 0.000000 0.000000 0.000000 0.000000 0.000000 0.000000 0.000000 0.000000 0.000000 0.000000 0.000000 0.000000 0.000000 0.000000 0.000000 0.000000 0.000000 0.000000 0.000000 0.000000 0.000000 0.000000 0.000000 0.000000 0.000000 0.000000 0.000000 0.000000 0.000000 0.000000 0.000000 0.000000 0.000000 0.000000 0.000000 0.000000 0.000000 0.000000 0.000000 0.000000 0.000000 0.000000 0.000000 0.000000 0.000000 0.000000 0.000000 0.000000 0.000000 0.000000 0.000000 0.000000 0.000000 0.000000 0.000000 0.000000 0.000000 0.000000 0.000000 0.000000 0.000000 0.000000 0.000000 0.000000 0.000000 0.000000 0.000000 0.000000 0.000000 0.000000 0.000000 0.000000 0.000000 0.000000 0.000000 0.000000 0.000000 0.000000 0.000000 0.000000 0.000000 0.000000 0.000000 0.000000 0.000000 0.000000 0.000000 0.000000 0.000000 0.000000 0.000000 0.000000 0.000000 0.000000 0.000000 0.000000 0.000000 0.000000 0.000000 0.000000 0.000000 0.000000 0.000000 0.000000 0.000000 0.000000 0.000000 0.000000 0.000000 0.000000 0.000000 0.000000 0.000000 0.000000 0.000000 0.000000 0.000000 0.000000 0.000000 0.000000 0.000000 0.000000 0.000000 0.000000 0.000000 0.000000 0.000000 0.000000 0.000000 0.000000 0.000000 0.000000 0.000000 0.000000 0.000000 0.000000 0.000000 0.000000 0.000000 0.000000 0.000000 0.000000 0.000000 0.000000 0.000000 0.000000 0.000000 0.000000 0.000000 0.000000 0.000000 0.000000 0.000000 0.000000 0.000000 0.000000 0.000000 0.000000 0.000000 0.000000 </average_training_num_incorrect>
				<best_validation_num_incorrect>-1</best_validation_num_incorrect>
				<test_num_incorrect>-1</test_num_incorrect>
				<last_generation>199</last_generation>
				<num_generations>200</num_generations>
				<program>
					<code_length>50</code_length>
					<num_variables>3</num_variables>
					<num_outputs>1</num_outputs>
					<problem_type>3</problem_type>
					<data_type>2</data_type>
					<error_measure>0</error_measure>
					<code>
						<i>5</i>
						<i>3</i>
						<i>0</i>
						<i>4294967293 2 0 0 2</i>
						<i>4294967292 3 3 0 1</i>
						<i>4294967270 4 2 2 0</i>
						<i>2</i>
						<i>4294967293 5 1 3 6</i>
						<i>1</i>
						<i>0</i>
						<i>5</i>
						<i>2</i>
						<i>4294967264 3 6 4 6</i>
						<i>1</i>
						<i>3</i>
						<i>3</i>
						<i>4294967295 6 2 1 13</i>
						<i>4294967294 4 12 15 4</i>
						<i>4294967292 3 6 6 2</i>
						<i>4294967295 12 11 5 7</i>
						<i>4294967295 9 11 4 13</i>
						<i>4294967294 3 16 7 3</i>
						<i>4294967270 18 18 13 7</i>
						<i>2</i>
						<i>4294967294 4 22 23 10</i>
						<i>4294967270 18 9 24 7</i>
						<i>4294967294 21 23 1 16</i>
						<i>2</i>
						<i>4294967292 6 14 20 14</i>
						<i>4294967293 12 3 14 7</i>
						<i>1</i>
						<i>3</i>
						<i>1</i>
						<i>1</i>
						<i>4294967270 11 5 11 0</i>
						<i>4294967294 27 30 1 18</i>
						<i>4294967295 17 23 10 29</i>
						<i>2</i>
						<i>4294967294 2 12 28 9</i>
						<i>2</i>
						<i>4294967270 4 0 14 34</i>
						<i>4294967294 2 3 18 7</i>
						<i>1</i>
						<i>4294967295 2 19 13 21</i>
						<i>4294967270 6 19 18 36</i>
						<i>4294967270 36 3 15 35</i>
						<i>0</i>
						<i>4294967294 11 0 17 14</i>
						<i>4294967295 36 28 2 40</i>
						<i>2</i>
					</code>
					<best_genes>44 </best_genes>
					<max_index_best_genes>44</max_index_best_genes>
					<error>0</error>
					<num_incorrectly_classified>0.000000</num_incorrectly_classified>
					<binary_classification_threshold>0</binary_classification_threshold>
					<num_constants>5</num_constants>
					<constants>81 94 3 59 50 </constants>
					<num_classes>0</num_classes>
				</program>
			</run>
			<run>
				<running_time>0.05947</running_time>
				<best_training_error>0.857143 0.714286 0.714286 0.714286 0.571429 0.571429 0.571429 0.571429 0.571429 0.571429 0.571429 0.571429 0.571429 0.571429 0.571429 0.571429 0.571429 0.571429 0.571429 0.571429 0.571429 0.571429 0.571429 0.571429 0.571429 0.571429 0.428571 0.428571 0.428571 0.428571 0.428571 0.428571 0.428571 0.428571 0.428571 0.428571 0.428571 0.428571 0.428571 0.428571 0.428571 0.428571 0.428571 0.428571 0.428571 0.428571 0.428571 0.428571 0.428571 0.428571 0.428571 0.428571 0.428571 0.428571 0.428571 0.428571 0.428571 0.428571 0.428571 0.428571 0.428571 0.428571 0.428571 0.428571 0.428571 0.428571 0.428571 0.428571 0.428571 0.428571 0.428571 0.428571 0.428571 0.428571 0.428571 0.428571 0.428571 0.428571 0.428571 0.428571 0.428571 0.428571 0.428571 0.428571 0.428571 0.428571 0.428571 0.428571 0.428571 0.428571 0.428571 0.428571 0.428571 0.428571 0.428571 0.428571 0.428571 0.428571 0.428571 0.428571 0.428571 0.428571 0.428571 0.428571 0.428571 0.428571 0.428571 0.428571 0.428571 0.428571 0.428571 0.428571 0.428571 0.428571 0.428571 0.428571 0.428571 0.428571 0.428571 0.428571 0.428571 0.428571 0.428571 0.428571 0.428571 0.428571 0.428571 0.428571 0.428571 0.428571 0.428571 0.428571 0.428571 0.428571 0.428571 0.428571 0.428571 0.428571 0.428571 0.428571 0.428571 0.428571 0.428571 0.428571 0.428571 0.428571 0.428571 0.428571 0.428571 0.428571 0.428571 0.428571 0.428571 0.428571 0.428571 0.428571 0.428571 0.428571 0.428571 0.428571 0.428571 0.428571 0.428571 0.428571 0.428571 0.428571 0.428571 0.428571 0.428571 0.428571 0.428571 0.428571 0.428571 0.428571 0.428571 0.428571 0.428571 0.428571 0.428571 0.428571 0.428571 0.428571 0.428571 0.428571 0.428571 0.428571 0.428571 0.428571 0.428571 0.428571 0.428571 0.428571 0.428571 0.428571 0.428571 0.428571 0.428571 0.428571 0.428571 0.428571 </best_training_error>
				<average_training_error>1.09643 1.02143 0.912143 0.855 0.852143 0.848571 0.846429 0.840714 0.831429 0.817857 0.794286 0.771429 0.768571 0.755 0.744286 0.721429 0.71 0.707143 0.706429 0.704286 0.704286 0.701429 0.698571 0.69 0.671429 0.634286 0.622857 0.609286 0.58 0.560714 0.537857 0.505 0.498571 0.495714 0.492857 0.488571 0.484286 0.472857 0.459286 0.428571 0.428571 0.428571 0.428571 0.428571 0.428571 0.428571 0.428571 0.428571 0.428571 0.428571 0.428571 0.428571 0.428571 0.428571 0.428571 0.428571 0.428571 0.428571 0.428571 0.428571 0.428571 0.428571 0.428571 0.428571 0.428571 0.428571 0.428571 0.428571 0.428571 0.428571 0.428571 0.428571 0.428571 0.428571 0.428571 0.428571 0.428571 0.428571 0.428571 0.428571 0.428571 0.428571 0.428571 0.428571 0.428571 0.428571 0.428571 0.428571 0.428571 0.428571 0.428571 0.428571 0.428571 0.428571 0.428571 0.428571 0.428571 0.428571 0.428571 0.428571 0.428571 0.428571 0.428571 0.428571 0.428571 0.428571 0.428571 0.428571 0.428571 0.428571 0.428571 0.428571 0.428571 0.428571 0.428571 0.428571 0.428571 0.428571 0.428571 0.428571 0.428571 0.428571 0.428571 0.428571 0.428571 0.428571 0.428571 0.428571 0.428571 0.428571 0.428571 0.428571 0.428571 0.428571 0.428571 0.428571 0.428571 0.428571 0.428571 0.428571 0.428571 0.428571 0.428571 0.428571 0.428571 0.428571 0.428571 0.428571 0.428571 0.428571 0.428571 0.428571 0.428571 0.428571 0.428571 0.428571 0.428571 0.428571 0.428571 0.428571 0.428571 0.428571 0.428571 0.428571 0.428571 0.428571 0.428571 0.428571 0.428571 0.428571 0.428571 0.428571 0.428571 0.428571 0.428571 0.428571 0.428571 0.428571 0.428571 0.428571 0.428571 0.428571 0.428571 0.428571 0.428571 0.428571 0.428571 0.428571 0.428571 0.428571 0.428571 0.428571 0.428571 0.428571 0.428571 0.428571 0.428571 0.428571 0.428571 0.428571 </average_training_error>
				<best_validation_error>-1</best_validation_error>
				<test_error>-1</test_error>
				<best_training_num_incorrect>0.000000 0.000000 0.000000 0.000000 0.000000 0.000000 0.000000 0.000000 0.000000 0.000000 0.000000 0.000000 0.000000 0.000000 0.000000 0.000000 0.000000 0.000000 0.000000 0.000000 0.000000 0.000000 0.000000 0.000000 0.000000 0.000000 0.000000 0.000000 0.000000 0.000000 0.000000 0.000000 0.000000 0.000000 0.000000 0.000000 0.000000 0.000000 0.000000 0.000000 0.000000 0.000000 0.000000 0.000000 0.000000 0.000000 0.000000 0.000000 0.000000 0.000000 0.000000 0.000000 0.000000 0.000000 0.000000 0.000000 0.000000 0.000000 0.000000 0.000000 0.000000 0.000000 0.000000 0.000000 0.000000 0.000000 0.000000 0.000000 0.000000 0.000000 0.000000 0.000000 0.000000 0.000000 0.000000 0.000000 0.000000 0.000000 0.000000 0.000000 0.000000 0.000000 0.000000 0.000000 0.000000 0.000000 0.000000 0.000000 0.000000 0.000000 0.000000 0.000000 0.000000 0.000000 0.000000 0.000000 0.000000 0.000000 0.000000 0.000000 0.000000 0.000000 0.000000 0.000000 0.000000 0.000000 0.000000 0.000000 0.000000 0.000000 0.000000 0.000000 0.000000 0.000000 0.000000 0.000000 0.000000 0.000000 0.000000 0.000000 0.000000 0.000000 0.000000 0.000000 0.000000 0.000000 0.000000 0.000000 0.000000 0.000000 0.000000 0.000000 0.000000 0.000000 0.000000 0.000000 0.000000 0.000000 0.000000 0.000000 0.000000 0.000000 0.000000 0.000000 0.000000 0.000000 0.000000 0.000000 0.000000 0.000000 0.000000 0.000000 0.000000 0.000000 0.000000 0.000000 0.000000 0.000000 0.000000 0.000000 0.000000 0.000000 0.000000 0.000000 0.000000 0.000000 0.000000 0.000000 0.000000 0.000000 0.000000 0.000000 0.000000 0.000000 0.000000 0.000000 0.000000 0.000000 0.000000 0.000000 0.000000 0.000000 0.000000 0.000000 0.000000 0.000000 0.000000 0.000000 0.000000 0.000000 0.000000 0.000000 0.000000 0.000000 0.000000 0.000000 0.000000 0.000000 0.000000 0.000000 </best_training_num_incorrect>
				<average_training_num_incorrect>0.000000 0.000000 0.000000 0.000000 0.000000 0.000000 0.000000 0.000000 0.000000 0.000000 0.000000 0.000000 0.000000 0.000000 0.000000 0.000000 0.000000 0.000000 0.000000 0.000000 0.000000 0.000000 0.000000 0.000000 0.000000 0.000000 0.000000 0.000000 0.000000 0.000000 0.000000 0.000000 0.000000 0.000000 0.000000 0.000000 0.000000 0.000000 0.000000 0.000000 0.000000 0.000000 0.000000 0.000000 0.000000 0.000000 0.000000 0.000000 0.000000 0.000000 0.000000 0.000000 0.000000 0.000000 0.000000 0.000000 0.000000 0.000000 0.000000 0.000000 0.000000 0.000000 0.000000 0.000000 0.000000 0.000000 0.000000 0.000000 0.000000 0.000000 0.000000 0.000000 0.000000 0.000000 0.000000 0.000000 0.000000 0.000000 0.000000 0.000000 0.000000 0.000000 0.000000 0.000000 0.000000 0.000000 0.000000 0.000000 0.000000 0.000000 0.000000 0.000000 0.000000 0.000000 0.000000 0.000000 0.000000 0.000000 0.000000 0.000000 0.000000 0.000000 0.000000 0.000000 0.000000 0.000000 0.000000 0.000000 0.000000 0.000000 0.000000 0.000000 0.000000 0.000000 0.000000 0.000000 0.000000 0.000000 0.000000 0.000000 0.000000 0.000000 0.000000 0.000000 0.000000 0.000000 0.000000 0.000000 0.000000 0.000000 0.000000 0.000000 0.000000 0.000000 0.000000 0.000000 0.000000 0.000000 0.000000 0.000000 0.000000 0.000000 0.000000 0.000000 0.000000 0.000000 0.000000 0.000000 0.000000 0.000000 0.000000 0.000000 0.000000 0.000000 0.000000 0.000000 0.000000 0.000000 0.000000 0.000000 0.000000 0.000000 0.000000 0.000000 0.000000 0.000000 0.000000 0.000000 0.000000 0.000000 0.000000 0.000000 0.000000 0.000000 0.000000 0.000000 0.000000 0.000000 0.000000 0.000000 0.000000 0.000000 0.000000 0.000000 0.000000 0.000000 0.000000 0.000000 0.000000 0.000000 0.000000 0.000000 0.000000 0.000000 0.000000 0.000000 0.000000 0.000000 0.000000 0.000000 </average_training_num_incorrect>
				<best_validation_num_incorrect>-1</best_validation_num_incorrect>
				<test_num_incorrect>-1</test_num_incorrect>
				<last_generation>199</last_generation>
				<num_generations>200</num_generations>
				<program>
					<code_length>50</code_length>
					<num_variables>3</num_variables>
					<num_outputs>1</num_outputs>
					<problem_type>3</problem_type>
					<data_type>2</data_type>
					<error_measure>0</error_measure>
					<code>
						<i>7</i>
						<i>1</i>
						<i>1</i>
						<i>4294967295 0 0 0 1</i>
						<i>1</i>
						<i>3</i>
						<i>4294967264 3 4 5 3</i>
						<i>4294967264 0 3 4 2</i>
						<i>2</i>
						<i>0</i>
						<i>4294967295 2 0 7 9</i>
						<i>4294967295 6 0 9 2</i>
						<i>1</i>
						<i>4294967292 10 12 7 7</i>
						<i>2</i>
						<i>4294967292 4 9 10 14</i>
						<i>2</i>
						<i>4294967294 9 2 7 6</i>
						<i>2</i>
						<i>0</i>
						<i>1</i>
						<i>0</i>
						<i>1</i>
						<i>1</i>
						<i>4294967270 9 11 16 7</i>
						<i>2</i>
						<i>4294967270 20 13 10 17</i>
						<i>2</i>
						<i>1</i>
						<i>1</i>
						<i>4294967294 14 21 27 4</i>
						<i>4294967292 3 12 4 8</i>
						<i>4294967294 4 10 26 19</i>
						<i>4294967295 25 25 26 27</i>
						<i>4294967270 2 7 17 9</i>
						<i>1</i>
						<i>4294967294 9 27 10 34</i>
						<i>4294967264 31 24 21 36</i>
						<i>4294967294 4 0 19 15</i>
						<i>1</i>
						<i>4294967270 6 21 30 5</i>
						<i>1</i>
						<i>2</i>
						<i>1</i>
						<i>4294967295 13 37 30 11</i>
						<i>4294967293 16 33 1 30</i>
						<i>4294967294 33 2 24 6</i>
						<i>0</i>
						<i>7</i>
						<i>4294967295 41 4 14 35</i>
					</code>
					<best_genes>44 </best_genes>
					<max_index_best_genes>44</max_index_best_genes>
					<error>0.428571</error>
					<num_incorrectly_classified>0.000000</num_incorrectly_classified>
					<binary_classification_threshold>0</binary_classification_threshold>
					<num_constants>5</num_constants>
					<constants>42 28 13 62 2 </constants>
					<num_classes>0</num_classes>
				</program>
			</run>
			<run>
				<running_time>0.063106</running_time>
				<best_training_error>0.857143 0.571429 0.571429 0.571429 0.571429 0.571429 0.571429 0.428571 0.428571 0.428571 0.285714 0.285714 0.285714 0.285714 0.285714 0.285714 0.285714 0.285714 0.285714 0.285714 0.285714 0.285714 0.285714 0.285714 0.285714 0.285714 0.285714 0.285714 0.285714 0.285714 0.285714 0.285714 0.285714 0.285714 0.285714 0.285714 0.285714 0.285714 0.285714 0.285714 0.285714 0.285714 0.285714 0.285714 0.285714 0.285714 0.285714 0.285714 0.285714 0.285714 0.285714 0.285714 0.285714 0.285714 0.285714 0.285714 0.285714 0.285714 0.285714 0.285714 0.285714 0.285714 0.142857 0.142857 0.142857 0.142857 0.142857 0.142857 0.142857 0.142857 0.142857 0.142857 0.142857 0.142857 0 0 0 0 0 0 0 0 0 0 0 0 0 0 0 0 0 0 0 0 0 0 0 0 0 0 0 0 0 0 0 0 0 0 0 0 0 0 0 0 0 0 0 0 0 0 0 0 0 0 0 0 0 0 0 0 0 0 0 0 0 0 0 0 0 0 0 0 0 0 0 0 0 0 0 0 0 0 0 0 0 0 0 0 0 0 0 0 0 0 0 0 0 0 0 0 0 0 0 0 0 0 0 0 0 0 0 0 0 0 0 0 0 0 0 0 0 0 0 0 0 0 0 0 0 0 </best_training_error>
				<average_training_error>1.10429 1.03214 0.935714 0.855714 0.842857 0.836429 0.820714 0.805 0.767857 0.724286 0.649286 0.573571 0.523571 0.487143 0.465 0.423571 0.352857 0.307857 0.285714 0.285714 0.285714 0.285714 0.285714 0.285714 0.285714 0.285714 0.285714 0.285714 0.285714 0.285714 0.285714 0.285714 0.285714 0.285714 0.285714 0.285714 0.285714 0.285714 0.285714 0.285714 0.285714 0.285714 0.285714 0.285714 0.285714 0.285714 0.285714 0.285714 0.285714 0.285714 0.285714 0.285714 0.285714 0.285714 0.285714 0.285714 0.285714 0.285714 0.285714 0.285714 0.285714 0.285714 0.285 0.285 0.285 0.285 0.285 0.285 0.284286 0.282857 0.277143 0.267143 0.243571 0.212857 0.207857 0.202143 0.184286 0.142857 0.0942857 0.0585714 0.0364286 0.00214286 0 0 0 0 0 0 0 0 0 0 0 0 0 0 0 0 0 0 0 0 0 0 0 0 0 0 0 0 0 0 0 0 0 0 0 0 0 0 0 0 0 0 0 0 0 0 0 0 0 0 0 0 0 0 0 0 0 0 0 0 0 0 0 0 0 0 0 0 0 0 0 0 0 0 0 0 0 0 0 0 0 0 0 0 0 0 0 0 0 0 0 0 0 0 0 0 0 0 0 0 0 0 0 0 0 0 0 0 0 0 0 0 0 0 0 0 0 0 </average_training_error>
				<best_validation_error>-1</best_validation_error>
				<test_error>-1</test_error>
				<best_training_num_incorrect>0.000000 0.000000 0.000000 0.000000 0.000000 0.000000 0.000000 0.000000 0.000000 0.000000 0.000000 0.000000 0.000000 0.000000 0.000000 0.000000 0.000000 0.000000 0.000000 0.000000 0.000000 0.000000 0.000000 0.000000 0.000000 0.000000 0.000000 0.000000 0.000000 0.000000 0.000000 0.000000 0.000000 0.000000 0.000000 0.000000 0.000000 0.000000 0.000000 0.000000 0.000000 0.000000 0.000000 0.000000 0.000000 0.000000 0.000000 0.000000 0.000000 0.000000 0.000000 0.000000 0.000000 0.000000 0.000000 0.000000 0.000000 0.000000 0.000000 0.000000 0.000000 0.000000 0.000000 0.000000 0.000000 0.000000 0.000000 0.000000 0.000000 0.000000 0.000000 0.000000 0.000000 0.000000 0.000000 0.000000 0.000000 0.000000 0.000000 0.000000 0.000000 0.000000 0.000000 0.000000 0.000000 0.000000 0.000000 0.000000 0.000000 0.000000 0.000000 0.000000 0.000000 0.000000 0.000000 0.000000 0.000000 0.000000 0.000000 0.000000 0.000000 0.000000 0.000000 0.000000 0.000000 0.000000 0.000000 0.000000 0.000000 0.000000 0.000000 0.000000 0.000000 0.000000 0.000000 0.000000 0.000000 0.000000 0.000000 0.000000 0.000000 0.000000 0.000000 0.000000 0.000000 0.000000 0.000000 0.000000 0.000000 0.000000 0.000000 0.000000 0.000000 0.000000 0.000000 0.000000 0.000000 0.000000 0.000000 0.000000 0.000000 0.000000 0.000000 0.000000 0.000000 0.000000 0.000000 0.000000 0.000000 0.000000 0.000000 0.000000 0.000000 0.000000 0.000000 0.000000 0.000000 0.000000 0.000000 0.000000 0.000000 0.000000 0.000000 0.000000 0.000000 0.000000 0.000000 0.000000 0.000000 0.000000 0.000000 0.000000 0.000000 0.000000 0.000000 0.000000 0.000000 0.000000 0.000000 0.000000 0.000000 0.000000 0.000000 0.000000 0.000000 0.000000 0.000000 0.000000 0.000000 0.000000 0.000000 0.000000 0.000000 0.000000 0.000000 0.000000 0.000000 0.000000 0.000000 0.000000 </best_training_num_incorrect>
				<average_training_num_incorrect>0.000000 0.000000 0.000000 0.000000 0.000000 0.000000 0.000000 0.000000 0.000000 0.000000 0.000000 0.000000 0.000000 0.000000 0.000000 0.000000 0.000000 0.000000 0.000000 0.000000 0.000000 0.000000 0.000000 0.000000 0.000000 0.000000 0.000000 0.000000 0.000000 0.000000 0.000000 0.000000 0.000000 0.000000 0.000000 0.000000 0.000000 0.000000 0.000000 0.000000 0.000000 0.000000 0.000000 0.000000 0.000000 0.000000 0.000000 0.000000 0.000000 0.000000 0.000000 0.000000 0.000000 0.000000 0.000000 0.000000 0.000000 0.000000 0.000000 0.000000 0.000000 0.000000 0.000000 0.000000 0.000000 0.000000 0.000000 0.000000 0.000000 0.000000 0.000000 0.000000 0.000000 0.000000 0.000000 0.000000 0.000000 0.000000 0.000000 0.000000 0.000000 0.000000 0.000000 0.000000 0.000000 0.000000 0.000000 0.000000 0.000000 0.000000 0.000000 0.000000 0.000000 0.000000 0.000000 0.000000 0.000000 0.000000 0.000000 0.000000 0.000000 0.000000 0.000000 0.000000 0.000000 0.000000 0.000000 0.000000 0.000000 0.000000 0.000000 0.000000 0.000000 0.000000 0.000000 0.000000 0.000000 0.000000 0.000000 0.000000 0.000000 0.000000 0.000000 0.000000 0.000000 0.000000 0.000000 0.000000 0.000000 0.000000 0.000000 0.000000 0.000000 0.000000 0.000000 0.000000 0.000000 0.000000 0.000000 0.000000 0.000000 0.000000 0.000000 0.000000 0.000000 0.000000 0.000000 0.000000 0.000000 0.000000 0.000000 0.000000 0.000000 0.000000 0.000000 0.000000 0.000000 0.000000 0.000000 0.000000 0.000000 0.000000 0.000000 0.000000 0.000000 0.000000 0.000000 0.000000 0.000000 0.000000 0.000000 0.000000 0.000000 0.000000 0.000000 0.000000 0.000000 0.000000 0.000000 0.000000 0.000000 0.000000 0.000000 0.000000 0.000000 0.000000 0.000000 0.000000 0.000000 0.000000 0.000000 0.000000 0.000000 0.000000 0.000000 0.000000 0.000000 0.000000 0.000000 0.000000 </average_training_num_incorrect>
				<best_validation_num_incorrect>-1</best_validation_num_incorrect>
				<test_num_incorrect>-1</test_num_incorrect>
				<last_generation>199</last_generation>
				<num_generations>200</num_generations>
				<program>
					<code_length>50</code_length>
					<num_variables>3</num_variables>
					<num_outputs>1</num_outputs>
					<problem_type>3</problem_type>
					<data_type>2</data_type>
					<error_measure>0</error_measure>
					<code>
						<i>0</i>
						<i>4294967295 0 0 0 0</i>
						<i>0</i>
						<i>4294967295 2 0 0 1</i>
						<i>2</i>
						<i>1</i>
						<i>1</i>
						<i>4294967292 5 6 2 3</i>
						<i>4294967264 0 0 0 0</i>
						<i>4294967264 4 1 2 8</i>
						<i>4294967292 1 7 8 8</i>
						<i>0</i>
						<i>4294967270 8 9 4 9</i>
						<i>4294967270 2 4 12 4</i>
						<i>4294967294 2 2 12 10</i>
						<i>4294967295 7 13 6 7</i>
						<i>4294967292 9 15 8 4</i>
						<i>4294967270 14 2 12 10</i>
						<i>4294967292 14 10 16 11</i>
						<i>4294967295 13 11 4 18</i>
						<i>2</i>
						<i>2</i>
						<i>2</i>
						<i>4294967270 17 5 12 7</i>
						<i>1</i>
						<i>4294967294 17 24 13 0</i>
						<i>0</i>
						<i>1</i>
						<i>4294967295 8 17 21 10</i>
						<i>4294967294 15 26 26 3</i>
						<i>4294967264 4 3 6 0</i>
						<i>6</i>
						<i>0</i>
						<i>4294967294 11 19 28 23</i>
						<i>1</i>
						<i>4294967270 34 7 17 32</i>
						<i>0</i>
						<i>1</i>
						<i>4294967292 17 27 5 19</i>
						<i>4294967264 24 7 33 15</i>
						<i>1</i>
						<i>3</i>
						<i>1</i>
						<i>4294967292 11 7 27 12</i>
						<i>4294967293 21 20 15 10</i>
						<i>0</i>
						<i>2</i>
						<i>5</i>
						<i>4294967270 13 22 40 32</i>
						<i>2</i>
					</code>
					<best_genes>15 </best_genes>
					<max_index_best_genes>15</max_index_best_genes>
					<error>0</error>
					<num_incorrectly_classified>0.000000</num_incorrectly_classified>
					<binary_classification_threshold>0</binary_classification_threshold>
					<num_constants>5</num_constants>
					<constants>15 24 7 22 89 </constants>
					<num_classes>0</num_classes>
				</program>
			</run>
			<run>
				<running_time>0.061166</running_time>
				<best_training_error>0.857143 0.857143 0.714286 0.714286 0.714286 0.714286 0.714286 0.714286 0.571429 0.571429 0.571429 0.571429 0.571429 0.571429 0.428571 0.428571 0.428571 0.428571 0.428571 0.428571 0.428571 0.428571 0.428571 0.428571 0.428571 0.428571 0.428571 0.428571 0.428571 0.428571 0.285714 0.285714 0.285714 0.285714 0.285714 0.285714 0.285714 0.285714 0.285714 0.285714 0.285714 0.285714 0.285714 0.285714 0.285714 0.285714 0.285714 0.285714 0.285714 0.285714 0.285714 0.285714 0.285714 0.285714 0.285714 0.285714 0.285714 0.285714 0.285714 0.285714 0.285714 0.285714 0.285714 0.285714 0.285714 0.285714 0.285714 0.285714 0.285714 0.285714 0.285714 0.285714 0.285714 0.285714 0.285714 0.285714 0.285714 0.285714 0.285714 0.285714 0.285714 0.285714 0.285714 0.285714 0.285714 0.285714 0.285714 0.285714 0.285714 0.285714 0.285714 0.285714 0.285714 0.285714 0.285714 0.285714 0.285714 0.285714 0.285714 0.285714 0.285714 0.285714 0.285714 0.285714 0.285714 0.285714 0.285714 0.285714 0.285714 0.285714 0.285714 0.285714 0.285714 0.285714 0.285714 0.285714 0.285714 0.285714 0.285714 0.285714 0.285714 0.285714 0.285714 0.285714 0.285714 0.285714 0.285714 0.285714 0.285714 0.285714 0.285714 0.285714 0.285714 0.285714 0.285714 0.285714 0.285714 0.285714 0.285714 0.285714 0.285714 0.285714 0.285714 0.285714 0.285714 0.285714 0.285714 0.285714 0.285714 0.285714 0.285714 0.285714 0.285714 0.285714 0.285714 0.285714 0.285714 0.285714 0.285714 0.285714 0.285714 0.285714 0.285714 0.285714 0.285714 0.285714 0.285714 0.285714 0.285714 0.285714 0.285714 0.285714 0.285714 0.285714 0.285714 0.285714 0.285714 0.285714 0.285714 0.285714 0.285714 0.285714 0.285714 0.285714 0.285714 0.285714 0.285714 0.285714 0.285714 0.285714 0.285714 0.285714 0.285714 0.285714 0.285714 0.285714 0.285714 0.285714 0.285714 0.285714 </best_training_error>
				<average_training_error>1.08929 1.00786 0.888571 0.855714 0.855 0.854286 0.852857 0.85 0.845 0.841429 0.834286 0.82 0.800714 0.777857 0.772857 0.754286 0.732857 0.682857 0.608571 0.578571 0.527857 0.480714 0.428571 0.428571 0.428571 0.428571 0.428571 0.428571 0.428571 0.428571 0.427143 0.426429 0.425714 0.425714 0.424286 0.42 0.408571 0.390714 0.361429 0.354286 0.352857 0.349286 0.345 0.330714 0.305 0.285714 0.285714 0.285714 0.285714 0.285714 0.285714 0.285714 0.285714 0.285714 0.285714 0.285714 0.285714 0.285714 0.285714 0.285714 0.285714 0.285714 0.285714 0.285714 0.285714 0.285714 0.285714 0.285714 0.285714 0.285714 0.285714 0.285714 0.285714 0.285714 0.285714 0.285714 0.285714 0.285714 0.285714 0.285714 0.285714 0.285714 0.285714 0.285714 0.285714 0.285714 0.285714 0.285714 0.285714 0.285714 0.285714 0.285714 0.285714 0.285714 0.285714 0.285714 0.285714 0.285714 0.285714 0.285714 0.285714 0.285714 0.285714 0.285714 0.285714 0.285714 0.285714 0.285714 0.285714 0.285714 0.285714 0.285714 0.285714 0.285714 0.285714 0.285714 0.285714 0.285714 0.285714 0.285714 0.285714 0.285714 0.285714 0.285714 0.285714 0.285714 0.285714 0.285714 0.285714 0.285714 0.285714 0.285714 0.285714 0.285714 0.285714 0.285714 0.285714 0.285714 0.285714 0.285714 0.285714 0.285714 0.285714 0.285714 0.285714 0.285714 0.285714 0.285714 0.285714 0.285714 0.285714 0.285714 0.285714 0.285714 0.285714 0.285714 0.285714 0.285714 0.285714 0.285714 0.285714 0.285714 0.285714 0.285714 0.285714 0.285714 0.285714 0.285714 0.285714 0.285714 0.285714 0.285714 0.285714 0.285714 0.285714 0.285714 0.285714 0.285714 0.285714 0.285714 0.285714 0.285714 0.285714 0.285714 0.285714 0.285714 0.285714 0.285714 0.285714 0.285714 0.285714 0.285714 0.285714 0.285714 0.285714 0.285714 0.285714 0.285714 0.285714 0.285714 </average_training_error>
				<best_validation_error>-1</best_validation_error>
				<test_error>-1</test_error>
				<best_training_num_incorrect>0.000000 0.000000 0.000000 0.000000 0.000000 0.000000 0.000000 0.000000 0.000000 0.000000 0.000000 0.000000 0.000000 0.000000 0.000000 0.000000 0.000000 0.000000 0.000000 0.000000 0.000000 0.000000 0.000000 0.000000 0.000000 0.000000 0.000000 0.000000 0.000000 0.000000 0.000000 0.000000 0.000000 0.000000 0.000000 0.000000 0.000000 0.000000 0.000000 0.000000 0.000000 0.000000 0.000000 0.000000 0.000000 0.000000 0.000000 0.000000 0.000000 0.000000 0.000000 0.000000 0.000000 0.000000 0.000000 0.000000 0.000000 0.000000 0.000000 0.000000 0.000000 0.000000 0.000000 0.000000 0.000000 0.000000 0.000000 0.000000 0.000000 0.000000 0.000000 0.000000 0.000000 0.000000 0.000000 0.000000 0.000000 0.000000 0.000000 0.000000 0.000000 0.000000 0.000000 0.000000 0.000000 0.000000 0.000000 0.000000 0.000000 0.000000 0.000000 0.000000 0.000000 0.000000 0.000000 0.000000 0.000000 0.000000 0.000000 0.000000 0.000000 0.000000 0.000000 0.000000 0.000000 0.000000 0.000000 0.000000 0.000000 0.000000 0.000000 0.000000 0.000000 0.000000 0.000000 0.000000 0.000000 0.000000 0.000000 0.000000 0.000000 0.000000 0.000000 0.000000 0.000000 0.000000 0.000000 0.000000 0.000000 0.000000 0.000000 0.000000 0.000000 0.000000 0.000000 0.000000 0.000000 0.000000 0.000000 0.000000 0.000000 0.000000 0.000000 0.000000 0.000000 0.000000 0.000000 0.000000 0.000000 0.000000 0.000000 0.000000 0.000000 0.000000 0.000000 0.000000 0.000000 0.000000 0.000000 0.000000 0.000000 0.000000 0.000000 0.000000 0.000000 0.000000 0.000000 0.000000 0.000000 0.000000 0.000000 0.000000 0.000000 0.000000 0.000000 0.000000 0.000000 0.000000 0.000000 0.000000 0.000000 0.000000 0.000000 0.000000 0.000000 0.000000 0.000000 0.000000 0.000000 0.000000 0.000000 0.000000 0.000000 0.000000 0.000000 0.000000 0.000000 0.000000 0.000000 0.000000 </best_training_num_incorrect>
				<average_training_num_incorrect>0.000000 0.000000 0.000000 0.000000 0.000000 0.000000 0.000000 0.000000 0.000000 0.000000 0.000000 0.000000 0.000000 0.000000 0.000000 0.000000 0.000000 0.000000 0.000000 0.000000 0.000000 0.000000 0.000000 0.000000 0.000000 0.000000 0.000000 0.000000 0.000000 0.000000 0.000000 0.000000 0.000000 0.000000 0.000000 0.000000 0.000000 0.000000 0.000000 0.000000 0.000000 0.000000 0.000000 0.000000 0.000000 0.000000 0.000000 0.000000 0.000000 0.000000 0.000000 0.000000 0.000000 0.000000 0.000000 0.000000 0.000000 0.000000 0.000000 0.000000 0.000000 0.000000 0.000000 0.000000 0.000000 0.000000 0.000000 0.000000 0.000000 0.000000 0.000000 0.000000 0.000000 0.000000 0.000000 0.000000 0.000000 0.000000 0.000000 0.000000 0.000000 0.000000 0.000000 0.000000 0.000000 0.000000 0.000000 0.000000 0.000000 0.000000 0.000000 0.000000 0.000000 0.000000 0.000000 0.000000 0.000000 0.000000 0.000000 0.000000 0.000000 0.000000 0.000000 0.000000 0.000000 0.000000 0.000000 0.000000 0.000000 0.000000 0.000000 0.000000 0.000000 0.000000 0.000000 0.000000 0.000000 0.000000 0.000000 0.000000 0.000000 0.000000 0.000000 0.000000 0.000000 0.000000 0.000000 0.000000 0.000000 0.000000 0.000000 0.000000 0.000000 0.000000 0.000000 0.000000 0.000000 0.000000 0.000000 0.000000 0.000000 0.000000 0.000000 0.000000 0.000000 0.000000 0.000000 0.000000 0.000000 0.000000 0.000000 0.000000 0.000000 0.000000 0.000000 0.000000 0.000000 0.000000 0.000000 0.000000 0.000000 0.000000 0.000000 0.000000 0.000000 0.000000 0.000000 0.000000 0.000000 0.000000 0.000000 0.000000 0.000000 0.000000 0.000000 0.000000 0.000000 0.000000 0.000000 0.000000 0.000000 0.000000 0.000000 0.000000 0.000000 0.000000 0.000000 0.000000 0.000000 0.000000 0.000000 0.000000 0.000000 0.000000 0.000000 0.000000 0.000000 0.000000 0.000000 0.000000 </average_training_num_incorrect>
				<best_validation_num_incorrect>-1</best_validation_num_incorrect>
				<test_num_incorrect>-1</test_num_incorrect>
				<last_generation>199</last_generation>
				<num_generations>200</num_generations>
				<program>
					<code_length>50</code_length>
					<num_variables>3</num_variables>
					<num_outputs>1</num_outputs>
					<problem_type>3</problem_type>
					<data_type>2</data_type>
					<error_measure>0</error_measure>
					<code>
						<i>0</i>
						<i>4294967292 0 0 0 0</i>
						<i>4294967292 1 0 1 0</i>
						<i>2</i>
						<i>4294967295 1 3 0 1</i>
						<i>4294967264 1 1 4 3</i>
						<i>4294967270 3 3 2 1</i>
						<i>4294967293 4 2 0 0</i>
						<i>4294967264 1 3 2 3</i>
						<i>4294967270 0 1 4 3</i>
						<i>2</i>
						<i>0</i>
						<i>4294967270 11 3 8 4</i>
						<i>4294967270 7 8 12 4</i>
						<i>0</i>
						<i>4294967270 0 9 11 11</i>
						<i>4294967293 10 10 8 10</i>
						<i>2</i>
						<i>4294967264 16 0 1 13</i>
						<i>4294967264 1 0 2 6</i>
						<i>0</i>
						<i>2</i>
						<i>0</i>
						<i>2</i>
						<i>1</i>
						<i>2</i>
						<i>4294967293 16 24 19 17</i>
						<i>0</i>
						<i>0</i>
						<i>4294967295 10 6 24 0</i>
						<i>1</i>
						<i>0</i>
						<i>2</i>
						<i>5</i>
						<i>1</i>
						<i>1</i>
						<i>0</i>
						<i>2</i>
						<i>1</i>
						<i>4</i>
						<i>1</i>
						<i>4294967295 24 31 40 12</i>
						<i>4294967294 37 13 33 32</i>
						<i>4294967293 25 16 3 36</i>
						<i>4294967294 4 43 40 12</i>
						<i>0</i>
						<i>4294967294 10 31 17 40</i>
						<i>1</i>
						<i>2</i>
						<i>2</i>
					</code>
					<best_genes>13 </best_genes>
					<max_index_best_genes>13</max_index_best_genes>
					<error>0.285714</error>
					<num_incorrectly_classified>0.000000</num_incorrectly_classified>
					<binary_classification_threshold>0</binary_classification_threshold>
					<num_constants>5</num_constants>
					<constants>39 57 35 32 5 </constants>
					<num_classes>0</num_classes>
				</program>
			</run>
			<run>
				<running_time>0.064269</running_time>
				<best_training_error>0.857143 0.714286 0.714286 0.714286 0.714286 0.714286 0.714286 0.714286 0.714286 0.714286 0.714286 0.571429 0.571429 0.571429 0.571429 0.571429 0.571429 0.571429 0.571429 0.571429 0.571429 0.571429 0.428571 0.428571 0.428571 0.428571 0.428571 0.428571 0.428571 0.428571 0.428571 0.428571 0.428571 0.428571 0.428571 0.428571 0.428571 0.428571 0.428571 0.428571 0.428571 0.428571 0.428571 0.428571 0.428571 0.428571 0.428571 0.428571 0.428571 0.428571 0.428571 0.428571 0.428571 0.428571 0.428571 0.428571 0.428571 0.428571 0.428571 0.428571 0.428571 0.428571 0.428571 0.428571 0.428571 0.428571 0.428571 0.428571 0.428571 0.285714 0.285714 0.285714 0.285714 0.285714 0.285714 0.285714 0.285714 0.285714 0.285714 0.285714 0.285714 0.285714 0.285714 0.285714 0.285714 0.285714 0.285714 0.285714 0.285714 0.285714 0.285714 0.285714 0.285714 0.285714 0.285714 0.285714 0.285714 0.285714 0.285714 0.285714 0.285714 0.285714 0.285714 0.285714 0.285714 0.285714 0.285714 0.285714 0.285714 0.285714 0.285714 0.285714 0.285714 0.285714 0.285714 0.285714 0.285714 0.285714 0.285714 0.285714 0.285714 0.285714 0.285714 0.285714 0.285714 0.285714 0.285714 0.285714 0.285714 0.285714 0.285714 0.285714 0.285714 0.285714 0.285714 0.285714 0.285714 0.285714 0.285714 0.285714 0.285714 0.285714 0.285714 0.285714 0.285714 0.285714 0.285714 0.285714 0.285714 0.285714 0.285714 0.285714 0.285714 0.285714 0.285714 0.285714 0.285714 0.285714 0.285714 0.285714 0.285714 0.285714 0.285714 0.285714 0.285714 0.285714 0.285714 0.285714 0.285714 0.285714 0.285714 0.285714 0.285714 0.285714 0.285714 0.285714 0.285714 0.285714 0.285714 0.285714 0.285714 0.285714 0.285714 0.285714 0.285714 0.285714 0.285714 0.285714 0.285714 0.285714 0.285714 0.285714 0.285714 0.285714 0.285714 0.285714 0.285714 0.285714 0.285714 0.285714 </best_training_error>
				<average_training_error>1.09429 1.02357 0.909286 0.85 0.846429 0.842857 0.837857 0.830714 0.823571 0.809286 0.79 0.77 0.748571 0.725 0.707857 0.706429 0.702857 0.696429 0.685 0.667857 0.646429 0.607143 0.570714 0.570714 0.568571 0.565714 0.556429 0.53 0.495 0.491429 0.487857 0.481429 0.473571 0.452857 0.428571 0.428571 0.428571 0.428571 0.428571 0.428571 0.428571 0.428571 0.428571 0.428571 0.428571 0.428571 0.428571 0.428571 0.428571 0.428571 0.428571 0.428571 0.428571 0.428571 0.428571 0.428571 0.428571 0.428571 0.428571 0.428571 0.428571 0.428571 0.428571 0.428571 0.428571 0.428571 0.428571 0.428571 0.428571 0.427857 0.427857 0.427143 0.424286 0.42 0.414286 0.405 0.389286 0.36 0.355 0.352143 0.347857 0.342857 0.327143 0.305 0.285714 0.285714 0.285714 0.285714 0.285714 0.285714 0.285714 0.285714 0.285714 0.285714 0.285714 0.285714 0.285714 0.285714 0.285714 0.285714 0.285714 0.285714 0.285714 0.285714 0.285714 0.285714 0.285714 0.285714 0.285714 0.285714 0.285714 0.285714 0.285714 0.285714 0.285714 0.285714 0.285714 0.285714 0.285714 0.285714 0.285714 0.285714 0.285714 0.285714 0.285714 0.285714 0.285714 0.285714 0.285714 0.285714 0.285714 0.285714 0.285714 0.285714 0.285714 0.285714 0.285714 0.285714 0.285714 0.285714 0.285714 0.285714 0.285714 0.285714 0.285714 0.285714 0.285714 0.285714 0.285714 0.285714 0.285714 0.285714 0.285714 0.285714 0.285714 0.285714 0.285714 0.285714 0.285714 0.285714 0.285714 0.285714 0.285714 0.285714 0.285714 0.285714 0.285714 0.285714 0.285714 0.285714 0.285714 0.285714 0.285714 0.285714 0.285714 0.285714 0.285714 0.285714 0.285714 0.285714 0.285714 0.285714 0.285714 0.285714 0.285714 0.285714 0.285714 0.285714 0.285714 0.285714 0.285714 0.285714 0.285714 0.285714 0.285714 0.285714 0.285714 0.285714 0.285714 0.285714 </average_training_error>
				<best_validation_error>-1</best_validation_error>
				<test_error>-1</test_error>
				<best_training_num_incorrect>0.000000 0.000000 0.000000 0.000000 0.000000 0.000000 0.000000 0.000000 0.000000 0.000000 0.000000 0.000000 0.000000 0.000000 0.000000 0.000000 0.000000 0.000000 0.000000 0.000000 0.000000 0.000000 0.000000 0.000000 0.000000 0.000000 0.000000 0.000000 0.000000 0.000000 0.000000 0.000000 0.000000 0.000000 0.000000 0.000000 0.000000 0.000000 0.000000 0.000000 0.000000 0.000000 0.000000 0.000000 0.000000 0.000000 0.000000 0.000000 0.000000 0.000000 0.000000 0.000000 0.000000 0.000000 0.000000 0.000000 0.000000 0.000000 0.000000 0.000000 0.000000 0.000000 0.000000 0.000000 0.000000 0.000000 0.000000 0.000000 0.000000 0.000000 0.000000 0.000000 0.000000 0.000000 0.000000 0.000000 0.000000 0.000000 0.000000 0.000000 0.000000 0.000000 0.000000 0.000000 0.000000 0.000000 0.000000 0.000000 0.000000 0.000000 0.000000 0.000000 0.000000 0.000000 0.000000 0.000000 0.000000 0.000000 0.000000 0.000000 0.000000 0.000000 0.000000 0.000000 0.000000 0.000000 0.000000 0.000000 0.000000 0.000000 0.000000 0.000000 0.000000 0.000000 0.000000 0.000000 0.000000 0.000000 0.000000 0.000000 0.000000 0.000000 0.000000 0.000000 0.000000 0.000000 0.000000 0.000000 0.000000 0.000000 0.000000 0.000000 0.000000 0.000000 0.000000 0.000000 0.000000 0.000000 0.000000 0.000000 0.000000 0.000000 0.000000 0.000000 0.000000 0.000000 0.000000 0.000000 0.000000 0.000000 0.000000 0.000000 0.000000 0.000000 0.000000 0.000000 0.000000 0.000000 0.000000 0.000000 0.000000 0.000000 0.000000 0.000000 0.000000 0.000000 0.000000 0.000000 0.000000 0.000000 0.000000 0.000000 0.000000 0.000000 0.000000 0.000000 0.000000 0.000000 0.000000 0.000000 0.000000 0.000000 0.000000 0.000000 0.000000 0.000000 0.000000 0.000000 0.000000 0.000000 0.000000 0.000000 0.000000 0.000000 0.000000 0.000000 0.000000 0.000000 0.000000 0.000000 </best_training_num_incorrect>
				<average_training_num_incorrect>0.000000 0.000000 0.000000 0.000000 0.000000 0.000000 0.000000 0.000000 0.000000 0.000000 0.000000 0.000000 0.000000 0.000000 0.000000 0.000000 0.000000 0.000000 0.000000 0.000000 0.000000 0.000000 0.000000 0.000000 0.000000 0.000000 0.000000 0.000000 0.000000 0.000000 0.000000 0.000000 0.000000 0.000000 0.000000 0.000000 0.000000 0.000000 0.000000 0.000000 0.000000 0.000000 0.000000 0.000000 0.000000 0.000000 0.000000 0.000000 0.000000 0.000000 0.000000 0.000000 0.000000 0.000000 0.000000 0.000000 0.000000 0.000000 0.000000 0.000000 0.000000 0.000000 0.000000 0.000000 0.000000 0.000000 0.000000 0.000000 0.000000 0.000000 0.000000 0.000000 0.000000 0.000000 0.000000 0.000000 0.000000 0.000000 0.000000 0.000000 0.000000 0.000000 0.000000 0.000000 0.000000 0.000000 0.000000 0.000000 0.000000 0.000000 0.000000 0.000000 0.000000 0.000000 0.000000 0.000000 0.000000 0.000000 0.000000 0.000000 0.000000 0.000000 0.000000 0.000000 0.000000 0.000000 0.000000 0.000000 0.000000 0.000000 0.000000 0.000000 0.000000 0.000000 0.000000 0.000000 0.000000 0.000000 0.000000 0.000000 0.000000 0.000000 0.000000 0.000000 0.000000 0.000000 0.000000 0.000000 0.000000 0.000000 0.000000 0.000000 0.000000 0.000000 0.000000 0.000000 0.000000 0.000000 0.000000 0.000000 0.000000 0.000000 0.000000 0.000000 0.000000 0.000000 0.000000 0.000000 0.000000 0.000000 0.000000 0.000000 0.000000 0.000000 0.000000 0.000000 0.000000 0.000000 0.000000 0.000000 0.000000 0.000000 0.000000 0.000000 0.000000 0.000000 0.000000 0.000000 0.000000 0.000000 0.000000 0.000000 0.000000 0.000000 0.000000 0.000000 0.000000 0.000000 0.000000 0.000000 0.000000 0.000000 0.000000 0.000000 0.000000 0.000000 0.000000 0.000000 0.000000 0.000000 0.000000 0.000000 0.000000 0.000000 0.000000 0.000000 0.000000 0.000000 0.000000 0.000000 </average_training_num_incorrect>
				<best_validation_num_incorrect>-1</best_validation_num_incorrect>
				<test_num_incorrect>-1</test_num_incorrect>
				<last_generation>199</last_generation>
				<num_generations>200</num_generations>
				<program>
					<code_length>50</code_length>
					<num_variables>3</num_variables>
					<num_outputs>1</num_outputs>
					<problem_type>3</problem_type>
					<data_type>2</data_type>
					<error_measure>0</error_measure>
					<code>
						<i>2</i>
						<i>6</i>
						<i>0</i>
						<i>4294967292 1 1 2 2</i>
						<i>4294967294 3 0 1 2</i>
						<i>4294967295 1 3 4 2</i>
						<i>1</i>
						<i>4294967295 5 3 6 6</i>
						<i>4294967270 0 7 3 4</i>
						<i>2</i>
						<i>4294967270 9 2 9 1</i>
						<i>2</i>
						<i>4294967295 0 8 7 9</i>
						<i>2</i>
						<i>4294967294 2 12 9 3</i>
						<i>4294967292 10 13 0 13</i>
						<i>4294967270 4 15 7 2</i>
						<i>2</i>
						<i>4294967292 10 3 7 8</i>
						<i>4294967294 8 10 3 8</i>
						<i>4294967295 7 2 17 14</i>
						<i>2</i>
						<i>2</i>
						<i>4294967295 8 3 7 9</i>
						<i>1</i>
						<i>0</i>
						<i>0</i>
						<i>1</i>
						<i>6</i>
						<i>4294967294 27 26 1 27</i>
						<i>4294967292 25 2 23 16</i>
						<i>2</i>
						<i>2</i>
						<i>2</i>
						<i>1</i>
						<i>4294967295 16 9 16 28</i>
						<i>2</i>
						<i>4294967292 30 35 8 9</i>
						<i>7</i>
						<i>4294967270 37 16 30 13</i>
						<i>0</i>
						<i>4294967292 16 26 13 18</i>
						<i>4294967264 4 2 5 38</i>
						<i>0</i>
						<i>0</i>
						<i>4294967295 44 25 12 33</i>
						<i>4294967293 43 35 3 0</i>
						<i>5</i>
						<i>3</i>
						<i>4294967292 32 35 30 36</i>
					</code>
					<best_genes>12 </best_genes>
					<max_index_best_genes>12</max_index_best_genes>
					<error>0.285714</error>
					<num_incorrectly_classified>0.000000</num_incorrectly_classified>
					<binary_classification_threshold>0</binary_classification_threshold>
					<num_constants>5</num_constants>
					<constants>29 40 12 2 82 </constants>
					<num_classes>0</num_classes>
				</program>
			</run>
		</results>
	</algorithm>
</project>
