<?xml version="1.0"?>
<project>
	<mepx_version>2022.08.20.0-beta</mepx_version>
	<problem_description>Reflected Pentanacci numbers

5,-1,-1,-1,-1,9,-7,-1,-1,-1
taken from OEIS: A074062</problem_description>
	<algorithm>
		<training>
			<num_data>10</num_data>
			<num_cols>1</num_cols>
			<num_outputs>1</num_outputs>
			<num_classes>0</num_classes>
			<data_type>2</data_type>
			<list_separator>;</list_separator>
			<data>
				<row>5</row>
				<row>-1</row>
				<row>-1</row>
				<row>-1</row>
				<row>-1</row>
				<row>9</row>
				<row>-7</row>
				<row>-1</row>
				<row>-1</row>
				<row>-1</row>
			</data>
		</training>
		<validation>
			<num_data>0</num_data>
			<num_cols>0</num_cols>
			<num_outputs>1</num_outputs>
			<num_classes>0</num_classes>
			<data_type>0</data_type>
			<list_separator>;</list_separator>
		</validation>
		<test>
			<num_data>0</num_data>
			<num_cols>0</num_cols>
			<num_outputs>0</num_outputs>
			<num_classes>0</num_classes>
			<data_type>0</data_type>
			<list_separator>;</list_separator>
		</test>
		<parameters>
			<mutation_probability>0.01</mutation_probability>
			<crossover_probability>0.9</crossover_probability>
			<crossover_type>0</crossover_type>
			<chromosome_length>50</chromosome_length>
			<subpopulation_size>100</subpopulation_size>
			<num_subpopulations>2</num_subpopulations>
			<tournament_size>2</tournament_size>
			<number_of_generations>100</number_of_generations>
			<problem_type>3</problem_type>
			<random_seed>0</random_seed>
			<operators_probability>0.5</operators_probability>
			<variables_probability>0.4</variables_probability>
			<constants_probability>0.1</constants_probability>
			<num_runs>10</num_runs>
			<use_validation_data>1</use_validation_data>
			<simplified>1</simplified>
			<num_threads>2</num_threads>
			<random_subset_selection_size_percent>100</random_subset_selection_size_percent>
			<error_measure>0</error_measure>
			<num_generations_for_which_random_subset_is_kept_fixed>1</num_generations_for_which_random_subset_is_kept_fixed>
			<time_series_mode>0</time_series_mode>
			<num_predictions>10</num_predictions>
			<window_size>6</window_size>
			<data_type>2</data_type>
		</parameters>
		<constants>
			<data_type>2</data_type>
			<type>0</type>
			<num_automatic_constants>0</num_automatic_constants>
			<min_interval>0</min_interval>
			<max_interval>1</max_interval>
			<stddev>1</stddev>
			<user_constants>2 5 </user_constants>
			<evolve>1</evolve>
			<can_evolve_outside_initial_interval>0</can_evolve_outside_initial_interval>
			<num_user_defined_constants>2</num_user_defined_constants>
		</constants>
		<operators>
			<use_addition>1</use_addition>
			<use_subtraction>1</use_subtraction>
			<use_multiplication>1</use_multiplication>
			<use_division>1</use_division>
			<use_power>0</use_power>
			<use_sqrt>0</use_sqrt>
			<use_exp>0</use_exp>
			<use_pow10>0</use_pow10>
			<use_ln>0</use_ln>
			<use_log10>0</use_log10>
			<use_log2>0</use_log2>
			<use_floor>0</use_floor>
			<use_ceil>0</use_ceil>
			<use_abs>0</use_abs>
			<use_inv>0</use_inv>
			<use_neg>0</use_neg>
			<use_x2>0</use_x2>
			<use_min>0</use_min>
			<use_max>0</use_max>
			<use_not>0</use_not>
			<use_and>0</use_and>
			<use_or>0</use_or>
			<use_xor>0</use_xor>
			<use_nand>0</use_nand>
			<use_nor>0</use_nor>
			<use_sin>0</use_sin>
			<use_cos>0</use_cos>
			<use_tan>0</use_tan>
			<use_asin>0</use_asin>
			<use_acos>0</use_acos>
			<use_atan>0</use_atan>
			<use_iflz>0</use_iflz>
			<use_ifalbcd>1</use_ifalbcd>
			<use_if_a_or_b_cd>0</use_if_a_or_b_cd>
			<use_if_a_xor_b_cd>0</use_if_a_xor_b_cd>
			<use_fmod>1</use_fmod>
		</operators>
		<results>
			<run>
				<running_time>0.237942</running_time>
				<best_training_error>0.25 0 0 0 0 0 0 0 0 0 0 0 0 0 0 0 0 0 0 0 0 0 0 0 0 0 0 0 0 0 0 0 0 0 0 0 0 0 0 0 0 0 0 0 0 0 0 0 0 0 0 0 0 0 0 0 0 0 0 0 0 0 0 0 0 0 0 0 0 0 0 0 0 0 0 0 0 0 0 0 0 0 0 0 0 0 0 0 0 0 0 0 0 0 0 0 0 0 0 0 </best_training_error>
				<average_training_error>1.47875 1.39375 1.28125 1.1525 1.0025 0.83625 0.75125 0.67375 0.55 0.4075 0.21 0.1075 0.05125 0.0125 0 0 0 0 0 0 0 0 0 0 0 0 0 0 0 0 0 0 0 0 0 0 0 0 0 0 0 0 0 0 0 0 0 0 0 0 0 0 0 0 0 0 0 0 0 0 0 0 0 0 0 0 0 0 0 0 0 0 0 0 0 0 0 0 0 0 0 0 0 0 0 0 0 0 0 0 0 0 0 0 0 0 0 0 0 0 </average_training_error>
				<best_validation_error>-1</best_validation_error>
				<test_error>-1</test_error>
				<best_training_num_incorrect>0.000000 0.000000 0.000000 0.000000 0.000000 0.000000 0.000000 0.000000 0.000000 0.000000 0.000000 0.000000 0.000000 0.000000 0.000000 0.000000 0.000000 0.000000 0.000000 0.000000 0.000000 0.000000 0.000000 0.000000 0.000000 0.000000 0.000000 0.000000 0.000000 0.000000 0.000000 0.000000 0.000000 0.000000 0.000000 0.000000 0.000000 0.000000 0.000000 0.000000 0.000000 0.000000 0.000000 0.000000 0.000000 0.000000 0.000000 0.000000 0.000000 0.000000 0.000000 0.000000 0.000000 0.000000 0.000000 0.000000 0.000000 0.000000 0.000000 0.000000 0.000000 0.000000 0.000000 0.000000 0.000000 0.000000 0.000000 0.000000 0.000000 0.000000 0.000000 0.000000 0.000000 0.000000 0.000000 0.000000 0.000000 0.000000 0.000000 0.000000 0.000000 0.000000 0.000000 0.000000 0.000000 0.000000 0.000000 0.000000 0.000000 0.000000 0.000000 0.000000 0.000000 0.000000 0.000000 0.000000 0.000000 0.000000 0.000000 0.000000 </best_training_num_incorrect>
				<average_training_num_incorrect>0.000000 0.000000 0.000000 0.000000 0.000000 0.000000 0.000000 0.000000 0.000000 0.000000 0.000000 0.000000 0.000000 0.000000 0.000000 0.000000 0.000000 0.000000 0.000000 0.000000 0.000000 0.000000 0.000000 0.000000 0.000000 0.000000 0.000000 0.000000 0.000000 0.000000 0.000000 0.000000 0.000000 0.000000 0.000000 0.000000 0.000000 0.000000 0.000000 0.000000 0.000000 0.000000 0.000000 0.000000 0.000000 0.000000 0.000000 0.000000 0.000000 0.000000 0.000000 0.000000 0.000000 0.000000 0.000000 0.000000 0.000000 0.000000 0.000000 0.000000 0.000000 0.000000 0.000000 0.000000 0.000000 0.000000 0.000000 0.000000 0.000000 0.000000 0.000000 0.000000 0.000000 0.000000 0.000000 0.000000 0.000000 0.000000 0.000000 0.000000 0.000000 0.000000 0.000000 0.000000 0.000000 0.000000 0.000000 0.000000 0.000000 0.000000 0.000000 0.000000 0.000000 0.000000 0.000000 0.000000 0.000000 0.000000 0.000000 0.000000 </average_training_num_incorrect>
				<best_validation_num_incorrect>-1</best_validation_num_incorrect>
				<test_num_incorrect>-1</test_num_incorrect>
				<last_generation>99</last_generation>
				<num_generations>100</num_generations>
				<program>
					<code_length>50</code_length>
					<num_variables>6</num_variables>
					<num_outputs>1</num_outputs>
					<problem_type>3</problem_type>
					<data_type>2</data_type>
					<error_measure>0</error_measure>
					<code>
						<i>0</i>
						<i>4294967295 0 0 0 0</i>
						<i>1</i>
						<i>4294967294 2 2 0 2</i>
						<i>4294967293 0 3 3 0</i>
						<i>4294967294 3 0 4 0</i>
						<i>4294967293 4 4 1 5</i>
						<i>0</i>
						<i>4294967264 4 7 3 6</i>
						<i>4294967295 4 4 6 0</i>
						<i>1</i>
						<i>0</i>
						<i>3</i>
						<i>0</i>
						<i>3</i>
						<i>4294967294 8 4 0 5</i>
						<i>4294967270 6 2 10 14</i>
						<i>4</i>
						<i>4294967295 10 10 17 5</i>
						<i>4294967294 4 12 10 9</i>
						<i>4294967293 2 18 13 17</i>
						<i>4294967294 2 11 10 14</i>
						<i>5</i>
						<i>2</i>
						<i>5</i>
						<i>4</i>
						<i>0</i>
						<i>4294967293 1 1 7 1</i>
						<i>4294967294 17 7 6 18</i>
						<i>2</i>
						<i>1</i>
						<i>1</i>
						<i>7</i>
						<i>4294967270 12 27 21 15</i>
						<i>4294967295 0 28 4 6</i>
						<i>7</i>
						<i>4294967295 22 0 24 21</i>
						<i>4294967295 1 16 24 4</i>
						<i>2</i>
						<i>4294967295 10 33 5 31</i>
						<i>4294967270 34 39 16 28</i>
						<i>4294967295 2 21 9 2</i>
						<i>7</i>
						<i>4294967294 13 21 34 30</i>
						<i>2</i>
						<i>7</i>
						<i>4294967295 14 11 38 22</i>
						<i>4294967293 19 1 26 37</i>
						<i>1</i>
						<i>3</i>
					</code>
					<best_genes>39 </best_genes>
					<max_index_best_genes>39</max_index_best_genes>
					<error>0</error>
					<num_incorrectly_classified>0.000000</num_incorrectly_classified>
					<binary_classification_threshold>0</binary_classification_threshold>
					<num_constants>2</num_constants>
					<constants>2 5 </constants>
					<num_classes>0</num_classes>
				</program>
			</run>
			<run>
				<running_time>0.21441</running_time>
				<best_training_error>0.75 0.25 0 0 0 0 0 0 0 0 0 0 0 0 0 0 0 0 0 0 0 0 0 0 0 0 0 0 0 0 0 0 0 0 0 0 0 0 0 0 0 0 0 0 0 0 0 0 0 0 0 0 0 0 0 0 0 0 0 0 0 0 0 0 0 0 0 0 0 0 0 0 0 0 0 0 0 0 0 0 0 0 0 0 0 0 0 0 0 0 0 0 0 0 0 0 0 0 0 0 </best_training_error>
				<average_training_error>1.46125 1.395 1.2825 1.1025 0.89625 0.695 0.4525 0.12875 0 0 0 0 0 0 0 0 0 0 0 0 0 0 0 0 0 0 0 0 0 0 0 0 0 0 0 0 0 0 0 0 0 0 0 0 0 0 0 0 0 0 0 0 0 0 0 0 0 0 0 0 0 0 0 0 0 0 0 0 0 0 0 0 0 0 0 0 0 0 0 0 0 0 0 0 0 0 0 0 0 0 0 0 0 0 0 0 0 0 0 0 </average_training_error>
				<best_validation_error>-1</best_validation_error>
				<test_error>-1</test_error>
				<best_training_num_incorrect>0.000000 0.000000 0.000000 0.000000 0.000000 0.000000 0.000000 0.000000 0.000000 0.000000 0.000000 0.000000 0.000000 0.000000 0.000000 0.000000 0.000000 0.000000 0.000000 0.000000 0.000000 0.000000 0.000000 0.000000 0.000000 0.000000 0.000000 0.000000 0.000000 0.000000 0.000000 0.000000 0.000000 0.000000 0.000000 0.000000 0.000000 0.000000 0.000000 0.000000 0.000000 0.000000 0.000000 0.000000 0.000000 0.000000 0.000000 0.000000 0.000000 0.000000 0.000000 0.000000 0.000000 0.000000 0.000000 0.000000 0.000000 0.000000 0.000000 0.000000 0.000000 0.000000 0.000000 0.000000 0.000000 0.000000 0.000000 0.000000 0.000000 0.000000 0.000000 0.000000 0.000000 0.000000 0.000000 0.000000 0.000000 0.000000 0.000000 0.000000 0.000000 0.000000 0.000000 0.000000 0.000000 0.000000 0.000000 0.000000 0.000000 0.000000 0.000000 0.000000 0.000000 0.000000 0.000000 0.000000 0.000000 0.000000 0.000000 0.000000 </best_training_num_incorrect>
				<average_training_num_incorrect>0.000000 0.000000 0.000000 0.000000 0.000000 0.000000 0.000000 0.000000 0.000000 0.000000 0.000000 0.000000 0.000000 0.000000 0.000000 0.000000 0.000000 0.000000 0.000000 0.000000 0.000000 0.000000 0.000000 0.000000 0.000000 0.000000 0.000000 0.000000 0.000000 0.000000 0.000000 0.000000 0.000000 0.000000 0.000000 0.000000 0.000000 0.000000 0.000000 0.000000 0.000000 0.000000 0.000000 0.000000 0.000000 0.000000 0.000000 0.000000 0.000000 0.000000 0.000000 0.000000 0.000000 0.000000 0.000000 0.000000 0.000000 0.000000 0.000000 0.000000 0.000000 0.000000 0.000000 0.000000 0.000000 0.000000 0.000000 0.000000 0.000000 0.000000 0.000000 0.000000 0.000000 0.000000 0.000000 0.000000 0.000000 0.000000 0.000000 0.000000 0.000000 0.000000 0.000000 0.000000 0.000000 0.000000 0.000000 0.000000 0.000000 0.000000 0.000000 0.000000 0.000000 0.000000 0.000000 0.000000 0.000000 0.000000 0.000000 0.000000 </average_training_num_incorrect>
				<best_validation_num_incorrect>-1</best_validation_num_incorrect>
				<test_num_incorrect>-1</test_num_incorrect>
				<last_generation>99</last_generation>
				<num_generations>100</num_generations>
				<program>
					<code_length>50</code_length>
					<num_variables>6</num_variables>
					<num_outputs>1</num_outputs>
					<problem_type>3</problem_type>
					<data_type>2</data_type>
					<error_measure>0</error_measure>
					<code>
						<i>1</i>
						<i>0</i>
						<i>4294967294 1 0 0 0</i>
						<i>3</i>
						<i>1</i>
						<i>2</i>
						<i>4294967295 5 2 5 5</i>
						<i>0</i>
						<i>3</i>
						<i>4294967294 6 0 4 3</i>
						<i>4294967293 5 1 8 8</i>
						<i>4294967294 4 2 10 7</i>
						<i>0</i>
						<i>4294967293 8 11 2 5</i>
						<i>4294967270 2 1 2 0</i>
						<i>7</i>
						<i>7</i>
						<i>4294967294 0 13 16 16</i>
						<i>7</i>
						<i>4</i>
						<i>2</i>
						<i>2</i>
						<i>5</i>
						<i>4294967295 14 3 12 17</i>
						<i>4294967270 7 23 11 14</i>
						<i>6</i>
						<i>1</i>
						<i>4294967295 22 4 24 19</i>
						<i>5</i>
						<i>6</i>
						<i>0</i>
						<i>4294967264 6 0 30 4</i>
						<i>4294967295 1 29 2 28</i>
						<i>4</i>
						<i>4</i>
						<i>5</i>
						<i>4294967293 31 16 8 1</i>
						<i>0</i>
						<i>4294967295 24 24 36 29</i>
						<i>1</i>
						<i>1</i>
						<i>4294967270 18 38 27 39</i>
						<i>4294967295 13 13 24 27</i>
						<i>4</i>
						<i>6</i>
						<i>4294967270 12 24 21 19</i>
						<i>1</i>
						<i>4294967293 2 45 46 10</i>
						<i>4294967264 23 12 36 38</i>
						<i>4294967295 39 48 14 7</i>
					</code>
					<best_genes>11 </best_genes>
					<max_index_best_genes>11</max_index_best_genes>
					<error>0</error>
					<num_incorrectly_classified>0.000000</num_incorrectly_classified>
					<binary_classification_threshold>0</binary_classification_threshold>
					<num_constants>2</num_constants>
					<constants>2 5 </constants>
					<num_classes>0</num_classes>
				</program>
			</run>
			<run>
				<running_time>0.219115</running_time>
				<best_training_error>0.5 0 0 0 0 0 0 0 0 0 0 0 0 0 0 0 0 0 0 0 0 0 0 0 0 0 0 0 0 0 0 0 0 0 0 0 0 0 0 0 0 0 0 0 0 0 0 0 0 0 0 0 0 0 0 0 0 0 0 0 0 0 0 0 0 0 0 0 0 0 0 0 0 0 0 0 0 0 0 0 0 0 0 0 0 0 0 0 0 0 0 0 0 0 0 0 0 0 0 0 </best_training_error>
				<average_training_error>1.4675 1.41375 1.33125 1.20375 1.0175 0.88375 0.805 0.6975 0.49875 0.305 0.235 0.1675 0.09 0.03375 0 0 0 0 0 0 0 0 0 0 0 0 0 0 0 0 0 0 0 0 0 0 0 0 0 0 0 0 0 0 0 0 0 0 0 0 0 0 0 0 0 0 0 0 0 0 0 0 0 0 0 0 0 0 0 0 0 0 0 0 0 0 0 0 0 0 0 0 0 0 0 0 0 0 0 0 0 0 0 0 0 0 0 0 0 0 </average_training_error>
				<best_validation_error>-1</best_validation_error>
				<test_error>-1</test_error>
				<best_training_num_incorrect>0.000000 0.000000 0.000000 0.000000 0.000000 0.000000 0.000000 0.000000 0.000000 0.000000 0.000000 0.000000 0.000000 0.000000 0.000000 0.000000 0.000000 0.000000 0.000000 0.000000 0.000000 0.000000 0.000000 0.000000 0.000000 0.000000 0.000000 0.000000 0.000000 0.000000 0.000000 0.000000 0.000000 0.000000 0.000000 0.000000 0.000000 0.000000 0.000000 0.000000 0.000000 0.000000 0.000000 0.000000 0.000000 0.000000 0.000000 0.000000 0.000000 0.000000 0.000000 0.000000 0.000000 0.000000 0.000000 0.000000 0.000000 0.000000 0.000000 0.000000 0.000000 0.000000 0.000000 0.000000 0.000000 0.000000 0.000000 0.000000 0.000000 0.000000 0.000000 0.000000 0.000000 0.000000 0.000000 0.000000 0.000000 0.000000 0.000000 0.000000 0.000000 0.000000 0.000000 0.000000 0.000000 0.000000 0.000000 0.000000 0.000000 0.000000 0.000000 0.000000 0.000000 0.000000 0.000000 0.000000 0.000000 0.000000 0.000000 0.000000 </best_training_num_incorrect>
				<average_training_num_incorrect>0.000000 0.000000 0.000000 0.000000 0.000000 0.000000 0.000000 0.000000 0.000000 0.000000 0.000000 0.000000 0.000000 0.000000 0.000000 0.000000 0.000000 0.000000 0.000000 0.000000 0.000000 0.000000 0.000000 0.000000 0.000000 0.000000 0.000000 0.000000 0.000000 0.000000 0.000000 0.000000 0.000000 0.000000 0.000000 0.000000 0.000000 0.000000 0.000000 0.000000 0.000000 0.000000 0.000000 0.000000 0.000000 0.000000 0.000000 0.000000 0.000000 0.000000 0.000000 0.000000 0.000000 0.000000 0.000000 0.000000 0.000000 0.000000 0.000000 0.000000 0.000000 0.000000 0.000000 0.000000 0.000000 0.000000 0.000000 0.000000 0.000000 0.000000 0.000000 0.000000 0.000000 0.000000 0.000000 0.000000 0.000000 0.000000 0.000000 0.000000 0.000000 0.000000 0.000000 0.000000 0.000000 0.000000 0.000000 0.000000 0.000000 0.000000 0.000000 0.000000 0.000000 0.000000 0.000000 0.000000 0.000000 0.000000 0.000000 0.000000 </average_training_num_incorrect>
				<best_validation_num_incorrect>-1</best_validation_num_incorrect>
				<test_num_incorrect>-1</test_num_incorrect>
				<last_generation>99</last_generation>
				<num_generations>100</num_generations>
				<program>
					<code_length>50</code_length>
					<num_variables>6</num_variables>
					<num_outputs>1</num_outputs>
					<problem_type>3</problem_type>
					<data_type>2</data_type>
					<error_measure>0</error_measure>
					<code>
						<i>0</i>
						<i>1</i>
						<i>6</i>
						<i>0</i>
						<i>2</i>
						<i>4294967295 4 0 4 4</i>
						<i>1</i>
						<i>4294967270 6 0 0 1</i>
						<i>4294967294 6 3 7 7</i>
						<i>6</i>
						<i>5</i>
						<i>4294967270 8 0 7 8</i>
						<i>1</i>
						<i>4294967295 0 9 4 1</i>
						<i>4294967295 11 10 3 5</i>
						<i>4</i>
						<i>4</i>
						<i>3</i>
						<i>4</i>
						<i>7</i>
						<i>4294967295 3 12 8 5</i>
						<i>1</i>
						<i>4294967294 20 6 3 12</i>
						<i>5</i>
						<i>7</i>
						<i>4294967295 21 8 21 7</i>
						<i>5</i>
						<i>5</i>
						<i>0</i>
						<i>2</i>
						<i>1</i>
						<i>4294967294 9 26 19 1</i>
						<i>4294967293 31 25 4 1</i>
						<i>4</i>
						<i>0</i>
						<i>4294967295 17 26 0 5</i>
						<i>3</i>
						<i>0</i>
						<i>1</i>
						<i>4294967294 24 33 37 13</i>
						<i>3</i>
						<i>4294967270 4 22 16 17</i>
						<i>2</i>
						<i>6</i>
						<i>2</i>
						<i>5</i>
						<i>4294967293 30 26 11 6</i>
						<i>7</i>
						<i>2</i>
						<i>4294967295 48 29 31 19</i>
					</code>
					<best_genes>25 </best_genes>
					<max_index_best_genes>25</max_index_best_genes>
					<error>0</error>
					<num_incorrectly_classified>0.000000</num_incorrectly_classified>
					<binary_classification_threshold>0</binary_classification_threshold>
					<num_constants>2</num_constants>
					<constants>2 5 </constants>
					<num_classes>0</num_classes>
				</program>
			</run>
			<run>
				<running_time>0.217073</running_time>
				<best_training_error>0 0 0 0 0 0 0 0 0 0 0 0 0 0 0 0 0 0 0 0 0 0 0 0 0 0 0 0 0 0 0 0 0 0 0 0 0 0 0 0 0 0 0 0 0 0 0 0 0 0 0 0 0 0 0 0 0 0 0 0 0 0 0 0 0 0 0 0 0 0 0 0 0 0 0 0 0 0 0 0 0 0 0 0 0 0 0 0 0 0 0 0 0 0 0 0 0 0 0 0 </best_training_error>
				<average_training_error>1.46625 1.37125 1.2125 1.065 0.8425 0.63625 0.45875 0.23 0.0475 0 0 0 0 0 0 0 0 0 0 0 0 0 0 0 0 0 0 0 0 0 0 0 0 0 0 0 0 0 0 0 0 0 0 0 0 0 0 0 0 0 0 0 0 0 0 0 0 0 0 0 0 0 0 0 0 0 0 0 0 0 0 0 0 0 0 0 0 0 0 0 0 0 0 0 0 0 0 0 0 0 0 0 0 0 0 0 0 0 0 0 </average_training_error>
				<best_validation_error>-1</best_validation_error>
				<test_error>-1</test_error>
				<best_training_num_incorrect>0.000000 0.000000 0.000000 0.000000 0.000000 0.000000 0.000000 0.000000 0.000000 0.000000 0.000000 0.000000 0.000000 0.000000 0.000000 0.000000 0.000000 0.000000 0.000000 0.000000 0.000000 0.000000 0.000000 0.000000 0.000000 0.000000 0.000000 0.000000 0.000000 0.000000 0.000000 0.000000 0.000000 0.000000 0.000000 0.000000 0.000000 0.000000 0.000000 0.000000 0.000000 0.000000 0.000000 0.000000 0.000000 0.000000 0.000000 0.000000 0.000000 0.000000 0.000000 0.000000 0.000000 0.000000 0.000000 0.000000 0.000000 0.000000 0.000000 0.000000 0.000000 0.000000 0.000000 0.000000 0.000000 0.000000 0.000000 0.000000 0.000000 0.000000 0.000000 0.000000 0.000000 0.000000 0.000000 0.000000 0.000000 0.000000 0.000000 0.000000 0.000000 0.000000 0.000000 0.000000 0.000000 0.000000 0.000000 0.000000 0.000000 0.000000 0.000000 0.000000 0.000000 0.000000 0.000000 0.000000 0.000000 0.000000 0.000000 0.000000 </best_training_num_incorrect>
				<average_training_num_incorrect>0.000000 0.000000 0.000000 0.000000 0.000000 0.000000 0.000000 0.000000 0.000000 0.000000 0.000000 0.000000 0.000000 0.000000 0.000000 0.000000 0.000000 0.000000 0.000000 0.000000 0.000000 0.000000 0.000000 0.000000 0.000000 0.000000 0.000000 0.000000 0.000000 0.000000 0.000000 0.000000 0.000000 0.000000 0.000000 0.000000 0.000000 0.000000 0.000000 0.000000 0.000000 0.000000 0.000000 0.000000 0.000000 0.000000 0.000000 0.000000 0.000000 0.000000 0.000000 0.000000 0.000000 0.000000 0.000000 0.000000 0.000000 0.000000 0.000000 0.000000 0.000000 0.000000 0.000000 0.000000 0.000000 0.000000 0.000000 0.000000 0.000000 0.000000 0.000000 0.000000 0.000000 0.000000 0.000000 0.000000 0.000000 0.000000 0.000000 0.000000 0.000000 0.000000 0.000000 0.000000 0.000000 0.000000 0.000000 0.000000 0.000000 0.000000 0.000000 0.000000 0.000000 0.000000 0.000000 0.000000 0.000000 0.000000 0.000000 0.000000 </average_training_num_incorrect>
				<best_validation_num_incorrect>-1</best_validation_num_incorrect>
				<test_num_incorrect>-1</test_num_incorrect>
				<last_generation>99</last_generation>
				<num_generations>100</num_generations>
				<program>
					<code_length>50</code_length>
					<num_variables>6</num_variables>
					<num_outputs>1</num_outputs>
					<problem_type>3</problem_type>
					<data_type>2</data_type>
					<error_measure>0</error_measure>
					<code>
						<i>1</i>
						<i>0</i>
						<i>0</i>
						<i>4294967264 2 1 1 0</i>
						<i>6</i>
						<i>4294967295 2 3 0 4</i>
						<i>4294967293 1 3 0 1</i>
						<i>4294967295 1 6 6 6</i>
						<i>0</i>
						<i>5</i>
						<i>1</i>
						<i>4294967294 10 2 4 5</i>
						<i>0</i>
						<i>4294967295 4 5 3 12</i>
						<i>4294967264 3 8 12 0</i>
						<i>4294967295 0 4 5 1</i>
						<i>1</i>
						<i>1</i>
						<i>0</i>
						<i>4294967293 5 6 11 14</i>
						<i>3</i>
						<i>4294967270 10 3 9 6</i>
						<i>4294967294 11 17 16 11</i>
						<i>0</i>
						<i>4294967270 22 1 4 20</i>
						<i>1</i>
						<i>1</i>
						<i>4294967292 25 26 16 20</i>
						<i>4294967293 10 19 13 11</i>
						<i>4294967293 15 3 18 23</i>
						<i>4294967295 13 9 28 8</i>
						<i>2</i>
						<i>4294967294 3 0 5 16</i>
						<i>2</i>
						<i>4</i>
						<i>5</i>
						<i>4</i>
						<i>7</i>
						<i>4294967270 21 14 25 4</i>
						<i>4294967264 4 4 31 38</i>
						<i>2</i>
						<i>4294967270 32 34 30 40</i>
						<i>2</i>
						<i>1</i>
						<i>4294967294 36 11 4 18</i>
						<i>4294967295 17 11 3 19</i>
						<i>4294967295 40 11 45 0</i>
						<i>0</i>
						<i>4294967294 47 30 36 13</i>
						<i>4294967294 8 46 21 5</i>
					</code>
					<best_genes>45 </best_genes>
					<max_index_best_genes>45</max_index_best_genes>
					<error>0</error>
					<num_incorrectly_classified>0.000000</num_incorrectly_classified>
					<binary_classification_threshold>0</binary_classification_threshold>
					<num_constants>2</num_constants>
					<constants>2 5 </constants>
					<num_classes>0</num_classes>
				</program>
			</run>
			<run>
				<running_time>0.216718</running_time>
				<best_training_error>0.25 0 0 0 0 0 0 0 0 0 0 0 0 0 0 0 0 0 0 0 0 0 0 0 0 0 0 0 0 0 0 0 0 0 0 0 0 0 0 0 0 0 0 0 0 0 0 0 0 0 0 0 0 0 0 0 0 0 0 0 0 0 0 0 0 0 0 0 0 0 0 0 0 0 0 0 0 0 0 0 0 0 0 0 0 0 0 0 0 0 0 0 0 0 0 0 0 0 0 0 </best_training_error>
				<average_training_error>1.47125 1.39125 1.27875 1.1125 0.90625 0.75625 0.58375 0.34125 0.08125 0 0 0 0 0 0 0 0 0 0 0 0 0 0 0 0 0 0 0 0 0 0 0 0 0 0 0 0 0 0 0 0 0 0 0 0 0 0 0 0 0 0 0 0 0 0 0 0 0 0 0 0 0 0 0 0 0 0 0 0 0 0 0 0 0 0 0 0 0 0 0 0 0 0 0 0 0 0 0 0 0 0 0 0 0 0 0 0 0 0 0 </average_training_error>
				<best_validation_error>-1</best_validation_error>
				<test_error>-1</test_error>
				<best_training_num_incorrect>0.000000 0.000000 0.000000 0.000000 0.000000 0.000000 0.000000 0.000000 0.000000 0.000000 0.000000 0.000000 0.000000 0.000000 0.000000 0.000000 0.000000 0.000000 0.000000 0.000000 0.000000 0.000000 0.000000 0.000000 0.000000 0.000000 0.000000 0.000000 0.000000 0.000000 0.000000 0.000000 0.000000 0.000000 0.000000 0.000000 0.000000 0.000000 0.000000 0.000000 0.000000 0.000000 0.000000 0.000000 0.000000 0.000000 0.000000 0.000000 0.000000 0.000000 0.000000 0.000000 0.000000 0.000000 0.000000 0.000000 0.000000 0.000000 0.000000 0.000000 0.000000 0.000000 0.000000 0.000000 0.000000 0.000000 0.000000 0.000000 0.000000 0.000000 0.000000 0.000000 0.000000 0.000000 0.000000 0.000000 0.000000 0.000000 0.000000 0.000000 0.000000 0.000000 0.000000 0.000000 0.000000 0.000000 0.000000 0.000000 0.000000 0.000000 0.000000 0.000000 0.000000 0.000000 0.000000 0.000000 0.000000 0.000000 0.000000 0.000000 </best_training_num_incorrect>
				<average_training_num_incorrect>0.000000 0.000000 0.000000 0.000000 0.000000 0.000000 0.000000 0.000000 0.000000 0.000000 0.000000 0.000000 0.000000 0.000000 0.000000 0.000000 0.000000 0.000000 0.000000 0.000000 0.000000 0.000000 0.000000 0.000000 0.000000 0.000000 0.000000 0.000000 0.000000 0.000000 0.000000 0.000000 0.000000 0.000000 0.000000 0.000000 0.000000 0.000000 0.000000 0.000000 0.000000 0.000000 0.000000 0.000000 0.000000 0.000000 0.000000 0.000000 0.000000 0.000000 0.000000 0.000000 0.000000 0.000000 0.000000 0.000000 0.000000 0.000000 0.000000 0.000000 0.000000 0.000000 0.000000 0.000000 0.000000 0.000000 0.000000 0.000000 0.000000 0.000000 0.000000 0.000000 0.000000 0.000000 0.000000 0.000000 0.000000 0.000000 0.000000 0.000000 0.000000 0.000000 0.000000 0.000000 0.000000 0.000000 0.000000 0.000000 0.000000 0.000000 0.000000 0.000000 0.000000 0.000000 0.000000 0.000000 0.000000 0.000000 0.000000 0.000000 </average_training_num_incorrect>
				<best_validation_num_incorrect>-1</best_validation_num_incorrect>
				<test_num_incorrect>-1</test_num_incorrect>
				<last_generation>99</last_generation>
				<num_generations>100</num_generations>
				<program>
					<code_length>50</code_length>
					<num_variables>6</num_variables>
					<num_outputs>1</num_outputs>
					<problem_type>3</problem_type>
					<data_type>2</data_type>
					<error_measure>0</error_measure>
					<code>
						<i>3</i>
						<i>2</i>
						<i>5</i>
						<i>6</i>
						<i>3</i>
						<i>0</i>
						<i>4294967270 2 5 5 4</i>
						<i>4294967293 1 3 1 3</i>
						<i>4294967295 6 0 5 6</i>
						<i>5</i>
						<i>1</i>
						<i>1</i>
						<i>4294967295 7 1 11 2</i>
						<i>1</i>
						<i>2</i>
						<i>4294967292 11 1 1 11</i>
						<i>0</i>
						<i>4294967294 7 8 5 0</i>
						<i>4294967293 0 15 8 8</i>
						<i>1</i>
						<i>4294967270 11 13 15 16</i>
						<i>7</i>
						<i>4294967292 11 2 11 21</i>
						<i>5</i>
						<i>1</i>
						<i>3</i>
						<i>1</i>
						<i>5</i>
						<i>4</i>
						<i>4294967270 18 18 15 28</i>
						<i>0</i>
						<i>1</i>
						<i>7</i>
						<i>7</i>
						<i>1</i>
						<i>4294967295 19 11 29 34</i>
						<i>1</i>
						<i>1</i>
						<i>1</i>
						<i>0</i>
						<i>0</i>
						<i>4294967294 34 30 39 9</i>
						<i>4294967294 35 5 9 35</i>
						<i>6</i>
						<i>4</i>
						<i>4294967264 3 35 13 36</i>
						<i>6</i>
						<i>4294967292 44 37 45 6</i>
						<i>4294967270 30 5 9 19</i>
						<i>2</i>
					</code>
					<best_genes>42 </best_genes>
					<max_index_best_genes>42</max_index_best_genes>
					<error>0</error>
					<num_incorrectly_classified>0.000000</num_incorrectly_classified>
					<binary_classification_threshold>0</binary_classification_threshold>
					<num_constants>2</num_constants>
					<constants>2 5 </constants>
					<num_classes>0</num_classes>
				</program>
			</run>
			<run>
				<running_time>0.21536</running_time>
				<best_training_error>0 0 0 0 0 0 0 0 0 0 0 0 0 0 0 0 0 0 0 0 0 0 0 0 0 0 0 0 0 0 0 0 0 0 0 0 0 0 0 0 0 0 0 0 0 0 0 0 0 0 0 0 0 0 0 0 0 0 0 0 0 0 0 0 0 0 0 0 0 0 0 0 0 0 0 0 0 0 0 0 0 0 0 0 0 0 0 0 0 0 0 0 0 0 0 0 0 0 0 0 </best_training_error>
				<average_training_error>1.44125 1.3875 1.31375 1.22 1.0775 0.90625 0.76 0.62375 0.5025 0.38 0.29875 0.2275 0.21375 0.195 0.16125 0.10625 0.05625 0 0 0 0 0 0 0 0 0 0 0 0 0 0 0 0 0 0 0 0 0 0 0 0 0 0 0 0 0 0 0 0 0 0 0 0 0 0 0 0 0 0 0 0 0 0 0 0 0 0 0 0 0 0 0 0 0 0 0 0 0 0 0 0 0 0 0 0 0 0 0 0 0 0 0 0 0 0 0 0 0 0 0 </average_training_error>
				<best_validation_error>-1</best_validation_error>
				<test_error>-1</test_error>
				<best_training_num_incorrect>0.000000 0.000000 0.000000 0.000000 0.000000 0.000000 0.000000 0.000000 0.000000 0.000000 0.000000 0.000000 0.000000 0.000000 0.000000 0.000000 0.000000 0.000000 0.000000 0.000000 0.000000 0.000000 0.000000 0.000000 0.000000 0.000000 0.000000 0.000000 0.000000 0.000000 0.000000 0.000000 0.000000 0.000000 0.000000 0.000000 0.000000 0.000000 0.000000 0.000000 0.000000 0.000000 0.000000 0.000000 0.000000 0.000000 0.000000 0.000000 0.000000 0.000000 0.000000 0.000000 0.000000 0.000000 0.000000 0.000000 0.000000 0.000000 0.000000 0.000000 0.000000 0.000000 0.000000 0.000000 0.000000 0.000000 0.000000 0.000000 0.000000 0.000000 0.000000 0.000000 0.000000 0.000000 0.000000 0.000000 0.000000 0.000000 0.000000 0.000000 0.000000 0.000000 0.000000 0.000000 0.000000 0.000000 0.000000 0.000000 0.000000 0.000000 0.000000 0.000000 0.000000 0.000000 0.000000 0.000000 0.000000 0.000000 0.000000 0.000000 </best_training_num_incorrect>
				<average_training_num_incorrect>0.000000 0.000000 0.000000 0.000000 0.000000 0.000000 0.000000 0.000000 0.000000 0.000000 0.000000 0.000000 0.000000 0.000000 0.000000 0.000000 0.000000 0.000000 0.000000 0.000000 0.000000 0.000000 0.000000 0.000000 0.000000 0.000000 0.000000 0.000000 0.000000 0.000000 0.000000 0.000000 0.000000 0.000000 0.000000 0.000000 0.000000 0.000000 0.000000 0.000000 0.000000 0.000000 0.000000 0.000000 0.000000 0.000000 0.000000 0.000000 0.000000 0.000000 0.000000 0.000000 0.000000 0.000000 0.000000 0.000000 0.000000 0.000000 0.000000 0.000000 0.000000 0.000000 0.000000 0.000000 0.000000 0.000000 0.000000 0.000000 0.000000 0.000000 0.000000 0.000000 0.000000 0.000000 0.000000 0.000000 0.000000 0.000000 0.000000 0.000000 0.000000 0.000000 0.000000 0.000000 0.000000 0.000000 0.000000 0.000000 0.000000 0.000000 0.000000 0.000000 0.000000 0.000000 0.000000 0.000000 0.000000 0.000000 0.000000 0.000000 </average_training_num_incorrect>
				<best_validation_num_incorrect>-1</best_validation_num_incorrect>
				<test_num_incorrect>-1</test_num_incorrect>
				<last_generation>99</last_generation>
				<num_generations>100</num_generations>
				<program>
					<code_length>50</code_length>
					<num_variables>6</num_variables>
					<num_outputs>1</num_outputs>
					<problem_type>3</problem_type>
					<data_type>2</data_type>
					<error_measure>0</error_measure>
					<code>
						<i>6</i>
						<i>4294967294 0 0 0 0</i>
						<i>2</i>
						<i>0</i>
						<i>4294967295 3 0 2 2</i>
						<i>2</i>
						<i>0</i>
						<i>4294967293 1 0 6 2</i>
						<i>0</i>
						<i>4</i>
						<i>0</i>
						<i>4</i>
						<i>4</i>
						<i>4294967295 1 4 2 12</i>
						<i>4294967292 11 0 12 6</i>
						<i>4294967295 2 10 2 13</i>
						<i>2</i>
						<i>4</i>
						<i>2</i>
						<i>1</i>
						<i>0</i>
						<i>4</i>
						<i>4294967294 20 9 12 18</i>
						<i>4294967293 21 19 6 11</i>
						<i>7</i>
						<i>3</i>
						<i>4294967264 19 15 20 4</i>
						<i>4294967295 4 20 12 26</i>
						<i>5</i>
						<i>0</i>
						<i>1</i>
						<i>1</i>
						<i>6</i>
						<i>4294967295 11 8 27 0</i>
						<i>4294967293 4 5 28 5</i>
						<i>2</i>
						<i>4</i>
						<i>4294967295 27 8 27 18</i>
						<i>4294967295 3 17 25 15</i>
						<i>4294967293 19 23 16 1</i>
						<i>1</i>
						<i>1</i>
						<i>4</i>
						<i>4294967293 31 13 22 32</i>
						<i>4294967295 39 29 5 18</i>
						<i>4294967293 16 30 2 43</i>
						<i>2</i>
						<i>1</i>
						<i>0</i>
						<i>4294967270 15 26 35 46</i>
					</code>
					<best_genes>43 </best_genes>
					<max_index_best_genes>43</max_index_best_genes>
					<error>0</error>
					<num_incorrectly_classified>0.000000</num_incorrectly_classified>
					<binary_classification_threshold>0</binary_classification_threshold>
					<num_constants>2</num_constants>
					<constants>2 5 </constants>
					<num_classes>0</num_classes>
				</program>
			</run>
			<run>
				<running_time>0.221583</running_time>
				<best_training_error>0 0 0 0 0 0 0 0 0 0 0 0 0 0 0 0 0 0 0 0 0 0 0 0 0 0 0 0 0 0 0 0 0 0 0 0 0 0 0 0 0 0 0 0 0 0 0 0 0 0 0 0 0 0 0 0 0 0 0 0 0 0 0 0 0 0 0 0 0 0 0 0 0 0 0 0 0 0 0 0 0 0 0 0 0 0 0 0 0 0 0 0 0 0 0 0 0 0 0 0 </best_training_error>
				<average_training_error>1.4625 1.39375 1.29375 1.19625 1 0.83 0.7025 0.54875 0.39875 0.2575 0.1325 0.02125 0 0 0 0 0 0 0 0 0 0 0 0 0 0 0 0 0 0 0 0 0 0 0 0 0 0 0 0 0 0 0 0 0 0 0 0 0 0 0 0 0 0 0 0 0 0 0 0 0 0 0 0 0 0 0 0 0 0 0 0 0 0 0 0 0 0 0 0 0 0 0 0 0 0 0 0 0 0 0 0 0 0 0 0 0 0 0 0 </average_training_error>
				<best_validation_error>-1</best_validation_error>
				<test_error>-1</test_error>
				<best_training_num_incorrect>0.000000 0.000000 0.000000 0.000000 0.000000 0.000000 0.000000 0.000000 0.000000 0.000000 0.000000 0.000000 0.000000 0.000000 0.000000 0.000000 0.000000 0.000000 0.000000 0.000000 0.000000 0.000000 0.000000 0.000000 0.000000 0.000000 0.000000 0.000000 0.000000 0.000000 0.000000 0.000000 0.000000 0.000000 0.000000 0.000000 0.000000 0.000000 0.000000 0.000000 0.000000 0.000000 0.000000 0.000000 0.000000 0.000000 0.000000 0.000000 0.000000 0.000000 0.000000 0.000000 0.000000 0.000000 0.000000 0.000000 0.000000 0.000000 0.000000 0.000000 0.000000 0.000000 0.000000 0.000000 0.000000 0.000000 0.000000 0.000000 0.000000 0.000000 0.000000 0.000000 0.000000 0.000000 0.000000 0.000000 0.000000 0.000000 0.000000 0.000000 0.000000 0.000000 0.000000 0.000000 0.000000 0.000000 0.000000 0.000000 0.000000 0.000000 0.000000 0.000000 0.000000 0.000000 0.000000 0.000000 0.000000 0.000000 0.000000 0.000000 </best_training_num_incorrect>
				<average_training_num_incorrect>0.000000 0.000000 0.000000 0.000000 0.000000 0.000000 0.000000 0.000000 0.000000 0.000000 0.000000 0.000000 0.000000 0.000000 0.000000 0.000000 0.000000 0.000000 0.000000 0.000000 0.000000 0.000000 0.000000 0.000000 0.000000 0.000000 0.000000 0.000000 0.000000 0.000000 0.000000 0.000000 0.000000 0.000000 0.000000 0.000000 0.000000 0.000000 0.000000 0.000000 0.000000 0.000000 0.000000 0.000000 0.000000 0.000000 0.000000 0.000000 0.000000 0.000000 0.000000 0.000000 0.000000 0.000000 0.000000 0.000000 0.000000 0.000000 0.000000 0.000000 0.000000 0.000000 0.000000 0.000000 0.000000 0.000000 0.000000 0.000000 0.000000 0.000000 0.000000 0.000000 0.000000 0.000000 0.000000 0.000000 0.000000 0.000000 0.000000 0.000000 0.000000 0.000000 0.000000 0.000000 0.000000 0.000000 0.000000 0.000000 0.000000 0.000000 0.000000 0.000000 0.000000 0.000000 0.000000 0.000000 0.000000 0.000000 0.000000 0.000000 </average_training_num_incorrect>
				<best_validation_num_incorrect>-1</best_validation_num_incorrect>
				<test_num_incorrect>-1</test_num_incorrect>
				<last_generation>99</last_generation>
				<num_generations>100</num_generations>
				<program>
					<code_length>50</code_length>
					<num_variables>6</num_variables>
					<num_outputs>1</num_outputs>
					<problem_type>3</problem_type>
					<data_type>2</data_type>
					<error_measure>0</error_measure>
					<code>
						<i>6</i>
						<i>4294967293 0 0 0 0</i>
						<i>4294967293 0 0 0 1</i>
						<i>0</i>
						<i>4294967293 2 0 3 1</i>
						<i>0</i>
						<i>3</i>
						<i>4294967295 5 0 3 5</i>
						<i>7</i>
						<i>4294967292 0 8 8 3</i>
						<i>4294967293 8 1 0 3</i>
						<i>1</i>
						<i>4294967293 7 2 7 11</i>
						<i>2</i>
						<i>1</i>
						<i>3</i>
						<i>4294967295 11 14 6 8</i>
						<i>4294967295 11 11 2 1</i>
						<i>4294967270 8 3 15 16</i>
						<i>4294967294 7 8 18 8</i>
						<i>7</i>
						<i>4294967294 15 20 8 18</i>
						<i>2</i>
						<i>4294967295 20 4 20 6</i>
						<i>4294967264 13 14 6 2</i>
						<i>4294967295 15 18 24 12</i>
						<i>4294967295 18 8 23 9</i>
						<i>4294967264 2 18 15 20</i>
						<i>4294967292 9 25 16 5</i>
						<i>4294967293 7 0 19 2</i>
						<i>4294967264 23 26 10 7</i>
						<i>4</i>
						<i>0</i>
						<i>4</i>
						<i>4294967294 26 30 5 23</i>
						<i>4294967295 23 26 33 10</i>
						<i>0</i>
						<i>4294967264 20 32 34 18</i>
						<i>5</i>
						<i>7</i>
						<i>4294967293 4 3 17 31</i>
						<i>4294967292 1 20 9 33</i>
						<i>4294967294 24 7 12 36</i>
						<i>7</i>
						<i>1</i>
						<i>6</i>
						<i>1</i>
						<i>4294967294 35 19 14 15</i>
						<i>4294967292 6 31 38 17</i>
						<i>2</i>
					</code>
					<best_genes>42 </best_genes>
					<max_index_best_genes>42</max_index_best_genes>
					<error>0</error>
					<num_incorrectly_classified>0.000000</num_incorrectly_classified>
					<binary_classification_threshold>0</binary_classification_threshold>
					<num_constants>2</num_constants>
					<constants>2 5 </constants>
					<num_classes>0</num_classes>
				</program>
			</run>
			<run>
				<running_time>0.219632</running_time>
				<best_training_error>1 0 0 0 0 0 0 0 0 0 0 0 0 0 0 0 0 0 0 0 0 0 0 0 0 0 0 0 0 0 0 0 0 0 0 0 0 0 0 0 0 0 0 0 0 0 0 0 0 0 0 0 0 0 0 0 0 0 0 0 0 0 0 0 0 0 0 0 0 0 0 0 0 0 0 0 0 0 0 0 0 0 0 0 0 0 0 0 0 0 0 0 0 0 0 0 0 0 0 0 </best_training_error>
				<average_training_error>1.47625 1.40125 1.3375 1.2375 1.08625 0.94625 0.8925 0.83375 0.75125 0.60125 0.415 0.20875 0.07 0.02375 0 0 0 0 0 0 0 0 0 0 0 0 0 0 0 0 0 0 0 0 0 0 0 0 0 0 0 0 0 0 0 0 0 0 0 0 0 0 0 0 0 0 0 0 0 0 0 0 0 0 0 0 0 0 0 0 0 0 0 0 0 0 0 0 0 0 0 0 0 0 0 0 0 0 0 0 0 0 0 0 0 0 0 0 0 0 </average_training_error>
				<best_validation_error>-1</best_validation_error>
				<test_error>-1</test_error>
				<best_training_num_incorrect>0.000000 0.000000 0.000000 0.000000 0.000000 0.000000 0.000000 0.000000 0.000000 0.000000 0.000000 0.000000 0.000000 0.000000 0.000000 0.000000 0.000000 0.000000 0.000000 0.000000 0.000000 0.000000 0.000000 0.000000 0.000000 0.000000 0.000000 0.000000 0.000000 0.000000 0.000000 0.000000 0.000000 0.000000 0.000000 0.000000 0.000000 0.000000 0.000000 0.000000 0.000000 0.000000 0.000000 0.000000 0.000000 0.000000 0.000000 0.000000 0.000000 0.000000 0.000000 0.000000 0.000000 0.000000 0.000000 0.000000 0.000000 0.000000 0.000000 0.000000 0.000000 0.000000 0.000000 0.000000 0.000000 0.000000 0.000000 0.000000 0.000000 0.000000 0.000000 0.000000 0.000000 0.000000 0.000000 0.000000 0.000000 0.000000 0.000000 0.000000 0.000000 0.000000 0.000000 0.000000 0.000000 0.000000 0.000000 0.000000 0.000000 0.000000 0.000000 0.000000 0.000000 0.000000 0.000000 0.000000 0.000000 0.000000 0.000000 0.000000 </best_training_num_incorrect>
				<average_training_num_incorrect>0.000000 0.000000 0.000000 0.000000 0.000000 0.000000 0.000000 0.000000 0.000000 0.000000 0.000000 0.000000 0.000000 0.000000 0.000000 0.000000 0.000000 0.000000 0.000000 0.000000 0.000000 0.000000 0.000000 0.000000 0.000000 0.000000 0.000000 0.000000 0.000000 0.000000 0.000000 0.000000 0.000000 0.000000 0.000000 0.000000 0.000000 0.000000 0.000000 0.000000 0.000000 0.000000 0.000000 0.000000 0.000000 0.000000 0.000000 0.000000 0.000000 0.000000 0.000000 0.000000 0.000000 0.000000 0.000000 0.000000 0.000000 0.000000 0.000000 0.000000 0.000000 0.000000 0.000000 0.000000 0.000000 0.000000 0.000000 0.000000 0.000000 0.000000 0.000000 0.000000 0.000000 0.000000 0.000000 0.000000 0.000000 0.000000 0.000000 0.000000 0.000000 0.000000 0.000000 0.000000 0.000000 0.000000 0.000000 0.000000 0.000000 0.000000 0.000000 0.000000 0.000000 0.000000 0.000000 0.000000 0.000000 0.000000 0.000000 0.000000 </average_training_num_incorrect>
				<best_validation_num_incorrect>-1</best_validation_num_incorrect>
				<test_num_incorrect>-1</test_num_incorrect>
				<last_generation>99</last_generation>
				<num_generations>100</num_generations>
				<program>
					<code_length>50</code_length>
					<num_variables>6</num_variables>
					<num_outputs>1</num_outputs>
					<problem_type>3</problem_type>
					<data_type>2</data_type>
					<error_measure>0</error_measure>
					<code>
						<i>4</i>
						<i>4294967293 0 0 0 0</i>
						<i>1</i>
						<i>0</i>
						<i>4294967294 0 2 2 2</i>
						<i>4294967295 2 4 1 1</i>
						<i>4294967294 2 1 0 3</i>
						<i>4</i>
						<i>1</i>
						<i>4294967294 3 8 5 6</i>
						<i>0</i>
						<i>6</i>
						<i>4294967294 7 3 2 7</i>
						<i>0</i>
						<i>4294967295 11 13 3 6</i>
						<i>2</i>
						<i>4294967295 11 13 6 5</i>
						<i>4294967293 10 13 16 14</i>
						<i>3</i>
						<i>4294967293 8 10 6 5</i>
						<i>5</i>
						<i>4294967270 14 8 6 8</i>
						<i>2</i>
						<i>6</i>
						<i>3</i>
						<i>5</i>
						<i>4294967292 16 2 8 20</i>
						<i>4294967292 17 22 16 1</i>
						<i>4</i>
						<i>7</i>
						<i>2</i>
						<i>4294967295 1 15 15 17</i>
						<i>2</i>
						<i>2</i>
						<i>4294967270 0 2 19 28</i>
						<i>4294967293 24 1 12 33</i>
						<i>3</i>
						<i>7</i>
						<i>0</i>
						<i>1</i>
						<i>7</i>
						<i>4</i>
						<i>6</i>
						<i>1</i>
						<i>5</i>
						<i>4</i>
						<i>6</i>
						<i>4294967294 27 28 18 26</i>
						<i>2</i>
						<i>7</i>
					</code>
					<best_genes>26 </best_genes>
					<max_index_best_genes>26</max_index_best_genes>
					<error>0</error>
					<num_incorrectly_classified>0.000000</num_incorrectly_classified>
					<binary_classification_threshold>0</binary_classification_threshold>
					<num_constants>2</num_constants>
					<constants>2 5 </constants>
					<num_classes>0</num_classes>
				</program>
			</run>
			<run>
				<running_time>0.219421</running_time>
				<best_training_error>0 0 0 0 0 0 0 0 0 0 0 0 0 0 0 0 0 0 0 0 0 0 0 0 0 0 0 0 0 0 0 0 0 0 0 0 0 0 0 0 0 0 0 0 0 0 0 0 0 0 0 0 0 0 0 0 0 0 0 0 0 0 0 0 0 0 0 0 0 0 0 0 0 0 0 0 0 0 0 0 0 0 0 0 0 0 0 0 0 0 0 0 0 0 0 0 0 0 0 0 </best_training_error>
				<average_training_error>1.4475 1.33 1.19 0.98625 0.785 0.60125 0.3975 0.3325 0.23125 0.1275 0.0175 0 0 0 0 0 0 0 0 0 0 0 0 0 0 0 0 0 0 0 0 0 0 0 0 0 0 0 0 0 0 0 0 0 0 0 0 0 0 0 0 0 0 0 0 0 0 0 0 0 0 0 0 0 0 0 0 0 0 0 0 0 0 0 0 0 0 0 0 0 0 0 0 0 0 0 0 0 0 0 0 0 0 0 0 0 0 0 0 0 </average_training_error>
				<best_validation_error>-1</best_validation_error>
				<test_error>-1</test_error>
				<best_training_num_incorrect>0.000000 0.000000 0.000000 0.000000 0.000000 0.000000 0.000000 0.000000 0.000000 0.000000 0.000000 0.000000 0.000000 0.000000 0.000000 0.000000 0.000000 0.000000 0.000000 0.000000 0.000000 0.000000 0.000000 0.000000 0.000000 0.000000 0.000000 0.000000 0.000000 0.000000 0.000000 0.000000 0.000000 0.000000 0.000000 0.000000 0.000000 0.000000 0.000000 0.000000 0.000000 0.000000 0.000000 0.000000 0.000000 0.000000 0.000000 0.000000 0.000000 0.000000 0.000000 0.000000 0.000000 0.000000 0.000000 0.000000 0.000000 0.000000 0.000000 0.000000 0.000000 0.000000 0.000000 0.000000 0.000000 0.000000 0.000000 0.000000 0.000000 0.000000 0.000000 0.000000 0.000000 0.000000 0.000000 0.000000 0.000000 0.000000 0.000000 0.000000 0.000000 0.000000 0.000000 0.000000 0.000000 0.000000 0.000000 0.000000 0.000000 0.000000 0.000000 0.000000 0.000000 0.000000 0.000000 0.000000 0.000000 0.000000 0.000000 0.000000 </best_training_num_incorrect>
				<average_training_num_incorrect>0.000000 0.000000 0.000000 0.000000 0.000000 0.000000 0.000000 0.000000 0.000000 0.000000 0.000000 0.000000 0.000000 0.000000 0.000000 0.000000 0.000000 0.000000 0.000000 0.000000 0.000000 0.000000 0.000000 0.000000 0.000000 0.000000 0.000000 0.000000 0.000000 0.000000 0.000000 0.000000 0.000000 0.000000 0.000000 0.000000 0.000000 0.000000 0.000000 0.000000 0.000000 0.000000 0.000000 0.000000 0.000000 0.000000 0.000000 0.000000 0.000000 0.000000 0.000000 0.000000 0.000000 0.000000 0.000000 0.000000 0.000000 0.000000 0.000000 0.000000 0.000000 0.000000 0.000000 0.000000 0.000000 0.000000 0.000000 0.000000 0.000000 0.000000 0.000000 0.000000 0.000000 0.000000 0.000000 0.000000 0.000000 0.000000 0.000000 0.000000 0.000000 0.000000 0.000000 0.000000 0.000000 0.000000 0.000000 0.000000 0.000000 0.000000 0.000000 0.000000 0.000000 0.000000 0.000000 0.000000 0.000000 0.000000 0.000000 0.000000 </average_training_num_incorrect>
				<best_validation_num_incorrect>-1</best_validation_num_incorrect>
				<test_num_incorrect>-1</test_num_incorrect>
				<last_generation>99</last_generation>
				<num_generations>100</num_generations>
				<program>
					<code_length>50</code_length>
					<num_variables>6</num_variables>
					<num_outputs>1</num_outputs>
					<problem_type>3</problem_type>
					<data_type>2</data_type>
					<error_measure>0</error_measure>
					<code>
						<i>7</i>
						<i>4294967292 0 0 0 0</i>
						<i>4294967264 1 0 1 0</i>
						<i>4294967295 1 2 0 2</i>
						<i>4294967294 3 1 1 2</i>
						<i>6</i>
						<i>4294967295 2 4 5 1</i>
						<i>4294967264 3 2 5 6</i>
						<i>4294967270 7 5 1 4</i>
						<i>4294967270 4 4 5 0</i>
						<i>4294967295 4 5 3 3</i>
						<i>3</i>
						<i>4294967294 1 6 5 8</i>
						<i>0</i>
						<i>4294967292 1 13 13 10</i>
						<i>4</i>
						<i>4294967295 11 13 12 4</i>
						<i>1</i>
						<i>4294967294 17 13 6 15</i>
						<i>3</i>
						<i>6</i>
						<i>4294967295 17 18 1 4</i>
						<i>4294967294 1 1 9 13</i>
						<i>4294967264 12 9 18 17</i>
						<i>4294967295 1 2 0 15</i>
						<i>4294967270 4 3 10 24</i>
						<i>4294967294 18 0 2 17</i>
						<i>4294967292 5 11 19 20</i>
						<i>1</i>
						<i>4294967270 8 24 10 15</i>
						<i>4294967292 18 17 28 29</i>
						<i>7</i>
						<i>7</i>
						<i>4294967292 9 2 5 11</i>
						<i>4294967264 29 5 18 18</i>
						<i>4294967292 4 16 15 7</i>
						<i>4294967292 6 17 10 9</i>
						<i>4294967294 34 18 20 12</i>
						<i>7</i>
						<i>4294967293 3 19 13 19</i>
						<i>2</i>
						<i>2</i>
						<i>4294967295 2 0 39 40</i>
						<i>0</i>
						<i>4294967270 27 0 3 23</i>
						<i>4294967292 20 40 7 26</i>
						<i>4294967295 42 45 13 36</i>
						<i>3</i>
						<i>0</i>
						<i>4294967270 20 41 17 19</i>
					</code>
					<best_genes>21 </best_genes>
					<max_index_best_genes>21</max_index_best_genes>
					<error>0</error>
					<num_incorrectly_classified>0.000000</num_incorrectly_classified>
					<binary_classification_threshold>0</binary_classification_threshold>
					<num_constants>2</num_constants>
					<constants>2 5 </constants>
					<num_classes>0</num_classes>
				</program>
			</run>
			<run>
				<running_time>0.223128</running_time>
				<best_training_error>0.5 0.5 0 0 0 0 0 0 0 0 0 0 0 0 0 0 0 0 0 0 0 0 0 0 0 0 0 0 0 0 0 0 0 0 0 0 0 0 0 0 0 0 0 0 0 0 0 0 0 0 0 0 0 0 0 0 0 0 0 0 0 0 0 0 0 0 0 0 0 0 0 0 0 0 0 0 0 0 0 0 0 0 0 0 0 0 0 0 0 0 0 0 0 0 0 0 0 0 0 0 </best_training_error>
				<average_training_error>1.4775 1.4275 1.325 1.2 1.0475 0.86375 0.68 0.5 0.36125 0.20625 0.08125 0.0275 0 0 0 0 0 0 0 0 0 0 0 0 0 0 0 0 0 0 0 0 0 0 0 0 0 0 0 0 0 0 0 0 0 0 0 0 0 0 0 0 0 0 0 0 0 0 0 0 0 0 0 0 0 0 0 0 0 0 0 0 0 0 0 0 0 0 0 0 0 0 0 0 0 0 0 0 0 0 0 0 0 0 0 0 0 0 0 0 </average_training_error>
				<best_validation_error>-1</best_validation_error>
				<test_error>-1</test_error>
				<best_training_num_incorrect>0.000000 0.000000 0.000000 0.000000 0.000000 0.000000 0.000000 0.000000 0.000000 0.000000 0.000000 0.000000 0.000000 0.000000 0.000000 0.000000 0.000000 0.000000 0.000000 0.000000 0.000000 0.000000 0.000000 0.000000 0.000000 0.000000 0.000000 0.000000 0.000000 0.000000 0.000000 0.000000 0.000000 0.000000 0.000000 0.000000 0.000000 0.000000 0.000000 0.000000 0.000000 0.000000 0.000000 0.000000 0.000000 0.000000 0.000000 0.000000 0.000000 0.000000 0.000000 0.000000 0.000000 0.000000 0.000000 0.000000 0.000000 0.000000 0.000000 0.000000 0.000000 0.000000 0.000000 0.000000 0.000000 0.000000 0.000000 0.000000 0.000000 0.000000 0.000000 0.000000 0.000000 0.000000 0.000000 0.000000 0.000000 0.000000 0.000000 0.000000 0.000000 0.000000 0.000000 0.000000 0.000000 0.000000 0.000000 0.000000 0.000000 0.000000 0.000000 0.000000 0.000000 0.000000 0.000000 0.000000 0.000000 0.000000 0.000000 0.000000 </best_training_num_incorrect>
				<average_training_num_incorrect>0.000000 0.000000 0.000000 0.000000 0.000000 0.000000 0.000000 0.000000 0.000000 0.000000 0.000000 0.000000 0.000000 0.000000 0.000000 0.000000 0.000000 0.000000 0.000000 0.000000 0.000000 0.000000 0.000000 0.000000 0.000000 0.000000 0.000000 0.000000 0.000000 0.000000 0.000000 0.000000 0.000000 0.000000 0.000000 0.000000 0.000000 0.000000 0.000000 0.000000 0.000000 0.000000 0.000000 0.000000 0.000000 0.000000 0.000000 0.000000 0.000000 0.000000 0.000000 0.000000 0.000000 0.000000 0.000000 0.000000 0.000000 0.000000 0.000000 0.000000 0.000000 0.000000 0.000000 0.000000 0.000000 0.000000 0.000000 0.000000 0.000000 0.000000 0.000000 0.000000 0.000000 0.000000 0.000000 0.000000 0.000000 0.000000 0.000000 0.000000 0.000000 0.000000 0.000000 0.000000 0.000000 0.000000 0.000000 0.000000 0.000000 0.000000 0.000000 0.000000 0.000000 0.000000 0.000000 0.000000 0.000000 0.000000 0.000000 0.000000 </average_training_num_incorrect>
				<best_validation_num_incorrect>-1</best_validation_num_incorrect>
				<test_num_incorrect>-1</test_num_incorrect>
				<last_generation>99</last_generation>
				<num_generations>100</num_generations>
				<program>
					<code_length>50</code_length>
					<num_variables>6</num_variables>
					<num_outputs>1</num_outputs>
					<problem_type>3</problem_type>
					<data_type>2</data_type>
					<error_measure>0</error_measure>
					<code>
						<i>0</i>
						<i>7</i>
						<i>4294967270 0 1 0 0</i>
						<i>4294967264 2 2 2 2</i>
						<i>1</i>
						<i>4</i>
						<i>4</i>
						<i>1</i>
						<i>1</i>
						<i>4294967270 6 2 7 4</i>
						<i>0</i>
						<i>4294967293 9 0 2 8</i>
						<i>4294967294 0 5 9 0</i>
						<i>0</i>
						<i>4294967294 8 2 13 6</i>
						<i>4294967295 6 7 7 3</i>
						<i>4</i>
						<i>0</i>
						<i>7</i>
						<i>5</i>
						<i>2</i>
						<i>4294967295 4 14 10 20</i>
						<i>4294967293 20 14 19 13</i>
						<i>4294967294 13 17 10 2</i>
						<i>4294967294 0 12 17 6</i>
						<i>2</i>
						<i>4294967294 3 9 12 21</i>
						<i>1</i>
						<i>4294967293 13 0 27 13</i>
						<i>4294967293 1 19 6 13</i>
						<i>4294967270 1 24 8 8</i>
						<i>4294967294 26 8 4 12</i>
						<i>1</i>
						<i>4</i>
						<i>0</i>
						<i>7</i>
						<i>4294967295 30 35 26 5</i>
						<i>7</i>
						<i>1</i>
						<i>3</i>
						<i>4294967295 4 27 9 13</i>
						<i>4294967293 0 34 27 28</i>
						<i>1</i>
						<i>4</i>
						<i>0</i>
						<i>4294967294 16 29 21 30</i>
						<i>1</i>
						<i>1</i>
						<i>4294967295 17 25 16 25</i>
						<i>4294967270 6 16 32 10</i>
					</code>
					<best_genes>21 </best_genes>
					<max_index_best_genes>21</max_index_best_genes>
					<error>0</error>
					<num_incorrectly_classified>0.000000</num_incorrectly_classified>
					<binary_classification_threshold>0</binary_classification_threshold>
					<num_constants>2</num_constants>
					<constants>2 5 </constants>
					<num_classes>0</num_classes>
				</program>
			</run>
		</results>
	</algorithm>
</project>
