<?xml version="1.0"?>
<project>
	<mepx_version>2023.2.12.0-beta</mepx_version>
	<problem_description>Josehph sequence
https://oeis.org/A006257
0, 1, 1, 3, 1, 3, 5, 7, 1, 3, 5, 7, 9, 11, 13, 15, 1, 3, 5, 7, 9, 11, 13, 15, 17, 19, 21, 23, 25
We use 2 columns for data, 
- one with the index: 0, 1, 2, 3, 4,...
- one with the actual sequence
We used 2 columns because it it easier to discover a formula that depends on the index too.</problem_description>
	<algorithm>
		<training>
			<num_data>29</num_data>
			<num_cols>2</num_cols>
			<num_classes>0</num_classes>
			<data_type>2</data_type>
			<list_separator>	</list_separator>
			<data>
				<row>0 0</row>
				<row>1 1</row>
				<row>2 1</row>
				<row>3 3</row>
				<row>4 1</row>
				<row>5 3</row>
				<row>6 5</row>
				<row>7 7</row>
				<row>8 1</row>
				<row>9 3</row>
				<row>10 5</row>
				<row>11 7</row>
				<row>12 9</row>
				<row>13 11</row>
				<row>14 13</row>
				<row>15 15</row>
				<row>16 1</row>
				<row>17 3</row>
				<row>18 5</row>
				<row>19 7</row>
				<row>20 9</row>
				<row>21 11</row>
				<row>22 13</row>
				<row>23 15</row>
				<row>24 17</row>
				<row>25 19</row>
				<row>26 21</row>
				<row>27 23</row>
				<row>28 25</row>
			</data>
		</training>
		<validation>
			<num_data>0</num_data>
			<num_cols>0</num_cols>
			<num_classes>0</num_classes>
			<data_type>0</data_type>
			<list_separator>;</list_separator>
		</validation>
		<test>
			<num_data>0</num_data>
			<num_cols>0</num_cols>
			<num_classes>0</num_classes>
			<data_type>0</data_type>
			<list_separator>;</list_separator>
		</test>
		<parameters>
			<mutation_probability>0.01</mutation_probability>
			<crossover_probability>0.9</crossover_probability>
			<crossover_type>0</crossover_type>
			<chromosome_length>50</chromosome_length>
			<subpopulation_size>100</subpopulation_size>
			<num_subpopulations>10</num_subpopulations>
			<tournament_size>2</tournament_size>
			<number_of_generations>100</number_of_generations>
			<problem_type>3</problem_type>
			<random_seed>0</random_seed>
			<operators_probability>0.5</operators_probability>
			<variables_probability>0.4</variables_probability>
			<constants_probability>0.1</constants_probability>
			<num_runs>10</num_runs>
			<use_validation_data>1</use_validation_data>
			<simplified>0</simplified>
			<num_threads>10</num_threads>
			<random_subset_selection_size_percent>100</random_subset_selection_size_percent>
			<error_measure>0</error_measure>
			<num_generations_for_which_random_subset_is_kept_fixed>1</num_generations_for_which_random_subset_is_kept_fixed>
			<time_series_mode>0</time_series_mode>
			<num_predictions>10</num_predictions>
			<window_size>2</window_size>
			<data_type>2</data_type>
			<num_problem_outputs>2</num_problem_outputs>
		</parameters>
		<constants>
			<data_type>2</data_type>
			<type>1</type>
			<num_automatic_constants>5</num_automatic_constants>
			<min_interval>0</min_interval>
			<max_interval>10</max_interval>
			<stddev>1</stddev>
			<evolve>1</evolve>
			<can_evolve_outside_initial_interval>0</can_evolve_outside_initial_interval>
			<num_user_defined_constants>0</num_user_defined_constants>
		</constants>
		<operators>
			<use_addition>1</use_addition>
			<use_subtraction>1</use_subtraction>
			<use_multiplication>1</use_multiplication>
			<use_division>1</use_division>
			<use_power>0</use_power>
			<use_sqrt>0</use_sqrt>
			<use_exp>0</use_exp>
			<use_pow10>0</use_pow10>
			<use_ln>0</use_ln>
			<use_log10>0</use_log10>
			<use_log2>0</use_log2>
			<use_floor>0</use_floor>
			<use_ceil>0</use_ceil>
			<use_abs>0</use_abs>
			<use_inv>0</use_inv>
			<use_neg>0</use_neg>
			<use_x2>0</use_x2>
			<use_min>0</use_min>
			<use_max>0</use_max>
			<use_not>0</use_not>
			<use_and>0</use_and>
			<use_or>0</use_or>
			<use_xor>0</use_xor>
			<use_nand>0</use_nand>
			<use_nor>0</use_nor>
			<use_sin>0</use_sin>
			<use_cos>0</use_cos>
			<use_tan>0</use_tan>
			<use_asin>0</use_asin>
			<use_acos>0</use_acos>
			<use_atan>0</use_atan>
			<use_iflz>0</use_iflz>
			<use_ifalbcd>0</use_ifalbcd>
			<use_if_a_or_b_cd>0</use_if_a_or_b_cd>
			<use_if_a_xor_b_cd>0</use_if_a_xor_b_cd>
			<use_fmod>1</use_fmod>
		</operators>
		<results>
			<run>
				<running_time>0.632413</running_time>
				<best_training_error>1.11111 1.11111 0.851852 0.851852 0.851852 0.851852 0.148148 0.148148 0.148148 0.148148 0.148148 0.148148 0.148148 0.148148 0.148148 0.148148 0.148148 0.148148 0.148148 0.111111 0.111111 0.111111 0.111111 0.111111 0.111111 0.111111 0.111111 0 0 0 0 0 0 0 0 0 0 0 0 0 0 0 0 0 0 0 0 0 0 0 0 0 0 0 0 0 0 0 0 0 0 0 0 0 0 0 0 0 0 0 0 0 0 0 0 0 0 0 0 0 0 0 0 0 0 0 0 0 0 0 0 0 0 0 0 0 0 0 0 0 </best_training_error>
				<average_training_error>3.3553 3.11841 2.77711 2.44411 2.17552 1.93381 1.72 1.54926 1.37052 1.21067 1.12156 1.082 1.05959 1.0333 0.977815 0.905481 0.85663 0.808556 0.769593 0.735593 0.715778 0.709815 0.699444 0.681667 0.644815 0.622148 0.617037 0.611815 0.599222 0.583222 0.546148 0.495852 0.477037 0.470481 0.463259 0.456852 0.448593 0.426963 0.387667 0.347444 0.335407 0.326444 0.323444 0.32 0.313556 0.297185 0.265815 0.237556 0.226481 0.216704 0.199148 0.172815 0.139704 0.121852 0.100593 0.0694815 0.0654815 0.0591111 0.058963 0.0588148 0.0582222 0.0577778 0.0565926 0.0555556 0.0525926 0.0478519 0.0438519 0.0434074 0.0428148 0.0419259 0.0388148 0.0348148 0.0296296 0.0294815 0.0291852 0.029037 0.0285926 0.028 0.0274074 0.0260741 0.0248889 0.0201481 0.0137778 0.0131852 0.0128889 0.0117037 0.00962963 0.00533333 0 0 0 0 0 0 0 0 0 0 0 0 </average_training_error>
				<best_validation_error>-1</best_validation_error>
				<test_error>-1</test_error>
				<best_training_num_incorrect>0.000000 0.000000 0.000000 0.000000 0.000000 0.000000 0.000000 0.000000 0.000000 0.000000 0.000000 0.000000 0.000000 0.000000 0.000000 0.000000 0.000000 0.000000 0.000000 0.000000 0.000000 0.000000 0.000000 0.000000 0.000000 0.000000 0.000000 0.000000 0.000000 0.000000 0.000000 0.000000 0.000000 0.000000 0.000000 0.000000 0.000000 0.000000 0.000000 0.000000 0.000000 0.000000 0.000000 0.000000 0.000000 0.000000 0.000000 0.000000 0.000000 0.000000 0.000000 0.000000 0.000000 0.000000 0.000000 0.000000 0.000000 0.000000 0.000000 0.000000 0.000000 0.000000 0.000000 0.000000 0.000000 0.000000 0.000000 0.000000 0.000000 0.000000 0.000000 0.000000 0.000000 0.000000 0.000000 0.000000 0.000000 0.000000 0.000000 0.000000 0.000000 0.000000 0.000000 0.000000 0.000000 0.000000 0.000000 0.000000 0.000000 0.000000 0.000000 0.000000 0.000000 0.000000 0.000000 0.000000 0.000000 0.000000 0.000000 0.000000 </best_training_num_incorrect>
				<average_training_num_incorrect>0.000000 0.000000 0.000000 0.000000 0.000000 0.000000 0.000000 0.000000 0.000000 0.000000 0.000000 0.000000 0.000000 0.000000 0.000000 0.000000 0.000000 0.000000 0.000000 0.000000 0.000000 0.000000 0.000000 0.000000 0.000000 0.000000 0.000000 0.000000 0.000000 0.000000 0.000000 0.000000 0.000000 0.000000 0.000000 0.000000 0.000000 0.000000 0.000000 0.000000 0.000000 0.000000 0.000000 0.000000 0.000000 0.000000 0.000000 0.000000 0.000000 0.000000 0.000000 0.000000 0.000000 0.000000 0.000000 0.000000 0.000000 0.000000 0.000000 0.000000 0.000000 0.000000 0.000000 0.000000 0.000000 0.000000 0.000000 0.000000 0.000000 0.000000 0.000000 0.000000 0.000000 0.000000 0.000000 0.000000 0.000000 0.000000 0.000000 0.000000 0.000000 0.000000 0.000000 0.000000 0.000000 0.000000 0.000000 0.000000 0.000000 0.000000 0.000000 0.000000 0.000000 0.000000 0.000000 0.000000 0.000000 0.000000 0.000000 0.000000 </average_training_num_incorrect>
				<best_validation_num_incorrect>-1</best_validation_num_incorrect>
				<test_num_incorrect>-1</test_num_incorrect>
				<last_generation>99</last_generation>
				<num_generations>100</num_generations>
				<program>
					<code_length>50</code_length>
					<num_variables>4</num_variables>
					<num_outputs>2</num_outputs>
					<problem_type>3</problem_type>
					<data_type>2</data_type>
					<error_measure>0</error_measure>
					<code>
						<i>3</i>
						<i>2</i>
						<i>-4 1 1 1 1</i>
						<i>-2 1 0 0 2</i>
						<i>4</i>
						<i>-32 0 1 1 1</i>
						<i>-1 4 1 1 4</i>
						<i>4</i>
						<i>1</i>
						<i>2</i>
						<i>4</i>
						<i>2</i>
						<i>-4 0 6 8 9</i>
						<i>-1 9 0 11 4</i>
						<i>2</i>
						<i>0</i>
						<i>-1 4 5 10 13</i>
						<i>4</i>
						<i>-3 1 6 17 8</i>
						<i>-3 3 9 9 9</i>
						<i>-1 3 1 10 3</i>
						<i>4</i>
						<i>-1 16 17 16 1</i>
						<i>1</i>
						<i>-3 3 9 16 17</i>
						<i>1</i>
						<i>-2 13 14 11 1</i>
						<i>0</i>
						<i>-32 17 0 24 23</i>
						<i>-2 14 25 18 18</i>
						<i>-32 4 16 16 16</i>
						<i>1</i>
						<i>-1 30 16 0 18</i>
						<i>-1 5 31 24 23</i>
						<i>2</i>
						<i>0</i>
						<i>1</i>
						<i>1</i>
						<i>6</i>
						<i>3</i>
						<i>-2 4 0 17 31</i>
						<i>-2 19 20 18 30</i>
						<i>-3 7 26 8 10</i>
						<i>1</i>
						<i>3</i>
						<i>-1 21 27 29 17</i>
						<i>1</i>
						<i>2</i>
						<i>-2 4 35 12 38</i>
						<i>2</i>
					</code>
					<best_genes>6 32 </best_genes>
					<max_index_best_genes>32</max_index_best_genes>
					<error>0</error>
					<num_incorrectly_classified>0.000000</num_incorrectly_classified>
					<binary_classification_threshold>0</binary_classification_threshold>
					<num_constants>5</num_constants>
					<constants>1 2 0 0 6 </constants>
					<num_classes>0</num_classes>
				</program>
			</run>
			<run>
				<running_time>0.577516</running_time>
				<best_training_error>1.11111 1.11111 1.11111 0.962963 0.148148 0.148148 0.148148 0.148148 0.148148 0.148148 0.148148 0.148148 0.148148 0.148148 0.148148 0.148148 0.148148 0.148148 0.148148 0.148148 0.148148 0.148148 0.148148 0.148148 0.148148 0.148148 0.148148 0.148148 0.148148 0.148148 0.148148 0.148148 0.148148 0.148148 0.148148 0.148148 0.148148 0.148148 0.148148 0.148148 0.148148 0.148148 0.148148 0.148148 0.148148 0.148148 0.148148 0.148148 0.148148 0.148148 0.148148 0.148148 0.148148 0.148148 0.148148 0.148148 0.148148 0.148148 0.148148 0.148148 0.148148 0.148148 0.148148 0.148148 0.148148 0.148148 0.148148 0.148148 0.148148 0.148148 0.148148 0.148148 0.148148 0.148148 0.148148 0.148148 0.148148 0.148148 0.148148 0.148148 0.148148 0.148148 0.148148 0.148148 0.148148 0.148148 0.148148 0.148148 0.148148 0.148148 0.148148 0.148148 0.148148 0.148148 0.148148 0.148148 0.148148 0.148148 0.148148 0.148148 </best_training_error>
				<average_training_error>3.35281 3.125 2.79915 2.46748 2.20748 1.9823 1.74467 1.55959 1.34993 1.19193 1.06681 0.975852 0.944074 0.895 0.85463 0.839926 0.796852 0.735519 0.639778 0.547963 0.432296 0.384926 0.351667 0.311222 0.263741 0.230778 0.228926 0.221667 0.210296 0.191741 0.159148 0.148148 0.148148 0.148148 0.148148 0.148148 0.148148 0.148148 0.148148 0.148148 0.148148 0.148148 0.148148 0.148148 0.148148 0.148148 0.148148 0.148148 0.148148 0.148148 0.148148 0.148148 0.148148 0.148148 0.148148 0.148148 0.148148 0.148148 0.148148 0.148148 0.148148 0.148148 0.148148 0.148148 0.148148 0.148148 0.148148 0.148148 0.148148 0.148148 0.148148 0.148148 0.148148 0.148148 0.148148 0.148148 0.148148 0.148148 0.148148 0.148148 0.148148 0.148148 0.148148 0.148148 0.148148 0.148148 0.148148 0.148148 0.148148 0.148148 0.148148 0.148148 0.148148 0.148148 0.148148 0.148148 0.148148 0.148148 0.148148 0.148148 </average_training_error>
				<best_validation_error>-1</best_validation_error>
				<test_error>-1</test_error>
				<best_training_num_incorrect>0.000000 0.000000 0.000000 0.000000 0.000000 0.000000 0.000000 0.000000 0.000000 0.000000 0.000000 0.000000 0.000000 0.000000 0.000000 0.000000 0.000000 0.000000 0.000000 0.000000 0.000000 0.000000 0.000000 0.000000 0.000000 0.000000 0.000000 0.000000 0.000000 0.000000 0.000000 0.000000 0.000000 0.000000 0.000000 0.000000 0.000000 0.000000 0.000000 0.000000 0.000000 0.000000 0.000000 0.000000 0.000000 0.000000 0.000000 0.000000 0.000000 0.000000 0.000000 0.000000 0.000000 0.000000 0.000000 0.000000 0.000000 0.000000 0.000000 0.000000 0.000000 0.000000 0.000000 0.000000 0.000000 0.000000 0.000000 0.000000 0.000000 0.000000 0.000000 0.000000 0.000000 0.000000 0.000000 0.000000 0.000000 0.000000 0.000000 0.000000 0.000000 0.000000 0.000000 0.000000 0.000000 0.000000 0.000000 0.000000 0.000000 0.000000 0.000000 0.000000 0.000000 0.000000 0.000000 0.000000 0.000000 0.000000 0.000000 0.000000 </best_training_num_incorrect>
				<average_training_num_incorrect>0.000000 0.000000 0.000000 0.000000 0.000000 0.000000 0.000000 0.000000 0.000000 0.000000 0.000000 0.000000 0.000000 0.000000 0.000000 0.000000 0.000000 0.000000 0.000000 0.000000 0.000000 0.000000 0.000000 0.000000 0.000000 0.000000 0.000000 0.000000 0.000000 0.000000 0.000000 0.000000 0.000000 0.000000 0.000000 0.000000 0.000000 0.000000 0.000000 0.000000 0.000000 0.000000 0.000000 0.000000 0.000000 0.000000 0.000000 0.000000 0.000000 0.000000 0.000000 0.000000 0.000000 0.000000 0.000000 0.000000 0.000000 0.000000 0.000000 0.000000 0.000000 0.000000 0.000000 0.000000 0.000000 0.000000 0.000000 0.000000 0.000000 0.000000 0.000000 0.000000 0.000000 0.000000 0.000000 0.000000 0.000000 0.000000 0.000000 0.000000 0.000000 0.000000 0.000000 0.000000 0.000000 0.000000 0.000000 0.000000 0.000000 0.000000 0.000000 0.000000 0.000000 0.000000 0.000000 0.000000 0.000000 0.000000 0.000000 0.000000 </average_training_num_incorrect>
				<best_validation_num_incorrect>-1</best_validation_num_incorrect>
				<test_num_incorrect>-1</test_num_incorrect>
				<last_generation>99</last_generation>
				<num_generations>100</num_generations>
				<program>
					<code_length>50</code_length>
					<num_variables>4</num_variables>
					<num_outputs>2</num_outputs>
					<problem_type>3</problem_type>
					<data_type>2</data_type>
					<error_measure>0</error_measure>
					<code>
						<i>3</i>
						<i>-1 0 0 0 0</i>
						<i>3</i>
						<i>2</i>
						<i>3</i>
						<i>3</i>
						<i>-2 0 2 2 5</i>
						<i>-2 1 1 3 5</i>
						<i>2</i>
						<i>-3 8 3 4 4</i>
						<i>1</i>
						<i>-1 7 10 8 3</i>
						<i>3</i>
						<i>3</i>
						<i>-32 5 3 13 12</i>
						<i>2</i>
						<i>3</i>
						<i>-4 13 9 15 12</i>
						<i>-2 7 16 17 10</i>
						<i>-1 8 17 0 2</i>
						<i>6</i>
						<i>3</i>
						<i>3</i>
						<i>3</i>
						<i>1</i>
						<i>1</i>
						<i>3</i>
						<i>0</i>
						<i>2</i>
						<i>0</i>
						<i>-2 17 8 0 27</i>
						<i>8</i>
						<i>8</i>
						<i>1</i>
						<i>-1 32 27 16 18</i>
						<i>2</i>
						<i>3</i>
						<i>-3 9 7 24 19</i>
						<i>2</i>
						<i>8</i>
						<i>-2 26 26 35 27</i>
						<i>-2 39 33 25 18</i>
						<i>1</i>
						<i>-3 25 22 32 41</i>
						<i>3</i>
						<i>-1 14 32 11 14</i>
						<i>3</i>
						<i>2</i>
						<i>4</i>
						<i>1</i>
					</code>
					<best_genes>34 45 </best_genes>
					<max_index_best_genes>45</max_index_best_genes>
					<error>0.148148</error>
					<num_incorrectly_classified>0.000000</num_incorrectly_classified>
					<binary_classification_threshold>0</binary_classification_threshold>
					<num_constants>5</num_constants>
					<constants>2 9 2 5 2 </constants>
					<num_classes>0</num_classes>
				</program>
			</run>
			<run>
				<running_time>0.573324</running_time>
				<best_training_error>1.85185 1.11111 1.11111 1.11111 0.148148 0.148148 0.148148 0.148148 0.148148 0.148148 0.148148 0.148148 0.148148 0.148148 0.148148 0.148148 0.148148 0.148148 0.148148 0.148148 0.148148 0.148148 0.148148 0.148148 0.148148 0.148148 0.148148 0.148148 0.148148 0.148148 0.148148 0.148148 0.148148 0.148148 0.148148 0.148148 0.148148 0.148148 0.148148 0.148148 0.148148 0.148148 0.148148 0.148148 0.148148 0.148148 0.148148 0.148148 0.148148 0.148148 0.148148 0.148148 0.148148 0.148148 0.148148 0.148148 0.148148 0.148148 0.148148 0.148148 0.148148 0.148148 0.148148 0.148148 0 0 0 0 0 0 0 0 0 0 0 0 0 0 0 0 0 0 0 0 0 0 0 0 0 0 0 0 0 0 0 0 0 0 0 0 </best_training_error>
				<average_training_error>3.34567 3.11993 2.78893 2.44185 2.18352 1.92 1.65963 1.44637 1.26922 1.15104 1.07611 1.01274 0.992889 0.971407 0.938444 0.883111 0.848037 0.809963 0.802 0.790852 0.769926 0.743444 0.70437 0.625704 0.550926 0.520444 0.474481 0.429 0.382593 0.356 0.33237 0.276926 0.219926 0.214259 0.212741 0.203444 0.180852 0.148815 0.148148 0.148148 0.148148 0.148148 0.148148 0.148148 0.148148 0.148148 0.148148 0.148148 0.148148 0.148148 0.148148 0.148148 0.148148 0.148148 0.148148 0.148148 0.148148 0.148148 0.148148 0.148148 0.148148 0.148148 0.148148 0.148148 0.148 0.148 0.147259 0.146222 0.145185 0.141333 0.134963 0.131556 0.129333 0.124741 0.118074 0.117778 0.117333 0.116593 0.114074 0.110963 0.105778 0.0982222 0.0936296 0.0884444 0.0881481 0.0874074 0.0860741 0.0848889 0.0832593 0.0792593 0.0718519 0.0608889 0.0582222 0.0568889 0.0552593 0.053037 0.0487407 0.0402963 0.0294815 0.0293333 </average_training_error>
				<best_validation_error>-1</best_validation_error>
				<test_error>-1</test_error>
				<best_training_num_incorrect>0.000000 0.000000 0.000000 0.000000 0.000000 0.000000 0.000000 0.000000 0.000000 0.000000 0.000000 0.000000 0.000000 0.000000 0.000000 0.000000 0.000000 0.000000 0.000000 0.000000 0.000000 0.000000 0.000000 0.000000 0.000000 0.000000 0.000000 0.000000 0.000000 0.000000 0.000000 0.000000 0.000000 0.000000 0.000000 0.000000 0.000000 0.000000 0.000000 0.000000 0.000000 0.000000 0.000000 0.000000 0.000000 0.000000 0.000000 0.000000 0.000000 0.000000 0.000000 0.000000 0.000000 0.000000 0.000000 0.000000 0.000000 0.000000 0.000000 0.000000 0.000000 0.000000 0.000000 0.000000 0.000000 0.000000 0.000000 0.000000 0.000000 0.000000 0.000000 0.000000 0.000000 0.000000 0.000000 0.000000 0.000000 0.000000 0.000000 0.000000 0.000000 0.000000 0.000000 0.000000 0.000000 0.000000 0.000000 0.000000 0.000000 0.000000 0.000000 0.000000 0.000000 0.000000 0.000000 0.000000 0.000000 0.000000 0.000000 0.000000 </best_training_num_incorrect>
				<average_training_num_incorrect>0.000000 0.000000 0.000000 0.000000 0.000000 0.000000 0.000000 0.000000 0.000000 0.000000 0.000000 0.000000 0.000000 0.000000 0.000000 0.000000 0.000000 0.000000 0.000000 0.000000 0.000000 0.000000 0.000000 0.000000 0.000000 0.000000 0.000000 0.000000 0.000000 0.000000 0.000000 0.000000 0.000000 0.000000 0.000000 0.000000 0.000000 0.000000 0.000000 0.000000 0.000000 0.000000 0.000000 0.000000 0.000000 0.000000 0.000000 0.000000 0.000000 0.000000 0.000000 0.000000 0.000000 0.000000 0.000000 0.000000 0.000000 0.000000 0.000000 0.000000 0.000000 0.000000 0.000000 0.000000 0.000000 0.000000 0.000000 0.000000 0.000000 0.000000 0.000000 0.000000 0.000000 0.000000 0.000000 0.000000 0.000000 0.000000 0.000000 0.000000 0.000000 0.000000 0.000000 0.000000 0.000000 0.000000 0.000000 0.000000 0.000000 0.000000 0.000000 0.000000 0.000000 0.000000 0.000000 0.000000 0.000000 0.000000 0.000000 0.000000 </average_training_num_incorrect>
				<best_validation_num_incorrect>-1</best_validation_num_incorrect>
				<test_num_incorrect>-1</test_num_incorrect>
				<last_generation>99</last_generation>
				<num_generations>100</num_generations>
				<program>
					<code_length>50</code_length>
					<num_variables>4</num_variables>
					<num_outputs>2</num_outputs>
					<problem_type>3</problem_type>
					<data_type>2</data_type>
					<error_measure>0</error_measure>
					<code>
						<i>2</i>
						<i>3</i>
						<i>-32 1 0 0 1</i>
						<i>-1 0 2 0 0</i>
						<i>-32 2 1 0 0</i>
						<i>7</i>
						<i>3</i>
						<i>3</i>
						<i>-4 2 1 2 2</i>
						<i>-4 8 6 3 5</i>
						<i>5</i>
						<i>0</i>
						<i>7</i>
						<i>2</i>
						<i>8</i>
						<i>1</i>
						<i>-2 13 4 10 7</i>
						<i>3</i>
						<i>-3 7 16 13 12</i>
						<i>1</i>
						<i>1</i>
						<i>-3 11 0 3 3</i>
						<i>-1 8 12 17 13</i>
						<i>-1 8 0 10 8</i>
						<i>-1 12 0 8 23</i>
						<i>5</i>
						<i>1</i>
						<i>3</i>
						<i>2</i>
						<i>6</i>
						<i>3</i>
						<i>7</i>
						<i>-1 13 7 9 4</i>
						<i>1</i>
						<i>3</i>
						<i>3</i>
						<i>4</i>
						<i>1</i>
						<i>-2 24 35 37 22</i>
						<i>1</i>
						<i>-3 34 1 37 18</i>
						<i>-4 0 13 14 10</i>
						<i>-3 29 8 26 21</i>
						<i>-2 26 13 33 27</i>
						<i>-1 22 2 42 36</i>
						<i>3</i>
						<i>1</i>
						<i>-4 15 29 6 0</i>
						<i>2</i>
						<i>2</i>
					</code>
					<best_genes>24 44 </best_genes>
					<max_index_best_genes>44</max_index_best_genes>
					<error>0</error>
					<num_incorrectly_classified>0.000000</num_incorrectly_classified>
					<binary_classification_threshold>0</binary_classification_threshold>
					<num_constants>5</num_constants>
					<constants>3 10 7 1 6 </constants>
					<num_classes>0</num_classes>
				</program>
			</run>
			<run>
				<running_time>0.636485</running_time>
				<best_training_error>1.11111 1.11111 1.11111 1.11111 0.851852 0.851852 0.851852 0.851852 0.851852 0.851852 0.148148 0.148148 0.148148 0.148148 0.148148 0.148148 0.148148 0.148148 0.148148 0.148148 0.148148 0.148148 0.148148 0.148148 0.148148 0.148148 0.148148 0.148148 0.148148 0.148148 0.148148 0.148148 0.148148 0.148148 0.148148 0.148148 0.148148 0.148148 0.148148 0.148148 0.148148 0.148148 0.148148 0.148148 0.148148 0.148148 0.148148 0.148148 0.148148 0.148148 0.148148 0.148148 0.148148 0.148148 0.148148 0.148148 0.148148 0.148148 0.148148 0.148148 0.148148 0.148148 0.148148 0.148148 0.148148 0.148148 0.148148 0.148148 0.148148 0.148148 0.148148 0.148148 0.148148 0.148148 0.148148 0.148148 0.148148 0.148148 0.148148 0.148148 0.148148 0.148148 0.148148 0.148148 0.148148 0.148148 0.148148 0.148148 0.148148 0.148148 0.148148 0.148148 0.148148 0.148148 0.148148 0.148148 0.148148 0.148148 0.148148 0.148148 </best_training_error>
				<average_training_error>3.36663 3.16474 2.87752 2.5147 2.26274 2.00315 1.77937 1.60333 1.43481 1.29752 1.19926 1.13763 1.09515 1.05385 0.99763 0.942704 0.910593 0.906444 0.900407 0.89237 0.881593 0.872519 0.858815 0.830704 0.810852 0.809407 0.806667 0.802185 0.796407 0.784222 0.770852 0.754333 0.728296 0.711148 0.702111 0.699852 0.68963 0.681333 0.663333 0.633667 0.61063 0.606259 0.603815 0.591148 0.574185 0.544704 0.513889 0.511963 0.510037 0.501556 0.49037 0.463148 0.421222 0.403259 0.387074 0.353037 0.323259 0.321481 0.319704 0.315259 0.309037 0.299259 0.280481 0.250074 0.236148 0.23437 0.233481 0.232593 0.229037 0.225481 0.215519 0.195074 0.156852 0.148148 0.148148 0.148148 0.148148 0.148148 0.148148 0.148148 0.148148 0.148148 0.148148 0.148148 0.148148 0.148148 0.148148 0.148148 0.148148 0.148148 0.148148 0.148148 0.148148 0.148148 0.148148 0.148148 0.148148 0.148148 0.148148 0.148148 </average_training_error>
				<best_validation_error>-1</best_validation_error>
				<test_error>-1</test_error>
				<best_training_num_incorrect>0.000000 0.000000 0.000000 0.000000 0.000000 0.000000 0.000000 0.000000 0.000000 0.000000 0.000000 0.000000 0.000000 0.000000 0.000000 0.000000 0.000000 0.000000 0.000000 0.000000 0.000000 0.000000 0.000000 0.000000 0.000000 0.000000 0.000000 0.000000 0.000000 0.000000 0.000000 0.000000 0.000000 0.000000 0.000000 0.000000 0.000000 0.000000 0.000000 0.000000 0.000000 0.000000 0.000000 0.000000 0.000000 0.000000 0.000000 0.000000 0.000000 0.000000 0.000000 0.000000 0.000000 0.000000 0.000000 0.000000 0.000000 0.000000 0.000000 0.000000 0.000000 0.000000 0.000000 0.000000 0.000000 0.000000 0.000000 0.000000 0.000000 0.000000 0.000000 0.000000 0.000000 0.000000 0.000000 0.000000 0.000000 0.000000 0.000000 0.000000 0.000000 0.000000 0.000000 0.000000 0.000000 0.000000 0.000000 0.000000 0.000000 0.000000 0.000000 0.000000 0.000000 0.000000 0.000000 0.000000 0.000000 0.000000 0.000000 0.000000 </best_training_num_incorrect>
				<average_training_num_incorrect>0.000000 0.000000 0.000000 0.000000 0.000000 0.000000 0.000000 0.000000 0.000000 0.000000 0.000000 0.000000 0.000000 0.000000 0.000000 0.000000 0.000000 0.000000 0.000000 0.000000 0.000000 0.000000 0.000000 0.000000 0.000000 0.000000 0.000000 0.000000 0.000000 0.000000 0.000000 0.000000 0.000000 0.000000 0.000000 0.000000 0.000000 0.000000 0.000000 0.000000 0.000000 0.000000 0.000000 0.000000 0.000000 0.000000 0.000000 0.000000 0.000000 0.000000 0.000000 0.000000 0.000000 0.000000 0.000000 0.000000 0.000000 0.000000 0.000000 0.000000 0.000000 0.000000 0.000000 0.000000 0.000000 0.000000 0.000000 0.000000 0.000000 0.000000 0.000000 0.000000 0.000000 0.000000 0.000000 0.000000 0.000000 0.000000 0.000000 0.000000 0.000000 0.000000 0.000000 0.000000 0.000000 0.000000 0.000000 0.000000 0.000000 0.000000 0.000000 0.000000 0.000000 0.000000 0.000000 0.000000 0.000000 0.000000 0.000000 0.000000 </average_training_num_incorrect>
				<best_validation_num_incorrect>-1</best_validation_num_incorrect>
				<test_num_incorrect>-1</test_num_incorrect>
				<last_generation>99</last_generation>
				<num_generations>100</num_generations>
				<program>
					<code_length>50</code_length>
					<num_variables>4</num_variables>
					<num_outputs>2</num_outputs>
					<problem_type>3</problem_type>
					<data_type>2</data_type>
					<error_measure>0</error_measure>
					<code>
						<i>2</i>
						<i>-4 0 0 0 0</i>
						<i>7</i>
						<i>-1 1 0 2 1</i>
						<i>3</i>
						<i>-1 2 1 4 4</i>
						<i>1</i>
						<i>-1 1 0 6 0</i>
						<i>1</i>
						<i>7</i>
						<i>3</i>
						<i>-1 8 6 0 3</i>
						<i>-1 9 4 2 7</i>
						<i>0</i>
						<i>0</i>
						<i>0</i>
						<i>-32 11 9 7 13</i>
						<i>-2 9 6 6 12</i>
						<i>-32 8 4 10 0</i>
						<i>0</i>
						<i>3</i>
						<i>7</i>
						<i>-2 7 17 11 18</i>
						<i>2</i>
						<i>2</i>
						<i>3</i>
						<i>3</i>
						<i>1</i>
						<i>-32 20 0 21 7</i>
						<i>0</i>
						<i>7</i>
						<i>6</i>
						<i>-1 31 28 31 16</i>
						<i>-2 26 10 30 12</i>
						<i>1</i>
						<i>5</i>
						<i>4</i>
						<i>3</i>
						<i>3</i>
						<i>0</i>
						<i>3</i>
						<i>-2 17 39 36 9</i>
						<i>4</i>
						<i>1</i>
						<i>6</i>
						<i>-1 20 11 37 28</i>
						<i>-3 44 39 28 5</i>
						<i>7</i>
						<i>-1 21 8 33 33</i>
						<i>-2 28 33 33 22</i>
					</code>
					<best_genes>3 32 </best_genes>
					<max_index_best_genes>32</max_index_best_genes>
					<error>0.148148</error>
					<num_incorrectly_classified>0.000000</num_incorrectly_classified>
					<binary_classification_threshold>0</binary_classification_threshold>
					<num_constants>5</num_constants>
					<constants>5 4 2 7 6 </constants>
					<num_classes>0</num_classes>
				</program>
			</run>
			<run>
				<running_time>0.573858</running_time>
				<best_training_error>1.11111 1.11111 1.11111 1.11111 0.851852 0.851852 0.851852 0.851852 0.851852 0.148148 0.148148 0.148148 0.148148 0.111111 0.111111 0.111111 0.111111 0.111111 0.111111 0.111111 0.111111 0.111111 0.111111 0.111111 0.111111 0.111111 0 0 0 0 0 0 0 0 0 0 0 0 0 0 0 0 0 0 0 0 0 0 0 0 0 0 0 0 0 0 0 0 0 0 0 0 0 0 0 0 0 0 0 0 0 0 0 0 0 0 0 0 0 0 0 0 0 0 0 0 0 0 0 0 0 0 0 0 0 0 0 0 0 0 </best_training_error>
				<average_training_error>3.38159 3.16589 2.85319 2.52137 2.28167 2.04922 1.81741 1.62015 1.42122 1.25378 1.11022 1.05126 1.02619 0.990963 0.956778 0.921963 0.895963 0.877037 0.845815 0.793259 0.747333 0.728037 0.692593 0.649667 0.630667 0.600481 0.544667 0.475148 0.42637 0.383667 0.348296 0.295037 0.246519 0.214667 0.211704 0.20863 0.198963 0.184185 0.171148 0.158519 0.127667 0.104037 0.0954074 0.0904444 0.0881111 0.0873333 0.0859259 0.0828519 0.0767407 0.0728889 0.0718148 0.069963 0.0664444 0.0621852 0.0587407 0.0584074 0.0578519 0.0571852 0.0562593 0.0548148 0.051963 0.0483704 0.044 0.0431481 0.042037 0.0401111 0.0371852 0.0335926 0.0288519 0.0282963 0.0279259 0.0261481 0.0232963 0.0196667 0.0148148 0.0140741 0.0138889 0.0131111 0.011963 0.011037 0.00825926 0.00440741 0 0 0 0 0 0 0 0 0 0 0 0 0 0 0 0 0 0 </average_training_error>
				<best_validation_error>-1</best_validation_error>
				<test_error>-1</test_error>
				<best_training_num_incorrect>0.000000 0.000000 0.000000 0.000000 0.000000 0.000000 0.000000 0.000000 0.000000 0.000000 0.000000 0.000000 0.000000 0.000000 0.000000 0.000000 0.000000 0.000000 0.000000 0.000000 0.000000 0.000000 0.000000 0.000000 0.000000 0.000000 0.000000 0.000000 0.000000 0.000000 0.000000 0.000000 0.000000 0.000000 0.000000 0.000000 0.000000 0.000000 0.000000 0.000000 0.000000 0.000000 0.000000 0.000000 0.000000 0.000000 0.000000 0.000000 0.000000 0.000000 0.000000 0.000000 0.000000 0.000000 0.000000 0.000000 0.000000 0.000000 0.000000 0.000000 0.000000 0.000000 0.000000 0.000000 0.000000 0.000000 0.000000 0.000000 0.000000 0.000000 0.000000 0.000000 0.000000 0.000000 0.000000 0.000000 0.000000 0.000000 0.000000 0.000000 0.000000 0.000000 0.000000 0.000000 0.000000 0.000000 0.000000 0.000000 0.000000 0.000000 0.000000 0.000000 0.000000 0.000000 0.000000 0.000000 0.000000 0.000000 0.000000 0.000000 </best_training_num_incorrect>
				<average_training_num_incorrect>0.000000 0.000000 0.000000 0.000000 0.000000 0.000000 0.000000 0.000000 0.000000 0.000000 0.000000 0.000000 0.000000 0.000000 0.000000 0.000000 0.000000 0.000000 0.000000 0.000000 0.000000 0.000000 0.000000 0.000000 0.000000 0.000000 0.000000 0.000000 0.000000 0.000000 0.000000 0.000000 0.000000 0.000000 0.000000 0.000000 0.000000 0.000000 0.000000 0.000000 0.000000 0.000000 0.000000 0.000000 0.000000 0.000000 0.000000 0.000000 0.000000 0.000000 0.000000 0.000000 0.000000 0.000000 0.000000 0.000000 0.000000 0.000000 0.000000 0.000000 0.000000 0.000000 0.000000 0.000000 0.000000 0.000000 0.000000 0.000000 0.000000 0.000000 0.000000 0.000000 0.000000 0.000000 0.000000 0.000000 0.000000 0.000000 0.000000 0.000000 0.000000 0.000000 0.000000 0.000000 0.000000 0.000000 0.000000 0.000000 0.000000 0.000000 0.000000 0.000000 0.000000 0.000000 0.000000 0.000000 0.000000 0.000000 0.000000 0.000000 </average_training_num_incorrect>
				<best_validation_num_incorrect>-1</best_validation_num_incorrect>
				<test_num_incorrect>-1</test_num_incorrect>
				<last_generation>99</last_generation>
				<num_generations>100</num_generations>
				<program>
					<code_length>50</code_length>
					<num_variables>4</num_variables>
					<num_outputs>2</num_outputs>
					<problem_type>3</problem_type>
					<data_type>2</data_type>
					<error_measure>0</error_measure>
					<code>
						<i>3</i>
						<i>8</i>
						<i>2</i>
						<i>3</i>
						<i>-2 3 2 1 0</i>
						<i>-1 2 3 3 0</i>
						<i>3</i>
						<i>3</i>
						<i>2</i>
						<i>2</i>
						<i>-1 2 7 9 3</i>
						<i>-1 9 1 5 4</i>
						<i>0</i>
						<i>-32 0 9 5 8</i>
						<i>-2 1 1 0 7</i>
						<i>6</i>
						<i>-4 13 0 2 15</i>
						<i>1</i>
						<i>3</i>
						<i>-2 13 18 12 2</i>
						<i>-1 13 16 10 7</i>
						<i>-1 20 0 12 5</i>
						<i>3</i>
						<i>-3 13 10 0 15</i>
						<i>1</i>
						<i>3</i>
						<i>-2 15 1 20 17</i>
						<i>2</i>
						<i>-1 5 16 4 15</i>
						<i>3</i>
						<i>-3 14 13 6 3</i>
						<i>3</i>
						<i>1</i>
						<i>0</i>
						<i>-1 12 21 31 8</i>
						<i>3</i>
						<i>0</i>
						<i>5</i>
						<i>0</i>
						<i>3</i>
						<i>3</i>
						<i>0</i>
						<i>2</i>
						<i>1</i>
						<i>-1 26 39 4 28</i>
						<i>2</i>
						<i>-1 20 1 15 29</i>
						<i>2</i>
						<i>3</i>
						<i>1</i>
					</code>
					<best_genes>11 46 </best_genes>
					<max_index_best_genes>46</max_index_best_genes>
					<error>0</error>
					<num_incorrectly_classified>0.000000</num_incorrectly_classified>
					<binary_classification_threshold>0</binary_classification_threshold>
					<num_constants>5</num_constants>
					<constants>1 2 2 10 1 </constants>
					<num_classes>0</num_classes>
				</program>
			</run>
			<run>
				<running_time>0.604641</running_time>
				<best_training_error>1.11111 1.11111 1.11111 1.11111 1.11111 0.148148 0.148148 0.148148 0.148148 0.148148 0.148148 0.148148 0.148148 0.148148 0.148148 0.148148 0.148148 0.148148 0.148148 0.148148 0.148148 0.148148 0.148148 0.148148 0.148148 0.148148 0.148148 0.148148 0.148148 0.111111 0.111111 0.111111 0.111111 0.111111 0.111111 0.111111 0.111111 0.111111 0.111111 0.111111 0.111111 0.111111 0.111111 0.111111 0.111111 0.111111 0.111111 0.111111 0.111111 0.111111 0.111111 0.111111 0.111111 0.111111 0.111111 0.111111 0.111111 0.111111 0.111111 0.111111 0.111111 0.111111 0.111111 0.111111 0.111111 0.111111 0.111111 0 0 0 0 0 0 0 0 0 0 0 0 0 0 0 0 0 0 0 0 0 0 0 0 0 0 0 0 0 0 0 0 0 </best_training_error>
				<average_training_error>3.34437 3.11615 2.79519 2.47204 2.242 2.02811 1.80741 1.59978 1.41448 1.26915 1.17737 1.12107 1.06737 1.00467 0.945481 0.864407 0.784519 0.722778 0.66037 0.562593 0.509481 0.442444 0.372963 0.328185 0.324519 0.317037 0.304519 0.279 0.255185 0.210037 0.198741 0.186074 0.169185 0.148037 0.148 0.147926 0.147889 0.147778 0.14763 0.147519 0.147148 0.146037 0.143963 0.142074 0.140148 0.139741 0.138815 0.137111 0.134481 0.133222 0.133074 0.132926 0.13263 0.132296 0.131593 0.130333 0.129037 0.128778 0.128296 0.127222 0.125889 0.125852 0.125815 0.125741 0.125593 0.125407 0.125074 0.124222 0.122185 0.118444 0.11437 0.108519 0.106296 0.101519 0.0933333 0.0847407 0.0834444 0.0801111 0.074963 0.0712222 0.0688148 0.0657037 0.0606667 0.0578519 0.0556667 0.0516667 0.0438148 0.0342222 0.0328889 0.0327778 0.0325556 0.0322222 0.0308889 0.0291111 0.0241111 0.0221111 0.022 0.0217778 0.0214444 0.0211111 </average_training_error>
				<best_validation_error>-1</best_validation_error>
				<test_error>-1</test_error>
				<best_training_num_incorrect>0.000000 0.000000 0.000000 0.000000 0.000000 0.000000 0.000000 0.000000 0.000000 0.000000 0.000000 0.000000 0.000000 0.000000 0.000000 0.000000 0.000000 0.000000 0.000000 0.000000 0.000000 0.000000 0.000000 0.000000 0.000000 0.000000 0.000000 0.000000 0.000000 0.000000 0.000000 0.000000 0.000000 0.000000 0.000000 0.000000 0.000000 0.000000 0.000000 0.000000 0.000000 0.000000 0.000000 0.000000 0.000000 0.000000 0.000000 0.000000 0.000000 0.000000 0.000000 0.000000 0.000000 0.000000 0.000000 0.000000 0.000000 0.000000 0.000000 0.000000 0.000000 0.000000 0.000000 0.000000 0.000000 0.000000 0.000000 0.000000 0.000000 0.000000 0.000000 0.000000 0.000000 0.000000 0.000000 0.000000 0.000000 0.000000 0.000000 0.000000 0.000000 0.000000 0.000000 0.000000 0.000000 0.000000 0.000000 0.000000 0.000000 0.000000 0.000000 0.000000 0.000000 0.000000 0.000000 0.000000 0.000000 0.000000 0.000000 0.000000 </best_training_num_incorrect>
				<average_training_num_incorrect>0.000000 0.000000 0.000000 0.000000 0.000000 0.000000 0.000000 0.000000 0.000000 0.000000 0.000000 0.000000 0.000000 0.000000 0.000000 0.000000 0.000000 0.000000 0.000000 0.000000 0.000000 0.000000 0.000000 0.000000 0.000000 0.000000 0.000000 0.000000 0.000000 0.000000 0.000000 0.000000 0.000000 0.000000 0.000000 0.000000 0.000000 0.000000 0.000000 0.000000 0.000000 0.000000 0.000000 0.000000 0.000000 0.000000 0.000000 0.000000 0.000000 0.000000 0.000000 0.000000 0.000000 0.000000 0.000000 0.000000 0.000000 0.000000 0.000000 0.000000 0.000000 0.000000 0.000000 0.000000 0.000000 0.000000 0.000000 0.000000 0.000000 0.000000 0.000000 0.000000 0.000000 0.000000 0.000000 0.000000 0.000000 0.000000 0.000000 0.000000 0.000000 0.000000 0.000000 0.000000 0.000000 0.000000 0.000000 0.000000 0.000000 0.000000 0.000000 0.000000 0.000000 0.000000 0.000000 0.000000 0.000000 0.000000 0.000000 0.000000 </average_training_num_incorrect>
				<best_validation_num_incorrect>-1</best_validation_num_incorrect>
				<test_num_incorrect>-1</test_num_incorrect>
				<last_generation>99</last_generation>
				<num_generations>100</num_generations>
				<program>
					<code_length>50</code_length>
					<num_variables>4</num_variables>
					<num_outputs>2</num_outputs>
					<problem_type>3</problem_type>
					<data_type>2</data_type>
					<error_measure>0</error_measure>
					<code>
						<i>2</i>
						<i>-4 0 0 0 0</i>
						<i>-4 1 0 0 0</i>
						<i>3</i>
						<i>-32 3 0 3 3</i>
						<i>-1 0 1 4 2</i>
						<i>-1 1 4 2 5</i>
						<i>-1 1 4 4 2</i>
						<i>-1 7 7 1 4</i>
						<i>-1 8 8 0 8</i>
						<i>3</i>
						<i>-1 1 0 3 2</i>
						<i>-1 7 1 0 4</i>
						<i>-2 12 2 12 5</i>
						<i>-1 9 4 7 7</i>
						<i>3</i>
						<i>-2 12 15 5 12</i>
						<i>7</i>
						<i>-32 1 6 10 5</i>
						<i>-1 18 6 4 3</i>
						<i>6</i>
						<i>-1 18 0 19 16</i>
						<i>1</i>
						<i>3</i>
						<i>3</i>
						<i>0</i>
						<i>0</i>
						<i>1</i>
						<i>-1 27 12 10 12</i>
						<i>2</i>
						<i>3</i>
						<i>1</i>
						<i>-2 4 14 3 26</i>
						<i>1</i>
						<i>3</i>
						<i>-1 0 22 17 12</i>
						<i>3</i>
						<i>3</i>
						<i>6</i>
						<i>3</i>
						<i>2</i>
						<i>2</i>
						<i>-3 10 22 14 7</i>
						<i>-3 41 7 20 34</i>
						<i>-3 24 35 13 20</i>
						<i>-1 22 7 35 1</i>
						<i>-1 37 17 36 15</i>
						<i>-1 39 1 21 40</i>
						<i>3</i>
						<i>2</i>
					</code>
					<best_genes>5 19 </best_genes>
					<max_index_best_genes>19</max_index_best_genes>
					<error>0</error>
					<num_incorrectly_classified>0.000000</num_incorrectly_classified>
					<binary_classification_threshold>0</binary_classification_threshold>
					<num_constants>5</num_constants>
					<constants>6 10 1 2 6 </constants>
					<num_classes>0</num_classes>
				</program>
			</run>
			<run>
				<running_time>0.601325</running_time>
				<best_training_error>1.81481 1.11111 1.11111 1.11111 1.11111 1.11111 0.148148 0.148148 0.148148 0.148148 0.148148 0.148148 0.148148 0 0 0 0 0 0 0 0 0 0 0 0 0 0 0 0 0 0 0 0 0 0 0 0 0 0 0 0 0 0 0 0 0 0 0 0 0 0 0 0 0 0 0 0 0 0 0 0 0 0 0 0 0 0 0 0 0 0 0 0 0 0 0 0 0 0 0 0 0 0 0 0 0 0 0 0 0 0 0 0 0 0 0 0 0 0 0 </best_training_error>
				<average_training_error>3.33963 3.10644 2.78348 2.46159 2.24081 2.0313 1.84056 1.646 1.45033 1.28267 1.18759 1.12956 1.08263 1.05344 1.01689 0.964444 0.916667 0.83137 0.754074 0.658222 0.605185 0.560407 0.530741 0.474815 0.39563 0.313222 0.277593 0.257185 0.229963 0.209074 0.205593 0.200889 0.186667 0.163444 0.123778 0.103222 0.102926 0.102481 0.101704 0.100778 0.0986667 0.0947778 0.0876667 0.083 0.0822963 0.0813704 0.0785185 0.0732222 0.0658148 0.0626296 0.0575926 0.0466296 0.0312222 0.0291111 0.0278519 0.026963 0.0254815 0.0220741 0.0167407 0.0146667 0.0143704 0.0142222 0.0139259 0.0136296 0.0127407 0.0118519 0.00903704 0.00444444 0 0 0 0 0 0 0 0 0 0 0 0 0 0 0 0 0 0 0 0 0 0 0 0 0 0 0 0 0 0 0 0 </average_training_error>
				<best_validation_error>-1</best_validation_error>
				<test_error>-1</test_error>
				<best_training_num_incorrect>0.000000 0.000000 0.000000 0.000000 0.000000 0.000000 0.000000 0.000000 0.000000 0.000000 0.000000 0.000000 0.000000 0.000000 0.000000 0.000000 0.000000 0.000000 0.000000 0.000000 0.000000 0.000000 0.000000 0.000000 0.000000 0.000000 0.000000 0.000000 0.000000 0.000000 0.000000 0.000000 0.000000 0.000000 0.000000 0.000000 0.000000 0.000000 0.000000 0.000000 0.000000 0.000000 0.000000 0.000000 0.000000 0.000000 0.000000 0.000000 0.000000 0.000000 0.000000 0.000000 0.000000 0.000000 0.000000 0.000000 0.000000 0.000000 0.000000 0.000000 0.000000 0.000000 0.000000 0.000000 0.000000 0.000000 0.000000 0.000000 0.000000 0.000000 0.000000 0.000000 0.000000 0.000000 0.000000 0.000000 0.000000 0.000000 0.000000 0.000000 0.000000 0.000000 0.000000 0.000000 0.000000 0.000000 0.000000 0.000000 0.000000 0.000000 0.000000 0.000000 0.000000 0.000000 0.000000 0.000000 0.000000 0.000000 0.000000 0.000000 </best_training_num_incorrect>
				<average_training_num_incorrect>0.000000 0.000000 0.000000 0.000000 0.000000 0.000000 0.000000 0.000000 0.000000 0.000000 0.000000 0.000000 0.000000 0.000000 0.000000 0.000000 0.000000 0.000000 0.000000 0.000000 0.000000 0.000000 0.000000 0.000000 0.000000 0.000000 0.000000 0.000000 0.000000 0.000000 0.000000 0.000000 0.000000 0.000000 0.000000 0.000000 0.000000 0.000000 0.000000 0.000000 0.000000 0.000000 0.000000 0.000000 0.000000 0.000000 0.000000 0.000000 0.000000 0.000000 0.000000 0.000000 0.000000 0.000000 0.000000 0.000000 0.000000 0.000000 0.000000 0.000000 0.000000 0.000000 0.000000 0.000000 0.000000 0.000000 0.000000 0.000000 0.000000 0.000000 0.000000 0.000000 0.000000 0.000000 0.000000 0.000000 0.000000 0.000000 0.000000 0.000000 0.000000 0.000000 0.000000 0.000000 0.000000 0.000000 0.000000 0.000000 0.000000 0.000000 0.000000 0.000000 0.000000 0.000000 0.000000 0.000000 0.000000 0.000000 0.000000 0.000000 </average_training_num_incorrect>
				<best_validation_num_incorrect>-1</best_validation_num_incorrect>
				<test_num_incorrect>-1</test_num_incorrect>
				<last_generation>99</last_generation>
				<num_generations>100</num_generations>
				<program>
					<code_length>50</code_length>
					<num_variables>4</num_variables>
					<num_outputs>2</num_outputs>
					<problem_type>3</problem_type>
					<data_type>2</data_type>
					<error_measure>0</error_measure>
					<code>
						<i>3</i>
						<i>2</i>
						<i>-32 0 1 1 1</i>
						<i>3</i>
						<i>-1 2 1 0 1</i>
						<i>4</i>
						<i>-2 3 5 3 4</i>
						<i>-3 3 4 2 0</i>
						<i>-1 3 3 2 7</i>
						<i>-4 6 3 7 0</i>
						<i>3</i>
						<i>-1 0 2 1 0</i>
						<i>-3 1 11 8 11</i>
						<i>-1 1 5 3 6</i>
						<i>-1 4 3 8 10</i>
						<i>3</i>
						<i>-4 15 7 4 14</i>
						<i>1</i>
						<i>3</i>
						<i>-2 7 17 9 3</i>
						<i>2</i>
						<i>1</i>
						<i>2</i>
						<i>2</i>
						<i>-3 22 20 2 8</i>
						<i>5</i>
						<i>-1 17 16 12 22</i>
						<i>-4 11 3 7 16</i>
						<i>-1 27 1 11 13</i>
						<i>-4 11 0 21 4</i>
						<i>3</i>
						<i>-1 10 28 24 3</i>
						<i>-2 24 21 15 3</i>
						<i>-1 2 29 23 11</i>
						<i>3</i>
						<i>1</i>
						<i>0</i>
						<i>0</i>
						<i>0</i>
						<i>1</i>
						<i>0</i>
						<i>3</i>
						<i>-2 13 15 13 6</i>
						<i>0</i>
						<i>-1 27 2 5 20</i>
						<i>0</i>
						<i>2</i>
						<i>1</i>
						<i>-1 36 0 21 44</i>
						<i>2</i>
					</code>
					<best_genes>13 33 </best_genes>
					<max_index_best_genes>33</max_index_best_genes>
					<error>0</error>
					<num_incorrectly_classified>0.000000</num_incorrectly_classified>
					<binary_classification_threshold>0</binary_classification_threshold>
					<num_constants>5</num_constants>
					<constants>1 2 8 10 5 </constants>
					<num_classes>0</num_classes>
				</program>
			</run>
			<run>
				<running_time>0.566193</running_time>
				<best_training_error>1.81481 1.11111 0.851852 0.407407 0.407407 0.407407 0.407407 0.148148 0.148148 0.148148 0.148148 0 0 0 0 0 0 0 0 0 0 0 0 0 0 0 0 0 0 0 0 0 0 0 0 0 0 0 0 0 0 0 0 0 0 0 0 0 0 0 0 0 0 0 0 0 0 0 0 0 0 0 0 0 0 0 0 0 0 0 0 0 0 0 0 0 0 0 0 0 0 0 0 0 0 0 0 0 0 0 0 0 0 0 0 0 0 0 0 0 </best_training_error>
				<average_training_error>3.3627 3.14544 2.7953 2.42367 2.16978 1.9273 1.71204 1.52204 1.3663 1.22867 1.11793 1.00989 0.921222 0.826407 0.718963 0.625444 0.552593 0.503741 0.44137 0.409519 0.393074 0.367889 0.31663 0.231852 0.171407 0.165222 0.161889 0.157 0.14837 0.139481 0.129037 0.124222 0.120259 0.110963 0.0953333 0.0814444 0.0737778 0.0736296 0.0734815 0.0733333 0.0727407 0.0718519 0.0711111 0.0702222 0.0677037 0.0620741 0.058963 0.0586667 0.0583704 0.0579259 0.0573333 0.0565926 0.0557037 0.0542222 0.0524444 0.0497778 0.0460741 0.0434074 0.0422222 0.0405926 0.038963 0.034963 0.0315556 0.0294815 0.0293333 0.0291852 0.0287407 0.0282963 0.0281481 0.0278519 0.0271111 0.0254815 0.0231111 0.0197037 0.0137778 0.0134815 0.0127407 0.012 0.0114074 0.00918519 0.00681481 0.00311111 0 0 0 0 0 0 0 0 0 0 0 0 0 0 0 0 0 0 </average_training_error>
				<best_validation_error>-1</best_validation_error>
				<test_error>-1</test_error>
				<best_training_num_incorrect>0.000000 0.000000 0.000000 0.000000 0.000000 0.000000 0.000000 0.000000 0.000000 0.000000 0.000000 0.000000 0.000000 0.000000 0.000000 0.000000 0.000000 0.000000 0.000000 0.000000 0.000000 0.000000 0.000000 0.000000 0.000000 0.000000 0.000000 0.000000 0.000000 0.000000 0.000000 0.000000 0.000000 0.000000 0.000000 0.000000 0.000000 0.000000 0.000000 0.000000 0.000000 0.000000 0.000000 0.000000 0.000000 0.000000 0.000000 0.000000 0.000000 0.000000 0.000000 0.000000 0.000000 0.000000 0.000000 0.000000 0.000000 0.000000 0.000000 0.000000 0.000000 0.000000 0.000000 0.000000 0.000000 0.000000 0.000000 0.000000 0.000000 0.000000 0.000000 0.000000 0.000000 0.000000 0.000000 0.000000 0.000000 0.000000 0.000000 0.000000 0.000000 0.000000 0.000000 0.000000 0.000000 0.000000 0.000000 0.000000 0.000000 0.000000 0.000000 0.000000 0.000000 0.000000 0.000000 0.000000 0.000000 0.000000 0.000000 0.000000 </best_training_num_incorrect>
				<average_training_num_incorrect>0.000000 0.000000 0.000000 0.000000 0.000000 0.000000 0.000000 0.000000 0.000000 0.000000 0.000000 0.000000 0.000000 0.000000 0.000000 0.000000 0.000000 0.000000 0.000000 0.000000 0.000000 0.000000 0.000000 0.000000 0.000000 0.000000 0.000000 0.000000 0.000000 0.000000 0.000000 0.000000 0.000000 0.000000 0.000000 0.000000 0.000000 0.000000 0.000000 0.000000 0.000000 0.000000 0.000000 0.000000 0.000000 0.000000 0.000000 0.000000 0.000000 0.000000 0.000000 0.000000 0.000000 0.000000 0.000000 0.000000 0.000000 0.000000 0.000000 0.000000 0.000000 0.000000 0.000000 0.000000 0.000000 0.000000 0.000000 0.000000 0.000000 0.000000 0.000000 0.000000 0.000000 0.000000 0.000000 0.000000 0.000000 0.000000 0.000000 0.000000 0.000000 0.000000 0.000000 0.000000 0.000000 0.000000 0.000000 0.000000 0.000000 0.000000 0.000000 0.000000 0.000000 0.000000 0.000000 0.000000 0.000000 0.000000 0.000000 0.000000 </average_training_num_incorrect>
				<best_validation_num_incorrect>-1</best_validation_num_incorrect>
				<test_num_incorrect>-1</test_num_incorrect>
				<last_generation>99</last_generation>
				<num_generations>100</num_generations>
				<program>
					<code_length>50</code_length>
					<num_variables>4</num_variables>
					<num_outputs>2</num_outputs>
					<problem_type>3</problem_type>
					<data_type>2</data_type>
					<error_measure>0</error_measure>
					<code>
						<i>2</i>
						<i>-4 0 0 0 0</i>
						<i>-1 1 0 1 1</i>
						<i>1</i>
						<i>-2 1 1 2 2</i>
						<i>3</i>
						<i>0</i>
						<i>-3 2 3 6 0</i>
						<i>-1 1 5 6 3</i>
						<i>-2 8 4 2 3</i>
						<i>-2 5 3 2 8</i>
						<i>-32 8 2 6 8</i>
						<i>-3 1 0 2 6</i>
						<i>4</i>
						<i>0</i>
						<i>0</i>
						<i>3</i>
						<i>7</i>
						<i>-2 11 14 9 16</i>
						<i>-1 1 11 16 1</i>
						<i>3</i>
						<i>3</i>
						<i>0</i>
						<i>-1 21 20 9 3</i>
						<i>3</i>
						<i>-1 12 10 10 7</i>
						<i>2</i>
						<i>-2 3 2 10 3</i>
						<i>3</i>
						<i>-1 11 5 9 2</i>
						<i>3</i>
						<i>0</i>
						<i>1</i>
						<i>1</i>
						<i>-2 20 14 11 17</i>
						<i>0</i>
						<i>1</i>
						<i>-2 30 3 31 15</i>
						<i>2</i>
						<i>2</i>
						<i>3</i>
						<i>-3 39 23 8 30</i>
						<i>1</i>
						<i>3</i>
						<i>0</i>
						<i>0</i>
						<i>-2 2 6 37 12</i>
						<i>2</i>
						<i>1</i>
						<i>3</i>
					</code>
					<best_genes>2 19 </best_genes>
					<max_index_best_genes>19</max_index_best_genes>
					<error>0</error>
					<num_incorrectly_classified>0.000000</num_incorrectly_classified>
					<binary_classification_threshold>0</binary_classification_threshold>
					<num_constants>5</num_constants>
					<constants>0 3 10 2 2 </constants>
					<num_classes>0</num_classes>
				</program>
			</run>
			<run>
				<running_time>0.612028</running_time>
				<best_training_error>1.11111 1.11111 1.11111 0.851852 0.851852 0.851852 0.851852 0.851852 0.851852 0.851852 0.148148 0.148148 0.148148 0.148148 0.148148 0.148148 0.148148 0.148148 0.148148 0.148148 0.148148 0.148148 0.148148 0.148148 0.148148 0.148148 0.148148 0.148148 0.148148 0.148148 0.111111 0.111111 0.111111 0.111111 0.111111 0.111111 0.111111 0.111111 0.111111 0 0 0 0 0 0 0 0 0 0 0 0 0 0 0 0 0 0 0 0 0 0 0 0 0 0 0 0 0 0 0 0 0 0 0 0 0 0 0 0 0 0 0 0 0 0 0 0 0 0 0 0 0 0 0 0 0 0 0 0 0 </best_training_error>
				<average_training_error>3.35022 3.14696 2.82278 2.44789 2.13893 1.86156 1.63356 1.47396 1.33926 1.23552 1.13752 1.10019 1.08985 1.06956 1.04356 1.008 0.949074 0.917815 0.893593 0.881667 0.856 0.813148 0.781926 0.772778 0.761407 0.735074 0.694889 0.655185 0.644333 0.635852 0.613852 0.581037 0.564593 0.543926 0.507667 0.477741 0.472222 0.458852 0.438741 0.403037 0.364852 0.345222 0.318667 0.29137 0.274519 0.25263 0.225407 0.190148 0.18363 0.17463 0.160778 0.147296 0.129111 0.10637 0.0835556 0.0814074 0.0812593 0.0810741 0.0808889 0.0801852 0.0777778 0.0736667 0.0668148 0.0662963 0.0661481 0.0658519 0.0652593 0.0645185 0.0639259 0.061963 0.0584074 0.0516296 0.0512593 0.0505185 0.0493333 0.0472222 0.0431111 0.0344444 0.0298889 0.0215556 0.0111111 0.0107778 0.0105556 0.0104444 0.0102222 0.00988889 0.00855556 0.00577778 0.00111111 0 0 0 0 0 0 0 0 0 0 0 </average_training_error>
				<best_validation_error>-1</best_validation_error>
				<test_error>-1</test_error>
				<best_training_num_incorrect>0.000000 0.000000 0.000000 0.000000 0.000000 0.000000 0.000000 0.000000 0.000000 0.000000 0.000000 0.000000 0.000000 0.000000 0.000000 0.000000 0.000000 0.000000 0.000000 0.000000 0.000000 0.000000 0.000000 0.000000 0.000000 0.000000 0.000000 0.000000 0.000000 0.000000 0.000000 0.000000 0.000000 0.000000 0.000000 0.000000 0.000000 0.000000 0.000000 0.000000 0.000000 0.000000 0.000000 0.000000 0.000000 0.000000 0.000000 0.000000 0.000000 0.000000 0.000000 0.000000 0.000000 0.000000 0.000000 0.000000 0.000000 0.000000 0.000000 0.000000 0.000000 0.000000 0.000000 0.000000 0.000000 0.000000 0.000000 0.000000 0.000000 0.000000 0.000000 0.000000 0.000000 0.000000 0.000000 0.000000 0.000000 0.000000 0.000000 0.000000 0.000000 0.000000 0.000000 0.000000 0.000000 0.000000 0.000000 0.000000 0.000000 0.000000 0.000000 0.000000 0.000000 0.000000 0.000000 0.000000 0.000000 0.000000 0.000000 0.000000 </best_training_num_incorrect>
				<average_training_num_incorrect>0.000000 0.000000 0.000000 0.000000 0.000000 0.000000 0.000000 0.000000 0.000000 0.000000 0.000000 0.000000 0.000000 0.000000 0.000000 0.000000 0.000000 0.000000 0.000000 0.000000 0.000000 0.000000 0.000000 0.000000 0.000000 0.000000 0.000000 0.000000 0.000000 0.000000 0.000000 0.000000 0.000000 0.000000 0.000000 0.000000 0.000000 0.000000 0.000000 0.000000 0.000000 0.000000 0.000000 0.000000 0.000000 0.000000 0.000000 0.000000 0.000000 0.000000 0.000000 0.000000 0.000000 0.000000 0.000000 0.000000 0.000000 0.000000 0.000000 0.000000 0.000000 0.000000 0.000000 0.000000 0.000000 0.000000 0.000000 0.000000 0.000000 0.000000 0.000000 0.000000 0.000000 0.000000 0.000000 0.000000 0.000000 0.000000 0.000000 0.000000 0.000000 0.000000 0.000000 0.000000 0.000000 0.000000 0.000000 0.000000 0.000000 0.000000 0.000000 0.000000 0.000000 0.000000 0.000000 0.000000 0.000000 0.000000 0.000000 0.000000 </average_training_num_incorrect>
				<best_validation_num_incorrect>-1</best_validation_num_incorrect>
				<test_num_incorrect>-1</test_num_incorrect>
				<last_generation>99</last_generation>
				<num_generations>100</num_generations>
				<program>
					<code_length>50</code_length>
					<num_variables>4</num_variables>
					<num_outputs>2</num_outputs>
					<problem_type>3</problem_type>
					<data_type>2</data_type>
					<error_measure>0</error_measure>
					<code>
						<i>2</i>
						<i>-4 0 0 0 0</i>
						<i>-1 0 1 0 0</i>
						<i>3</i>
						<i>-4 1 1 0 3</i>
						<i>-32 3 0 2 1</i>
						<i>0</i>
						<i>3</i>
						<i>-32 2 0 5 1</i>
						<i>7</i>
						<i>-1 5 1 6 9</i>
						<i>-4 5 7 9 6</i>
						<i>2</i>
						<i>-3 9 5 9 5</i>
						<i>0</i>
						<i>-3 12 8 13 5</i>
						<i>7</i>
						<i>7</i>
						<i>-32 1 10 15 17</i>
						<i>0</i>
						<i>-32 17 1 3 1</i>
						<i>-1 18 18 2 8</i>
						<i>-1 1 5 20 7</i>
						<i>2</i>
						<i>6</i>
						<i>0</i>
						<i>-1 8 10 2 2</i>
						<i>0</i>
						<i>0</i>
						<i>-2 21 1 4 19</i>
						<i>3</i>
						<i>3</i>
						<i>0</i>
						<i>2</i>
						<i>-1 18 10 31 4</i>
						<i>1</i>
						<i>0</i>
						<i>0</i>
						<i>0</i>
						<i>-3 29 19 36 1</i>
						<i>-1 12 2 2 2</i>
						<i>-2 33 23 10 22</i>
						<i>-1 5 17 24 9</i>
						<i>0</i>
						<i>3</i>
						<i>1</i>
						<i>1</i>
						<i>2</i>
						<i>1</i>
						<i>-1 42 14 48 29</i>
					</code>
					<best_genes>2 34 </best_genes>
					<max_index_best_genes>34</max_index_best_genes>
					<error>0</error>
					<num_incorrectly_classified>0.000000</num_incorrectly_classified>
					<binary_classification_threshold>0</binary_classification_threshold>
					<num_constants>5</num_constants>
					<constants>4 7 6 2 9 </constants>
					<num_classes>0</num_classes>
				</program>
			</run>
			<run>
				<running_time>0.576921</running_time>
				<best_training_error>1.81481 1.11111 1.11111 1.11111 0.851852 0.851852 0.851852 0.851852 0.148148 0.148148 0.148148 0.148148 0.148148 0.148148 0.148148 0.148148 0.148148 0.148148 0.148148 0.148148 0.148148 0.148148 0.148148 0.148148 0.148148 0.148148 0.148148 0.148148 0.148148 0.148148 0.148148 0.148148 0.148148 0.148148 0.148148 0.148148 0.148148 0.148148 0.148148 0.148148 0.148148 0.148148 0.148148 0.111111 0.111111 0.111111 0.111111 0.111111 0.111111 0.111111 0.111111 0.111111 0.111111 0.111111 0.111111 0.111111 0.111111 0.111111 0.111111 0.111111 0.111111 0.111111 0.111111 0.111111 0.111111 0.111111 0.111111 0.111111 0.111111 0.111111 0.111111 0.111111 0.111111 0.111111 0.111111 0.111111 0.111111 0.111111 0.111111 0.111111 0.111111 0.111111 0.111111 0.111111 0.111111 0.111111 0.111111 0.111111 0.111111 0.111111 0.111111 0 0 0 0 0 0 0 0 0 </best_training_error>
				<average_training_error>3.35622 3.11537 2.78419 2.45541 2.2157 1.99056 1.79652 1.64459 1.48263 1.30015 1.18181 1.11263 1.08233 1.06981 1.04522 0.991963 0.926148 0.898074 0.891815 0.872407 0.82737 0.756111 0.697296 0.662704 0.649926 0.631111 0.587037 0.50737 0.439037 0.402296 0.337296 0.275074 0.255 0.211778 0.16737 0.148148 0.148148 0.148148 0.148148 0.148148 0.148148 0.148148 0.148148 0.148111 0.148111 0.148074 0.148 0.148 0.147963 0.147889 0.147704 0.147296 0.146852 0.145667 0.144333 0.144259 0.144148 0.143926 0.143667 0.143111 0.142333 0.140407 0.139815 0.139444 0.138481 0.137037 0.137 0.136926 0.136815 0.136741 0.13663 0.136222 0.135296 0.13363 0.133111 0.133037 0.132926 0.132815 0.132741 0.13237 0.131704 0.130519 0.129296 0.129074 0.128741 0.127704 0.126 0.125741 0.125704 0.125667 0.125519 0.125185 0.124704 0.123852 0.122 0.121519 0.121 0.120037 0.118074 0.114704 </average_training_error>
				<best_validation_error>-1</best_validation_error>
				<test_error>-1</test_error>
				<best_training_num_incorrect>0.000000 0.000000 0.000000 0.000000 0.000000 0.000000 0.000000 0.000000 0.000000 0.000000 0.000000 0.000000 0.000000 0.000000 0.000000 0.000000 0.000000 0.000000 0.000000 0.000000 0.000000 0.000000 0.000000 0.000000 0.000000 0.000000 0.000000 0.000000 0.000000 0.000000 0.000000 0.000000 0.000000 0.000000 0.000000 0.000000 0.000000 0.000000 0.000000 0.000000 0.000000 0.000000 0.000000 0.000000 0.000000 0.000000 0.000000 0.000000 0.000000 0.000000 0.000000 0.000000 0.000000 0.000000 0.000000 0.000000 0.000000 0.000000 0.000000 0.000000 0.000000 0.000000 0.000000 0.000000 0.000000 0.000000 0.000000 0.000000 0.000000 0.000000 0.000000 0.000000 0.000000 0.000000 0.000000 0.000000 0.000000 0.000000 0.000000 0.000000 0.000000 0.000000 0.000000 0.000000 0.000000 0.000000 0.000000 0.000000 0.000000 0.000000 0.000000 0.000000 0.000000 0.000000 0.000000 0.000000 0.000000 0.000000 0.000000 0.000000 </best_training_num_incorrect>
				<average_training_num_incorrect>0.000000 0.000000 0.000000 0.000000 0.000000 0.000000 0.000000 0.000000 0.000000 0.000000 0.000000 0.000000 0.000000 0.000000 0.000000 0.000000 0.000000 0.000000 0.000000 0.000000 0.000000 0.000000 0.000000 0.000000 0.000000 0.000000 0.000000 0.000000 0.000000 0.000000 0.000000 0.000000 0.000000 0.000000 0.000000 0.000000 0.000000 0.000000 0.000000 0.000000 0.000000 0.000000 0.000000 0.000000 0.000000 0.000000 0.000000 0.000000 0.000000 0.000000 0.000000 0.000000 0.000000 0.000000 0.000000 0.000000 0.000000 0.000000 0.000000 0.000000 0.000000 0.000000 0.000000 0.000000 0.000000 0.000000 0.000000 0.000000 0.000000 0.000000 0.000000 0.000000 0.000000 0.000000 0.000000 0.000000 0.000000 0.000000 0.000000 0.000000 0.000000 0.000000 0.000000 0.000000 0.000000 0.000000 0.000000 0.000000 0.000000 0.000000 0.000000 0.000000 0.000000 0.000000 0.000000 0.000000 0.000000 0.000000 0.000000 0.000000 </average_training_num_incorrect>
				<best_validation_num_incorrect>-1</best_validation_num_incorrect>
				<test_num_incorrect>-1</test_num_incorrect>
				<last_generation>99</last_generation>
				<num_generations>100</num_generations>
				<program>
					<code_length>50</code_length>
					<num_variables>4</num_variables>
					<num_outputs>2</num_outputs>
					<problem_type>3</problem_type>
					<data_type>2</data_type>
					<error_measure>0</error_measure>
					<code>
						<i>2</i>
						<i>-4 0 0 0 0</i>
						<i>-1 1 1 1 1</i>
						<i>-4 1 1 2 0</i>
						<i>0</i>
						<i>-32 1 0 1 0</i>
						<i>-1 1 5 5 2</i>
						<i>-1 1 0 4 6</i>
						<i>-32 7 0 6 2</i>
						<i>-2 8 6 8 6</i>
						<i>-2 0 2 0 7</i>
						<i>-1 0 1 0 10</i>
						<i>3</i>
						<i>-32 12 0 8 9</i>
						<i>-1 11 13 6 4</i>
						<i>-1 8 3 9 3</i>
						<i>3</i>
						<i>0</i>
						<i>-1 1 10 3 15</i>
						<i>5</i>
						<i>1</i>
						<i>4</i>
						<i>0</i>
						<i>0</i>
						<i>2</i>
						<i>3</i>
						<i>1</i>
						<i>-1 2 13 9 11</i>
						<i>-2 7 22 8 20</i>
						<i>-32 25 0 26 11</i>
						<i>2</i>
						<i>3</i>
						<i>-1 0 12 24 3</i>
						<i>3</i>
						<i>2</i>
						<i>-3 8 32 20 9</i>
						<i>1</i>
						<i>5</i>
						<i>7</i>
						<i>-2 35 10 11 0</i>
						<i>-1 21 2 38 24</i>
						<i>-1 16 39 12 34</i>
						<i>2</i>
						<i>1</i>
						<i>-3 39 21 4 35</i>
						<i>4</i>
						<i>-32 39 14 17 4</i>
						<i>4</i>
						<i>-3 23 35 44 13</i>
						<i>3</i>
					</code>
					<best_genes>7 46 </best_genes>
					<max_index_best_genes>46</max_index_best_genes>
					<error>0</error>
					<num_incorrectly_classified>0.000000</num_incorrectly_classified>
					<binary_classification_threshold>0</binary_classification_threshold>
					<num_constants>5</num_constants>
					<constants>5 8 1 1 1 </constants>
					<num_classes>0</num_classes>
				</program>
			</run>
		</results>
	</algorithm>
</project>
