<?xml version="1.0"?>
<project>
	<mepx_version>2022.03.19.0-beta</mepx_version>
	<problem_description>classification problem.

References:

https://archive.ics.uci.edu/ml/datasets/iris</problem_description>
	<algorithm>
		<training>
			<num_data>150</num_data>
			<num_cols>5</num_cols>
			<num_outputs>1</num_outputs>
			<num_classes>3</num_classes>
			<data_type>0</data_type>
			<list_separator></list_separator>
			<data>
				<row>5.1 3.5 1.4 0.2 0</row>
				<row>4.9 3 1.4 0.2 0</row>
				<row>4.7 3.2 1.3 0.2 0</row>
				<row>4.6 3.1 1.5 0.2 0</row>
				<row>5 3.6 1.4 0.2 0</row>
				<row>5.4 3.9 1.7 0.4 0</row>
				<row>4.6 3.4 1.4 0.3 0</row>
				<row>5 3.4 1.5 0.2 0</row>
				<row>4.4 2.9 1.4 0.2 0</row>
				<row>4.9 3.1 1.5 0.1 0</row>
				<row>5.4 3.7 1.5 0.2 0</row>
				<row>4.8 3.4 1.6 0.2 0</row>
				<row>4.8 3 1.4 0.1 0</row>
				<row>4.3 3 1.1 0.1 0</row>
				<row>5.8 4 1.2 0.2 0</row>
				<row>5.7 4.4 1.5 0.4 0</row>
				<row>5.4 3.9 1.3 0.4 0</row>
				<row>5.1 3.5 1.4 0.3 0</row>
				<row>5.7 3.8 1.7 0.3 0</row>
				<row>5.1 3.8 1.5 0.3 0</row>
				<row>5.4 3.4 1.7 0.2 0</row>
				<row>5.1 3.7 1.5 0.4 0</row>
				<row>4.6 3.6 1 0.2 0</row>
				<row>5.1 3.3 1.7 0.5 0</row>
				<row>4.8 3.4 1.9 0.2 0</row>
				<row>5 3 1.6 0.2 0</row>
				<row>5 3.4 1.6 0.4 0</row>
				<row>5.2 3.5 1.5 0.2 0</row>
				<row>5.2 3.4 1.4 0.2 0</row>
				<row>4.7 3.2 1.6 0.2 0</row>
				<row>4.8 3.1 1.6 0.2 0</row>
				<row>5.4 3.4 1.5 0.4 0</row>
				<row>5.2 4.1 1.5 0.1 0</row>
				<row>5.5 4.2 1.4 0.2 0</row>
				<row>4.9 3.1 1.5 0.1 0</row>
				<row>5 3.2 1.2 0.2 0</row>
				<row>5.5 3.5 1.3 0.2 0</row>
				<row>4.9 3.1 1.5 0.1 0</row>
				<row>4.4 3 1.3 0.2 0</row>
				<row>5.1 3.4 1.5 0.2 0</row>
				<row>5 3.5 1.3 0.3 0</row>
				<row>4.5 2.3 1.3 0.3 0</row>
				<row>4.4 3.2 1.3 0.2 0</row>
				<row>5 3.5 1.6 0.6 0</row>
				<row>5.1 3.8 1.9 0.4 0</row>
				<row>4.8 3 1.4 0.3 0</row>
				<row>5.1 3.8 1.6 0.2 0</row>
				<row>4.6 3.2 1.4 0.2 0</row>
				<row>5.3 3.7 1.5 0.2 0</row>
				<row>5 3.3 1.4 0.2 0</row>
				<row>7 3.2 4.7 1.4 1</row>
				<row>6.4 3.2 4.5 1.5 1</row>
				<row>6.9 3.1 4.9 1.5 1</row>
				<row>5.5 2.3 4 1.3 1</row>
				<row>6.5 2.8 4.6 1.5 1</row>
				<row>5.7 2.8 4.5 1.3 1</row>
				<row>6.3 3.3 4.7 1.6 1</row>
				<row>4.9 2.4 3.3 1 1</row>
				<row>6.6 2.9 4.6 1.3 1</row>
				<row>5.2 2.7 3.9 1.4 1</row>
				<row>5 2 3.5 1 1</row>
				<row>5.9 3 4.2 1.5 1</row>
				<row>6 2.2 4 1 1</row>
				<row>6.1 2.9 4.7 1.4 1</row>
				<row>5.6 2.9 3.6 1.3 1</row>
				<row>6.7 3.1 4.4 1.4 1</row>
				<row>5.6 3 4.5 1.5 1</row>
				<row>5.8 2.7 4.1 1 1</row>
				<row>6.2 2.2 4.5 1.5 1</row>
				<row>5.6 2.5 3.9 1.1 1</row>
				<row>5.9 3.2 4.8 1.8 1</row>
				<row>6.1 2.8 4 1.3 1</row>
				<row>6.3 2.5 4.9 1.5 1</row>
				<row>6.1 2.8 4.7 1.2 1</row>
				<row>6.4 2.9 4.3 1.3 1</row>
				<row>6.6 3 4.4 1.4 1</row>
				<row>6.8 2.8 4.8 1.4 1</row>
				<row>6.7 3 5 1.7 1</row>
				<row>6 2.9 4.5 1.5 1</row>
				<row>5.7 2.6 3.5 1 1</row>
				<row>5.5 2.4 3.8 1.1 1</row>
				<row>5.5 2.4 3.7 1 1</row>
				<row>5.8 2.7 3.9 1.2 1</row>
				<row>6 2.7 5.1 1.6 1</row>
				<row>5.4 3 4.5 1.5 1</row>
				<row>6 3.4 4.5 1.6 1</row>
				<row>6.7 3.1 4.7 1.5 1</row>
				<row>6.3 2.3 4.4 1.3 1</row>
				<row>5.6 3 4.1 1.3 1</row>
				<row>5.5 2.5 4 1.3 1</row>
				<row>5.5 2.6 4.4 1.2 1</row>
				<row>6.1 3 4.6 1.4 1</row>
				<row>5.8 2.6 4 1.2 1</row>
				<row>5 2.3 3.3 1 1</row>
				<row>5.6 2.7 4.2 1.3 1</row>
				<row>5.7 3 4.2 1.2 1</row>
				<row>5.7 2.9 4.2 1.3 1</row>
				<row>6.2 2.9 4.3 1.3 1</row>
				<row>5.1 2.5 3 1.1 1</row>
				<row>5.7 2.8 4.1 1.3 1</row>
				<row>6.3 3.3 6 2.5 2</row>
				<row>5.8 2.7 5.1 1.9 2</row>
				<row>7.1 3 5.9 2.1 2</row>
				<row>6.3 2.9 5.6 1.8 2</row>
				<row>6.5 3 5.8 2.2 2</row>
				<row>7.6 3 6.6 2.1 2</row>
				<row>4.9 2.5 4.5 1.7 2</row>
				<row>7.3 2.9 6.3 1.8 2</row>
				<row>6.7 2.5 5.8 1.8 2</row>
				<row>7.2 3.6 6.1 2.5 2</row>
				<row>6.5 3.2 5.1 2 2</row>
				<row>6.4 2.7 5.3 1.9 2</row>
				<row>6.8 3 5.5 2.1 2</row>
				<row>5.7 2.5 5 2 2</row>
				<row>5.8 2.8 5.1 2.4 2</row>
				<row>6.4 3.2 5.3 2.3 2</row>
				<row>6.5 3 5.5 1.8 2</row>
				<row>7.7 3.8 6.7 2.2 2</row>
				<row>7.7 2.6 6.9 2.3 2</row>
				<row>6 2.2 5 1.5 2</row>
				<row>6.9 3.2 5.7 2.3 2</row>
				<row>5.6 2.8 4.9 2 2</row>
				<row>7.7 2.8 6.7 2 2</row>
				<row>6.3 2.7 4.9 1.8 2</row>
				<row>6.7 3.3 5.7 2.1 2</row>
				<row>7.2 3.2 6 1.8 2</row>
				<row>6.2 2.8 4.8 1.8 2</row>
				<row>6.1 3 4.9 1.8 2</row>
				<row>6.4 2.8 5.6 2.1 2</row>
				<row>7.2 3 5.8 1.6 2</row>
				<row>7.4 2.8 6.1 1.9 2</row>
				<row>7.9 3.8 6.4 2 2</row>
				<row>6.4 2.8 5.6 2.2 2</row>
				<row>6.3 2.8 5.1 1.5 2</row>
				<row>6.1 2.6 5.6 1.4 2</row>
				<row>7.7 3 6.1 2.3 2</row>
				<row>6.3 3.4 5.6 2.4 2</row>
				<row>6.4 3.1 5.5 1.8 2</row>
				<row>6 3 4.8 1.8 2</row>
				<row>6.9 3.1 5.4 2.1 2</row>
				<row>6.7 3.1 5.6 2.4 2</row>
				<row>6.9 3.1 5.1 2.3 2</row>
				<row>5.8 2.7 5.1 1.9 2</row>
				<row>6.8 3.2 5.9 2.3 2</row>
				<row>6.7 3.3 5.7 2.5 2</row>
				<row>6.7 3 5.2 2.3 2</row>
				<row>6.3 2.5 5 1.9 2</row>
				<row>6.5 3 5.2 2 2</row>
				<row>6.2 3.4 5.4 2.3 2</row>
				<row>5.9 3 5.1 1.8 2</row>
			</data>
		</training>
		<validation>
			<num_data>0</num_data>
			<num_cols>0</num_cols>
			<num_outputs>1</num_outputs>
			<num_classes>0</num_classes>
			<data_type>0</data_type>
			<list_separator></list_separator>
		</validation>
		<test>
			<num_data>0</num_data>
			<num_cols>0</num_cols>
			<num_outputs>0</num_outputs>
			<num_classes>0</num_classes>
			<data_type>0</data_type>
			<list_separator></list_separator>
		</test>
		<variables_utilization>1 1 1 1 </variables_utilization>
		<parameters>
			<mutation_probability>0.01</mutation_probability>
			<crossover_probability>0.9</crossover_probability>
			<crossover_type>0</crossover_type>
			<chromosome_length>100</chromosome_length>
			<subpopulation_size>100</subpopulation_size>
			<num_subpopulations>2</num_subpopulations>
			<tournament_size>2</tournament_size>
			<number_of_generations>100</number_of_generations>
			<problem_type>2</problem_type>
			<random_seed>0</random_seed>
			<operators_probability>0.5</operators_probability>
			<variables_probability>0.4</variables_probability>
			<constants_probability>0.1</constants_probability>
			<num_runs>10</num_runs>
			<use_validation_data>0</use_validation_data>
			<simplified>0</simplified>
			<num_threads>2</num_threads>
			<random_subset_selection_size_percent>100</random_subset_selection_size_percent>
			<error_measure>3</error_measure>
			<num_generations_for_which_random_subset_is_kept_fixed>1</num_generations_for_which_random_subset_is_kept_fixed>
			<time_series_mode>0</time_series_mode>
			<num_predictions>10</num_predictions>
			<window_size>2</window_size>
		</parameters>
		<constants>
			<type>1</type>
			<num_automatic_constants>5</num_automatic_constants>
			<min_interval>-1</min_interval>
			<max_interval>1</max_interval>
			<evolve>1</evolve>
			<can_evolve_outside_initial_interval>0</can_evolve_outside_initial_interval>
			<stddev>0.1</stddev>
			<num_user_defined_constants>0</num_user_defined_constants>
		</constants>
		<operators>
			<use_addition>1</use_addition>
			<use_subtraction>1</use_subtraction>
			<use_multiplication>1</use_multiplication>
			<use_division>1</use_division>
			<use_power>0</use_power>
			<use_sqrt>0</use_sqrt>
			<use_exp>0</use_exp>
			<use_pow10>0</use_pow10>
			<use_ln>0</use_ln>
			<use_log10>0</use_log10>
			<use_log2>0</use_log2>
			<use_floor>0</use_floor>
			<use_ceil>0</use_ceil>
			<use_abs>0</use_abs>
			<use_inv>0</use_inv>
			<use_neg>0</use_neg>
			<use_x2>0</use_x2>
			<use_min>0</use_min>
			<use_max>0</use_max>
			<use_not>0</use_not>
			<use_and>0</use_and>
			<use_or>0</use_or>
			<use_xor>0</use_xor>
			<use_nand>0</use_nand>
			<use_nor>0</use_nor>
			<use_sin>0</use_sin>
			<use_cos>0</use_cos>
			<use_tan>0</use_tan>
			<use_asin>0</use_asin>
			<use_acos>0</use_acos>
			<use_atan>0</use_atan>
			<use_iflz>1</use_iflz>
			<use_ifalbcd>1</use_ifalbcd>
			<use_if_a_or_b_cd>0</use_if_a_or_b_cd>
			<use_if_a_xor_b_cd>0</use_if_a_xor_b_cd>
			<use_fmod>0</use_fmod>
		</operators>
		<results>
			<run>
				<running_time>0.312801</running_time>
				<best_training_error>33.3333 31.3333 28.6667 10.6667 10.6667 10.6667 10.6667 10.6667 10.6667 10.6667 10.6667 4.66667 4.66667 4.66667 4.66667 4.66667 3.33333 3.33333 3.33333 3.33333 3.33333 3.33333 3.33333 3.33333 3.33333 3.33333 3.33333 3.33333 3.33333 3.33333 3.33333 3.33333 3.33333 3.33333 3.33333 3.33333 3.33333 3.33333 3.33333 3.33333 2.66667 2.66667 2.66667 2.66667 2.66667 2.66667 2.66667 2.66667 2.66667 2.66667 2.66667 2.66667 2.66667 2.66667 2.66667 2.66667 2.66667 2.66667 2.66667 2.66667 2.66667 2.66667 2.66667 2.66667 2.66667 2.66667 2.66667 2.66667 2.66667 2.66667 2 2 2 2 1.33333 1.33333 1.33333 1.33333 1.33333 1.33333 1.33333 1.33333 1.33333 1.33333 1.33333 1.33333 1.33333 1.33333 1.33333 1.33333 1.33333 1.33333 1.33333 1.33333 1.33333 1.33333 1.33333 1.33333 1.33333 1.33333 </best_training_error>
				<average_training_error>66.84 56.76 49.91 42.8533 37.4967 33.8167 33.0533 32.4033 31.79 31.3833 31.26 30.51 29.7767 29.1367 28.19 26.7633 25.5833 23.9233 22.55 20.81 18.6667 17.25 15.4167 12.9367 11.0033 10.1533 9.42667 8.70333 7.95667 7.39667 6.53667 5.62667 4.82333 4.62 4.30333 3.75333 3.33333 3.33333 3.33333 3.33333 3.33 3.33 3.32667 3.29667 3.23 3.11 2.99667 2.99 2.98667 2.98 2.97 2.96667 2.94667 2.92333 2.88333 2.79 2.66667 2.66667 2.66667 2.66667 2.66667 2.66667 2.66667 2.66667 2.66667 2.66667 2.66667 2.66667 2.66667 2.66667 2.66333 2.66 2.65333 2.63667 2.58 2.47333 2.28 2.18667 2.02 1.79333 1.59333 1.34 1.33333 1.33333 1.33333 1.33333 1.33333 1.33333 1.33333 1.33333 1.33333 1.33333 1.33333 1.33333 1.33333 1.33333 1.33333 1.33333 1.33333 1.33333 </average_training_error>
				<best_validation_error>-1</best_validation_error>
				<test_error>-1</test_error>
				<best_training_num_incorrect>33.333333 31.333333 28.666667 10.666667 10.666667 10.666667 10.666667 10.666667 10.666667 10.666667 10.666667 4.666667 4.666667 4.666667 4.666667 4.666667 3.333333 3.333333 3.333333 3.333333 3.333333 3.333333 3.333333 3.333333 3.333333 3.333333 3.333333 3.333333 3.333333 3.333333 3.333333 3.333333 3.333333 3.333333 3.333333 3.333333 3.333333 3.333333 3.333333 3.333333 2.666667 2.666667 2.666667 2.666667 2.666667 2.666667 2.666667 2.666667 2.666667 2.666667 2.666667 2.666667 2.666667 2.666667 2.666667 2.666667 2.666667 2.666667 2.666667 2.666667 2.666667 2.666667 2.666667 2.666667 2.666667 2.666667 2.666667 2.666667 2.666667 2.666667 2.000000 2.000000 2.000000 2.000000 1.333333 1.333333 1.333333 1.333333 1.333333 1.333333 1.333333 1.333333 1.333333 1.333333 1.333333 1.333333 1.333333 1.333333 1.333333 1.333333 1.333333 1.333333 1.333333 1.333333 1.333333 1.333333 1.333333 1.333333 1.333333 1.333333 </best_training_num_incorrect>
				<average_training_num_incorrect>33.333333 32.333333 30.000000 21.000000 21.000000 10.666667 10.666667 10.666667 10.666667 10.666667 10.666667 7.666667 7.666667 7.666667 7.666667 7.666667 5.666667 5.666667 5.666667 5.666667 5.666667 5.666667 4.666667 4.666667 4.666667 4.333333 4.333333 4.333333 4.333333 4.000000 3.666667 3.333333 3.333333 3.333333 3.333333 3.333333 3.333333 3.333333 3.333333 3.333333 3.000000 3.000000 3.000000 3.000000 2.666667 2.666667 2.666667 2.666667 2.666667 2.666667 2.666667 2.666667 2.666667 2.666667 2.666667 2.666667 2.666667 2.666667 2.666667 2.666667 2.666667 2.666667 2.666667 2.666667 2.666667 2.666667 2.666667 2.666667 2.666667 2.666667 2.333333 2.333333 2.333333 2.333333 2.000000 2.000000 1.333333 1.333333 1.333333 1.333333 1.333333 1.333333 1.333333 1.333333 1.333333 1.333333 1.333333 1.333333 1.333333 1.333333 1.333333 1.333333 1.333333 1.333333 1.333333 1.333333 1.333333 1.333333 1.333333 1.333333 </average_training_num_incorrect>
				<best_validation_num_incorrect>-1</best_validation_num_incorrect>
				<test_num_incorrect>-1</test_num_incorrect>
				<last_generation>99</last_generation>
				<num_generations>100</num_generations>
				<program>
					<code_length>100</code_length>
					<num_variables>4</num_variables>
					<num_outputs>0</num_outputs>
					<code>
						<i>2</i>
						<i>1</i>
						<i>4294967271 0 1 1 0</i>
						<i>3</i>
						<i>4294967270 2 3 0 0</i>
						<i>4294967270 1 0 3 2</i>
						<i>4294967295 2 5 1 1</i>
						<i>4294967294 2 2 2 0</i>
						<i>0</i>
						<i>4294967295 4 4 6 4</i>
						<i>4294967295 8 6 2 9</i>
						<i>3</i>
						<i>3</i>
						<i>4294967293 3 2 0 12</i>
						<i>4294967293 11 11 7 13</i>
						<i>4294967270 11 11 1 4</i>
						<i>4294967270 11 10 4 2</i>
						<i>4294967270 14 6 11 11</i>
						<i>4294967295 14 5 11 14</i>
						<i>8</i>
						<i>4294967293 4 15 19 4</i>
						<i>1</i>
						<i>4294967294 0 16 4 11</i>
						<i>4294967271 3 19 4 21</i>
						<i>4294967293 21 19 1 9</i>
						<i>1</i>
						<i>0</i>
						<i>0</i>
						<i>4294967271 21 26 7 17</i>
						<i>4294967294 24 7 10 17</i>
						<i>4294967271 12 10 28 24</i>
						<i>4294967295 5 18 0 10</i>
						<i>4</i>
						<i>2</i>
						<i>2</i>
						<i>4294967292 20 12 34 24</i>
						<i>1</i>
						<i>2</i>
						<i>3</i>
						<i>1</i>
						<i>2</i>
						<i>0</i>
						<i>4294967294 6 34 33 6</i>
						<i>7</i>
						<i>2</i>
						<i>0</i>
						<i>4294967294 27 39 42 2</i>
						<i>0</i>
						<i>2</i>
						<i>0</i>
						<i>4294967293 37 25 3 35</i>
						<i>4294967270 31 23 4 32</i>
						<i>0</i>
						<i>4294967270 30 48 15 6</i>
						<i>4294967294 6 37 42 35</i>
						<i>1</i>
						<i>0</i>
						<i>0</i>
						<i>4294967292 36 40 29 17</i>
						<i>4294967294 56 17 31 13</i>
						<i>4294967271 56 21 46 57</i>
						<i>4294967271 59 60 51 48</i>
						<i>4294967294 48 17 28 55</i>
						<i>2</i>
						<i>4294967271 37 28 30 12</i>
						<i>4294967294 12 47 38 20</i>
						<i>3</i>
						<i>1</i>
						<i>6</i>
						<i>2</i>
						<i>3</i>
						<i>0</i>
						<i>4294967293 15 48 16 46</i>
						<i>1</i>
						<i>2</i>
						<i>2</i>
						<i>4294967270 18 59 12 54</i>
						<i>1</i>
						<i>8</i>
						<i>4294967270 1 49 29 70</i>
						<i>4294967293 49 18 17 33</i>
						<i>0</i>
						<i>0</i>
						<i>4294967295 73 38 43 42</i>
						<i>4294967294 68 55 5 53</i>
						<i>1</i>
						<i>4294967271 5 59 77 64</i>
						<i>4294967270 72 73 85 2</i>
						<i>4294967293 83 81 29 45</i>
						<i>3</i>
						<i>3</i>
						<i>4294967271 66 9 83 38</i>
						<i>4294967270 53 78 5 65</i>
						<i>4294967293 59 42 72 86</i>
						<i>4294967295 88 32 57 44</i>
						<i>4294967271 4 30 88 84</i>
						<i>4294967293 87 18 25 58</i>
						<i>3</i>
						<i>1</i>
						<i>1</i>
					</code>
					<best_genes></best_genes>
					<max_index_best_genes>0</max_index_best_genes>
					<error>1.33333</error>
					<num_incorrectly_classified>1.333333</num_incorrectly_classified>
					<binary_classification_threshold>0</binary_classification_threshold>
					<num_constants>5</num_constants>
					<constants>0.487533 -0.642708 0.453403 0.588234 -0.946404 </constants>
					<num_classes>3</num_classes>
					<class_centers>0 nan 5.21502e-310 </class_centers>
				</program>
			</run>
			<run>
				<running_time>0.280527</running_time>
				<best_training_error>33.3333 27.3333 25.3333 14 14 14 14 14 8 8 8 8 4 4 3.33333 3.33333 3.33333 2.66667 2.66667 2.66667 2.66667 2.66667 2.66667 2.66667 2.66667 2.66667 2.66667 2.66667 2.66667 2.66667 2.66667 2.66667 2.66667 2.66667 2.66667 2.66667 2.66667 2.66667 2.66667 2.66667 2.66667 2.66667 2 2 2 2 2 2 2 2 2 2 2 2 2 1.33333 1.33333 1.33333 1.33333 1.33333 1.33333 1.33333 1.33333 1.33333 1.33333 1.33333 1.33333 1.33333 1.33333 1.33333 1.33333 1.33333 1.33333 1.33333 1.33333 1.33333 1.33333 1.33333 1.33333 1.33333 1.33333 1.33333 1.33333 1.33333 1.33333 1.33333 1.33333 1.33333 1.33333 1.33333 1.33333 1.33333 1.33333 1.33333 1.33333 1.33333 1.33333 1.33333 1.33333 1.33333 </best_training_error>
				<average_training_error>66.7667 56.9933 53.2767 48.1133 42.03 37.0233 34.0933 32.9133 32.3767 31.7067 31.22 30.74 29.6 28.2767 25.49 21.0733 16.4667 12.9533 10.02 7.86333 6.26333 5.90667 5.46667 4.98 4.31 3.44 2.98 2.97333 2.95667 2.93 2.90667 2.88 2.84 2.79333 2.75 2.69333 2.66667 2.66667 2.66667 2.66667 2.66667 2.66667 2.66333 2.66333 2.65667 2.65333 2.65 2.65 2.64333 2.64 2.60667 2.54333 2.44667 2.33 2.32667 2.31667 2.3 2.26667 2.19333 2.06667 1.90333 1.84 1.68667 1.46 1.33333 1.33333 1.33333 1.33333 1.33333 1.33333 1.33333 1.33333 1.33333 1.33333 1.33333 1.33333 1.33333 1.33333 1.33333 1.33333 1.33333 1.33333 1.33333 1.33333 1.33333 1.33333 1.33333 1.33333 1.33333 1.33333 1.33333 1.33333 1.33333 1.33333 1.33333 1.33333 1.33333 1.33333 1.33333 1.33333 </average_training_error>
				<best_validation_error>-1</best_validation_error>
				<test_error>-1</test_error>
				<best_training_num_incorrect>33.333333 27.333333 25.333333 14.000000 14.000000 14.000000 14.000000 14.000000 8.000000 8.000000 8.000000 8.000000 4.000000 4.000000 3.333333 3.333333 3.333333 2.666667 2.666667 2.666667 2.666667 2.666667 2.666667 2.666667 2.666667 2.666667 2.666667 2.666667 2.666667 2.666667 2.666667 2.666667 2.666667 2.666667 2.666667 2.666667 2.666667 2.666667 2.666667 2.666667 2.666667 2.666667 2.000000 2.000000 2.000000 2.000000 2.000000 2.000000 2.000000 2.000000 2.000000 2.000000 2.000000 2.000000 2.000000 1.333333 1.333333 1.333333 1.333333 1.333333 1.333333 1.333333 1.333333 1.333333 1.333333 1.333333 1.333333 1.333333 1.333333 1.333333 1.333333 1.333333 1.333333 1.333333 1.333333 1.333333 1.333333 1.333333 1.333333 1.333333 1.333333 1.333333 1.333333 1.333333 1.333333 1.333333 1.333333 1.333333 1.333333 1.333333 1.333333 1.333333 1.333333 1.333333 1.333333 1.333333 1.333333 1.333333 1.333333 1.333333 </best_training_num_incorrect>
				<average_training_num_incorrect>33.333333 30.333333 29.333333 23.666667 23.666667 19.000000 16.333333 16.333333 13.333333 9.000000 9.000000 9.000000 7.000000 7.000000 5.333333 5.333333 5.333333 3.000000 2.666667 2.666667 2.666667 2.666667 2.666667 2.666667 2.666667 2.666667 2.666667 2.666667 2.666667 2.666667 2.666667 2.666667 2.666667 2.666667 2.666667 2.666667 2.666667 2.666667 2.666667 2.666667 2.666667 2.666667 2.333333 2.333333 2.333333 2.333333 2.333333 2.333333 2.333333 2.333333 2.333333 2.333333 2.000000 2.000000 2.000000 1.666667 1.333333 1.333333 1.333333 1.333333 1.333333 1.333333 1.333333 1.333333 1.333333 1.333333 1.333333 1.333333 1.333333 1.333333 1.333333 1.333333 1.333333 1.333333 1.333333 1.333333 1.333333 1.333333 1.333333 1.333333 1.333333 1.333333 1.333333 1.333333 1.333333 1.333333 1.333333 1.333333 1.333333 1.333333 1.333333 1.333333 1.333333 1.333333 1.333333 1.333333 1.333333 1.333333 1.333333 1.333333 </average_training_num_incorrect>
				<best_validation_num_incorrect>-1</best_validation_num_incorrect>
				<test_num_incorrect>-1</test_num_incorrect>
				<last_generation>99</last_generation>
				<num_generations>100</num_generations>
				<program>
					<code_length>100</code_length>
					<num_variables>4</num_variables>
					<num_outputs>0</num_outputs>
					<code>
						<i>3</i>
						<i>1</i>
						<i>3</i>
						<i>3</i>
						<i>7</i>
						<i>4294967292 1 3 2 2</i>
						<i>6</i>
						<i>4294967270 3 5 3 2</i>
						<i>4294967292 2 3 1 3</i>
						<i>6</i>
						<i>2</i>
						<i>2</i>
						<i>3</i>
						<i>4294967293 11 4 2 2</i>
						<i>0</i>
						<i>2</i>
						<i>4294967270 15 12 0 1</i>
						<i>0</i>
						<i>2</i>
						<i>4294967292 14 4 17 0</i>
						<i>6</i>
						<i>0</i>
						<i>4294967271 2 6 21 3</i>
						<i>4294967295 20 0 21 7</i>
						<i>4294967295 12 21 20 2</i>
						<i>4294967295 12 13 21 17</i>
						<i>4294967294 16 21 3 19</i>
						<i>4294967292 13 21 1 14</i>
						<i>4294967271 4 10 11 10</i>
						<i>2</i>
						<i>2</i>
						<i>6</i>
						<i>3</i>
						<i>8</i>
						<i>4294967293 30 25 17 2</i>
						<i>0</i>
						<i>4294967270 26 25 17 8</i>
						<i>4294967294 10 12 13 7</i>
						<i>4294967295 2 33 31 25</i>
						<i>1</i>
						<i>5</i>
						<i>2</i>
						<i>4294967271 22 35 30 40</i>
						<i>8</i>
						<i>4294967270 15 7 42 24</i>
						<i>3</i>
						<i>4294967293 24 20 27 11</i>
						<i>8</i>
						<i>3</i>
						<i>4294967294 15 36 23 44</i>
						<i>4294967294 37 41 49 39</i>
						<i>3</i>
						<i>4294967295 51 20 38 26</i>
						<i>4294967294 20 27 6 41</i>
						<i>4294967271 4 41 21 22</i>
						<i>4294967293 20 34 18 18</i>
						<i>4294967292 20 29 43 28</i>
						<i>2</i>
						<i>4</i>
						<i>2</i>
						<i>2</i>
						<i>4294967293 44 56 15 47</i>
						<i>2</i>
						<i>4294967293 21 5 32 22</i>
						<i>1</i>
						<i>4294967270 49 33 46 26</i>
						<i>2</i>
						<i>4294967292 63 59 18 31</i>
						<i>3</i>
						<i>4294967295 59 13 25 1</i>
						<i>3</i>
						<i>3</i>
						<i>1</i>
						<i>3</i>
						<i>8</i>
						<i>4294967295 15 53 10 40</i>
						<i>8</i>
						<i>3</i>
						<i>4294967271 77 74 37 7</i>
						<i>5</i>
						<i>1</i>
						<i>2</i>
						<i>0</i>
						<i>4294967271 36 42 47 27</i>
						<i>4294967294 51 14 19 5</i>
						<i>5</i>
						<i>4294967295 36 75 68 27</i>
						<i>4294967295 27 3 66 65</i>
						<i>4294967270 83 62 52 59</i>
						<i>4294967294 5 65 19 75</i>
						<i>4294967294 57 82 53 59</i>
						<i>2</i>
						<i>7</i>
						<i>0</i>
						<i>4294967293 64 16 77 37</i>
						<i>4294967295 57 47 94 57</i>
						<i>2</i>
						<i>3</i>
						<i>4294967295 34 23 10 79</i>
						<i>3</i>
					</code>
					<best_genes></best_genes>
					<max_index_best_genes>0</max_index_best_genes>
					<error>1.33333</error>
					<num_incorrectly_classified>1.333333</num_incorrectly_classified>
					<binary_classification_threshold>0</binary_classification_threshold>
					<num_constants>5</num_constants>
					<constants>-0.575616 0.405872 -0.672131 0.359714 -0.0160943 </constants>
					<num_classes>3</num_classes>
					<class_centers>0 nan 0 </class_centers>
				</program>
			</run>
			<run>
				<running_time>0.286302</running_time>
				<best_training_error>24 20 13.3333 6 6 6 6 6 6 4 3.33333 3.33333 3.33333 3.33333 3.33333 3.33333 3.33333 2.66667 2.66667 2.66667 2.66667 2.66667 2.66667 2.66667 2.66667 2.66667 2.66667 1.33333 1.33333 1.33333 1.33333 1.33333 1.33333 1.33333 1.33333 1.33333 1.33333 1.33333 1.33333 1.33333 1.33333 1.33333 1.33333 1.33333 1.33333 1.33333 1.33333 1.33333 1.33333 1.33333 1.33333 1.33333 1.33333 1.33333 1.33333 1.33333 1.33333 1.33333 1.33333 1.33333 1.33333 1.33333 1.33333 1.33333 1.33333 1.33333 1.33333 1.33333 1.33333 1.33333 1.33333 1.33333 1.33333 1.33333 1.33333 1.33333 1.33333 1.33333 1.33333 1.33333 1.33333 1.33333 1.33333 1.33333 1.33333 1.33333 1.33333 1.33333 1.33333 1.33333 1.33333 1.33333 1.33333 1.33333 1.33333 1.33333 1.33333 1.33333 1.33333 1.33333 </best_training_error>
				<average_training_error>65.5433 56.4367 49.5967 42.2067 36.41 33.59 31.57 30.6633 29.8533 28.8667 27.1233 25.61 22.35 18.88 15.23 12.9967 8.88333 6.07 5.22 4.6 4.01333 3.38667 3.11333 3.01 2.98 2.97667 2.96667 2.94333 2.91 2.88 2.76667 2.59333 2.32667 2.06667 1.98667 1.95333 1.89333 1.81 1.66667 1.40667 1.33333 1.33333 1.33333 1.33333 1.33333 1.33333 1.33333 1.33333 1.33333 1.33333 1.33333 1.33333 1.33333 1.33333 1.33333 1.33333 1.33333 1.33333 1.33333 1.33333 1.33333 1.33333 1.33333 1.33333 1.33333 1.33333 1.33333 1.33333 1.33333 1.33333 1.33333 1.33333 1.33333 1.33333 1.33333 1.33333 1.33333 1.33333 1.33333 1.33333 1.33333 1.33333 1.33333 1.33333 1.33333 1.33333 1.33333 1.33333 1.33333 1.33333 1.33333 1.33333 1.33333 1.33333 1.33333 1.33333 1.33333 1.33333 1.33333 1.33333 </average_training_error>
				<best_validation_error>-1</best_validation_error>
				<test_error>-1</test_error>
				<best_training_num_incorrect>24.000000 20.000000 13.333333 6.000000 6.000000 6.000000 6.000000 6.000000 6.000000 4.000000 3.333333 3.333333 3.333333 3.333333 3.333333 3.333333 3.333333 2.666667 2.666667 2.666667 2.666667 2.666667 2.666667 2.666667 2.666667 2.666667 2.666667 1.333333 1.333333 1.333333 1.333333 1.333333 1.333333 1.333333 1.333333 1.333333 1.333333 1.333333 1.333333 1.333333 1.333333 1.333333 1.333333 1.333333 1.333333 1.333333 1.333333 1.333333 1.333333 1.333333 1.333333 1.333333 1.333333 1.333333 1.333333 1.333333 1.333333 1.333333 1.333333 1.333333 1.333333 1.333333 1.333333 1.333333 1.333333 1.333333 1.333333 1.333333 1.333333 1.333333 1.333333 1.333333 1.333333 1.333333 1.333333 1.333333 1.333333 1.333333 1.333333 1.333333 1.333333 1.333333 1.333333 1.333333 1.333333 1.333333 1.333333 1.333333 1.333333 1.333333 1.333333 1.333333 1.333333 1.333333 1.333333 1.333333 1.333333 1.333333 1.333333 1.333333 </best_training_num_incorrect>
				<average_training_num_incorrect>24.333333 22.000000 18.666667 15.000000 7.666667 7.666667 7.666667 7.666667 7.666667 5.000000 4.666667 4.666667 4.666667 3.333333 3.333333 3.333333 3.333333 3.000000 3.000000 3.000000 2.666667 2.666667 2.666667 2.666667 2.666667 2.666667 2.666667 2.000000 2.000000 2.000000 2.000000 2.000000 1.333333 1.333333 1.333333 1.333333 1.333333 1.333333 1.333333 1.333333 1.333333 1.333333 1.333333 1.333333 1.333333 1.333333 1.333333 1.333333 1.333333 1.333333 1.333333 1.333333 1.333333 1.333333 1.333333 1.333333 1.333333 1.333333 1.333333 1.333333 1.333333 1.333333 1.333333 1.333333 1.333333 1.333333 1.333333 1.333333 1.333333 1.333333 1.333333 1.333333 1.333333 1.333333 1.333333 1.333333 1.333333 1.333333 1.333333 1.333333 1.333333 1.333333 1.333333 1.333333 1.333333 1.333333 1.333333 1.333333 1.333333 1.333333 1.333333 1.333333 1.333333 1.333333 1.333333 1.333333 1.333333 1.333333 1.333333 1.333333 </average_training_num_incorrect>
				<best_validation_num_incorrect>-1</best_validation_num_incorrect>
				<test_num_incorrect>-1</test_num_incorrect>
				<last_generation>99</last_generation>
				<num_generations>100</num_generations>
				<program>
					<code_length>100</code_length>
					<num_variables>4</num_variables>
					<num_outputs>0</num_outputs>
					<code>
						<i>3</i>
						<i>4294967293 0 0 0 0</i>
						<i>3</i>
						<i>1</i>
						<i>4294967293 2 0 2 0</i>
						<i>4294967292 0 3 4 3</i>
						<i>4294967293 5 2 5 2</i>
						<i>4294967293 6 4 1 4</i>
						<i>0</i>
						<i>1</i>
						<i>4294967270 1 3 9 9</i>
						<i>1</i>
						<i>0</i>
						<i>3</i>
						<i>4294967292 1 9 13 1</i>
						<i>4294967294 11 12 7 8</i>
						<i>4294967294 2 0 0 8</i>
						<i>3</i>
						<i>3</i>
						<i>2</i>
						<i>1</i>
						<i>2</i>
						<i>0</i>
						<i>4294967292 4 19 7 13</i>
						<i>4294967292 12 6 11 18</i>
						<i>0</i>
						<i>4294967271 4 17 18 12</i>
						<i>4294967294 21 26 24 14</i>
						<i>1</i>
						<i>4294967293 17 21 26 16</i>
						<i>3</i>
						<i>3</i>
						<i>1</i>
						<i>4294967295 14 18 8 3</i>
						<i>4294967271 4 30 20 19</i>
						<i>4294967270 20 0 30 31</i>
						<i>4294967271 6 22 32 21</i>
						<i>4294967295 21 3 19 12</i>
						<i>5</i>
						<i>4294967292 24 20 7 5</i>
						<i>2</i>
						<i>4</i>
						<i>4294967295 16 25 28 35</i>
						<i>4294967292 34 22 25 12</i>
						<i>3</i>
						<i>4294967295 4 44 9 3</i>
						<i>4294967271 33 39 21 2</i>
						<i>4294967295 46 13 9 1</i>
						<i>4294967292 39 1 34 26</i>
						<i>8</i>
						<i>4294967271 33 28 33 9</i>
						<i>4294967270 21 38 27 26</i>
						<i>4294967293 34 37 44 27</i>
						<i>6</i>
						<i>4294967270 32 0 42 12</i>
						<i>4294967294 50 9 38 10</i>
						<i>4294967292 33 38 7 45</i>
						<i>5</i>
						<i>4294967292 25 43 20 29</i>
						<i>8</i>
						<i>4294967271 20 58 55 0</i>
						<i>4294967270 18 51 33 55</i>
						<i>4294967293 19 27 30 37</i>
						<i>5</i>
						<i>1</i>
						<i>4294967294 53 55 5 52</i>
						<i>2</i>
						<i>1</i>
						<i>4294967293 15 32 24 52</i>
						<i>2</i>
						<i>4294967271 67 8 13 45</i>
						<i>8</i>
						<i>0</i>
						<i>2</i>
						<i>4294967270 33 26 45 67</i>
						<i>2</i>
						<i>4294967271 75 73 21 61</i>
						<i>0</i>
						<i>1</i>
						<i>1</i>
						<i>4294967293 29 50 11 30</i>
						<i>4294967270 54 25 72 49</i>
						<i>1</i>
						<i>4294967292 74 42 79 78</i>
						<i>4294967271 4 81 78 73</i>
						<i>3</i>
						<i>4294967294 18 55 34 11</i>
						<i>8</i>
						<i>1</i>
						<i>4294967270 84 63 33 11</i>
						<i>0</i>
						<i>4294967294 30 85 2 57</i>
						<i>4294967270 0 76 55 23</i>
						<i>4294967270 8 8 22 14</i>
						<i>0</i>
						<i>4294967295 28 27 28 70</i>
						<i>0</i>
						<i>4294967295 66 9 29 76</i>
						<i>4294967292 7 92 55 17</i>
						<i>4294967295 50 66 54 33</i>
					</code>
					<best_genes></best_genes>
					<max_index_best_genes>0</max_index_best_genes>
					<error>1.33333</error>
					<num_incorrectly_classified>1.333333</num_incorrectly_classified>
					<binary_classification_threshold>0</binary_classification_threshold>
					<num_constants>5</num_constants>
					<constants>-0.0293731 -0.094957 0.960529 -0.278007 0.675493 </constants>
					<num_classes>3</num_classes>
					<class_centers>0 nan 0 </class_centers>
				</program>
			</run>
			<run>
				<running_time>0.275602</running_time>
				<best_training_error>27.3333 27.3333 27.3333 22.6667 17.3333 4 4 4 4 4 4 4 4 4 4 4 4 4 4 4 3.33333 3.33333 3.33333 3.33333 3.33333 2.66667 2.66667 2.66667 2.66667 2.66667 2.66667 2.66667 2.66667 2.66667 2.66667 2.66667 2.66667 2.66667 2 2 2 2 2 2 2 2 2 2 2 2 2 2 2 2 2 2 2 2 2 2 1.33333 1.33333 1.33333 1.33333 1.33333 1.33333 1.33333 1.33333 1.33333 1.33333 1.33333 1.33333 1.33333 1.33333 1.33333 1.33333 1.33333 1.33333 1.33333 1.33333 1.33333 1.33333 1.33333 1.33333 1.33333 1.33333 1.33333 1.33333 1.33333 1.33333 1.33333 1.33333 1.33333 1.33333 1.33333 1.33333 1.33333 1.33333 1.33333 1.33333 </best_training_error>
				<average_training_error>64.82 55.5933 49.2667 43.0533 37.3367 34.8167 33.2767 32.5867 32.1133 31.8067 31.5367 31.0567 30.1733 29.1967 27.8467 26.0367 23.27 20.3267 17.8633 16.1033 13.8467 11.43 9.12 7.30667 5.69 4.98 4.72667 4.51333 4.26667 4.06333 3.96 3.75 3.59333 3.45333 3.33667 3.26333 3.21 3.11 2.99667 2.91667 2.81667 2.67667 2.45333 2.32 2.30667 2.29333 2.27 2.23667 2.15667 2.04 2 2 2 2 2 2 2 2 2 2 1.99667 1.98 1.97 1.93667 1.89333 1.79333 1.65333 1.62667 1.55333 1.42333 1.33333 1.33333 1.33333 1.33333 1.33333 1.33333 1.33333 1.33333 1.33333 1.33333 1.33333 1.33333 1.33333 1.33333 1.33333 1.33333 1.33333 1.33333 1.33333 1.33333 1.33333 1.33333 1.33333 1.33333 1.33333 1.33333 1.33333 1.33333 1.33333 1.33333 </average_training_error>
				<best_validation_error>-1</best_validation_error>
				<test_error>-1</test_error>
				<best_training_num_incorrect>27.333333 27.333333 27.333333 22.666667 17.333333 4.000000 4.000000 4.000000 4.000000 4.000000 4.000000 4.000000 4.000000 4.000000 4.000000 4.000000 4.000000 4.000000 4.000000 4.000000 3.333333 3.333333 3.333333 3.333333 3.333333 2.666667 2.666667 2.666667 2.666667 2.666667 2.666667 2.666667 2.666667 2.666667 2.666667 2.666667 2.666667 2.666667 2.000000 2.000000 2.000000 2.000000 2.000000 2.000000 2.000000 2.000000 2.000000 2.000000 2.000000 2.000000 2.000000 2.000000 2.000000 2.000000 2.000000 2.000000 2.000000 2.000000 2.000000 2.000000 1.333333 1.333333 1.333333 1.333333 1.333333 1.333333 1.333333 1.333333 1.333333 1.333333 1.333333 1.333333 1.333333 1.333333 1.333333 1.333333 1.333333 1.333333 1.333333 1.333333 1.333333 1.333333 1.333333 1.333333 1.333333 1.333333 1.333333 1.333333 1.333333 1.333333 1.333333 1.333333 1.333333 1.333333 1.333333 1.333333 1.333333 1.333333 1.333333 1.333333 </best_training_num_incorrect>
				<average_training_num_incorrect>30.333333 30.333333 27.666667 25.000000 22.333333 15.666667 10.666667 10.666667 10.666667 10.666667 10.666667 10.666667 5.333333 5.333333 5.333333 5.333333 4.000000 4.000000 4.000000 4.000000 3.666667 3.666667 3.666667 3.666667 3.666667 3.000000 3.000000 3.000000 3.000000 3.000000 3.000000 3.000000 3.000000 3.000000 3.000000 2.666667 2.666667 2.666667 2.333333 2.333333 2.000000 2.000000 2.000000 2.000000 2.000000 2.000000 2.000000 2.000000 2.000000 2.000000 2.000000 2.000000 2.000000 2.000000 2.000000 2.000000 2.000000 2.000000 2.000000 2.000000 1.666667 1.666667 1.666667 1.333333 1.333333 1.333333 1.333333 1.333333 1.333333 1.333333 1.333333 1.333333 1.333333 1.333333 1.333333 1.333333 1.333333 1.333333 1.333333 1.333333 1.333333 1.333333 1.333333 1.333333 1.333333 1.333333 1.333333 1.333333 1.333333 1.333333 1.333333 1.333333 1.333333 1.333333 1.333333 1.333333 1.333333 1.333333 1.333333 1.333333 </average_training_num_incorrect>
				<best_validation_num_incorrect>-1</best_validation_num_incorrect>
				<test_num_incorrect>-1</test_num_incorrect>
				<last_generation>99</last_generation>
				<num_generations>100</num_generations>
				<program>
					<code_length>100</code_length>
					<num_variables>4</num_variables>
					<num_outputs>0</num_outputs>
					<code>
						<i>0</i>
						<i>4294967295 0 0 0 0</i>
						<i>3</i>
						<i>4294967294 2 2 0 1</i>
						<i>2</i>
						<i>4294967292 1 4 4 3</i>
						<i>4294967294 0 5 2 0</i>
						<i>4294967271 3 4 2 5</i>
						<i>2</i>
						<i>4294967294 2 4 4 2</i>
						<i>3</i>
						<i>3</i>
						<i>4294967293 3 4 8 2</i>
						<i>1</i>
						<i>0</i>
						<i>3</i>
						<i>7</i>
						<i>2</i>
						<i>8</i>
						<i>2</i>
						<i>4294967295 15 18 2 9</i>
						<i>3</i>
						<i>4294967293 4 5 19 16</i>
						<i>1</i>
						<i>3</i>
						<i>4294967293 20 2 11 11</i>
						<i>4</i>
						<i>2</i>
						<i>4294967271 21 16 5 5</i>
						<i>4294967292 19 23 26 22</i>
						<i>0</i>
						<i>2</i>
						<i>4294967270 1 28 29 2</i>
						<i>4294967295 28 14 26 14</i>
						<i>7</i>
						<i>3</i>
						<i>4294967294 17 31 19 34</i>
						<i>4</i>
						<i>0</i>
						<i>4294967270 1 17 37 1</i>
						<i>4294967271 18 37 7 17</i>
						<i>8</i>
						<i>4294967270 0 38 27 40</i>
						<i>4294967271 31 32 4 15</i>
						<i>4294967293 37 31 41 23</i>
						<i>3</i>
						<i>3</i>
						<i>4294967295 24 37 8 41</i>
						<i>4294967270 29 16 42 9</i>
						<i>2</i>
						<i>4294967293 20 19 18 20</i>
						<i>3</i>
						<i>4294967294 17 35 24 17</i>
						<i>4294967294 31 27 19 30</i>
						<i>4294967294 33 40 9 19</i>
						<i>4294967294 10 51 21 47</i>
						<i>4</i>
						<i>1</i>
						<i>4294967294 25 26 11 32</i>
						<i>4294967293 24 51 34 19</i>
						<i>4294967292 48 24 32 29</i>
						<i>4294967294 54 4 46 55</i>
						<i>4294967293 15 47 47 34</i>
						<i>0</i>
						<i>4294967271 33 40 44 9</i>
						<i>4294967270 49 61 11 52</i>
						<i>4294967295 60 17 65 55</i>
						<i>2</i>
						<i>4294967293 50 65 41 33</i>
						<i>8</i>
						<i>7</i>
						<i>3</i>
						<i>3</i>
						<i>8</i>
						<i>2</i>
						<i>3</i>
						<i>4294967295 36 34 66 61</i>
						<i>0</i>
						<i>4294967295 72 48 57 44</i>
						<i>1</i>
						<i>0</i>
						<i>4294967271 26 30 63 74</i>
						<i>4294967293 73 78 44 24</i>
						<i>5</i>
						<i>4294967294 34 38 20 42</i>
						<i>1</i>
						<i>3</i>
						<i>4</i>
						<i>2</i>
						<i>2</i>
						<i>4294967294 76 13 26 66</i>
						<i>2</i>
						<i>2</i>
						<i>4294967270 73 12 89 7</i>
						<i>4294967292 72 89 71 55</i>
						<i>5</i>
						<i>4294967271 67 83 17 10</i>
						<i>0</i>
						<i>6</i>
						<i>2</i>
					</code>
					<best_genes></best_genes>
					<max_index_best_genes>0</max_index_best_genes>
					<error>1.33333</error>
					<num_incorrectly_classified>1.333333</num_incorrectly_classified>
					<binary_classification_threshold>0</binary_classification_threshold>
					<num_constants>5</num_constants>
					<constants>-0.799023 -0.688114 0.918885 0.285408 -0.801549 </constants>
					<num_classes>3</num_classes>
					<class_centers>0 nan 5.21502e-310 </class_centers>
				</program>
			</run>
			<run>
				<running_time>0.269579</running_time>
				<best_training_error>26.6667 11.3333 11.3333 11.3333 11.3333 6 6 6 6 6 3.33333 3.33333 3.33333 3.33333 3.33333 3.33333 3.33333 3.33333 3.33333 2.66667 2.66667 2.66667 2.66667 2.66667 2.66667 2.66667 2.66667 2.66667 2.66667 2.66667 2.66667 2.66667 2.66667 2.66667 2.66667 2 2 2 2 2 2 2 2 2 2 2 2 2 2 2 2 2 2 2 2 2 2 2 2 2 2 2 2 2 2 2 2 2 2 2 2 2 2 2 2 2 2 2 2 2 2 2 2 2 2 2 2 2 2 2 2 2 2 2 2 2 2 2 2 2 </best_training_error>
				<average_training_error>66.8367 57.24 50.9433 43.2733 38.3167 33.6067 31.6033 30.4067 29.6933 28.3367 25.4333 21.5267 18.7167 16.25 14.02 12.2033 11.09 9.90333 8.78667 7.62333 6.58 5.20333 4.26667 3.58 3.2 3.07333 2.98333 2.96333 2.94333 2.89 2.83 2.77 2.66667 2.66667 2.66667 2.66 2.64333 2.59667 2.48667 2.33667 2.32 2.29667 2.24333 2.12667 2 2 2 2 2 2 2 2 2 2 2 2 2 2 2 2 2 2 2 2 2 2 2 2 2 2 2 2 2 2 2 2 2 2 2 2 2 2 2 2 2 2 2 2 2 2 2 2 2 2 2 2 2 2 2 2 </average_training_error>
				<best_validation_error>-1</best_validation_error>
				<test_error>-1</test_error>
				<best_training_num_incorrect>26.666667 11.333333 11.333333 11.333333 11.333333 6.000000 6.000000 6.000000 6.000000 6.000000 3.333333 3.333333 3.333333 3.333333 3.333333 3.333333 3.333333 3.333333 3.333333 2.666667 2.666667 2.666667 2.666667 2.666667 2.666667 2.666667 2.666667 2.666667 2.666667 2.666667 2.666667 2.666667 2.666667 2.666667 2.666667 2.000000 2.000000 2.000000 2.000000 2.000000 2.000000 2.000000 2.000000 2.000000 2.000000 2.000000 2.000000 2.000000 2.000000 2.000000 2.000000 2.000000 2.000000 2.000000 2.000000 2.000000 2.000000 2.000000 2.000000 2.000000 2.000000 2.000000 2.000000 2.000000 2.000000 2.000000 2.000000 2.000000 2.000000 2.000000 2.000000 2.000000 2.000000 2.000000 2.000000 2.000000 2.000000 2.000000 2.000000 2.000000 2.000000 2.000000 2.000000 2.000000 2.000000 2.000000 2.000000 2.000000 2.000000 2.000000 2.000000 2.000000 2.000000 2.000000 2.000000 2.000000 2.000000 2.000000 2.000000 2.000000 </best_training_num_incorrect>
				<average_training_num_incorrect>30.000000 19.000000 12.333333 12.333333 12.333333 6.333333 6.333333 6.333333 6.333333 6.333333 3.333333 3.333333 3.333333 3.333333 3.333333 3.333333 3.333333 3.333333 3.333333 3.000000 3.000000 3.000000 3.000000 2.666667 2.666667 2.666667 2.666667 2.666667 2.666667 2.666667 2.666667 2.666667 2.666667 2.666667 2.666667 2.333333 2.333333 2.000000 2.000000 2.000000 2.000000 2.000000 2.000000 2.000000 2.000000 2.000000 2.000000 2.000000 2.000000 2.000000 2.000000 2.000000 2.000000 2.000000 2.000000 2.000000 2.000000 2.000000 2.000000 2.000000 2.000000 2.000000 2.000000 2.000000 2.000000 2.000000 2.000000 2.000000 2.000000 2.000000 2.000000 2.000000 2.000000 2.000000 2.000000 2.000000 2.000000 2.000000 2.000000 2.000000 2.000000 2.000000 2.000000 2.000000 2.000000 2.000000 2.000000 2.000000 2.000000 2.000000 2.000000 2.000000 2.000000 2.000000 2.000000 2.000000 2.000000 2.000000 2.000000 2.000000 </average_training_num_incorrect>
				<best_validation_num_incorrect>-1</best_validation_num_incorrect>
				<test_num_incorrect>-1</test_num_incorrect>
				<last_generation>99</last_generation>
				<num_generations>100</num_generations>
				<program>
					<code_length>100</code_length>
					<num_variables>4</num_variables>
					<num_outputs>0</num_outputs>
					<code>
						<i>1</i>
						<i>4294967292 0 0 0 0</i>
						<i>4294967271 1 1 1 0</i>
						<i>4294967295 2 2 0 2</i>
						<i>8</i>
						<i>1</i>
						<i>1</i>
						<i>0</i>
						<i>4294967294 5 1 2 3</i>
						<i>4294967293 2 4 0 2</i>
						<i>4294967270 2 0 0 4</i>
						<i>3</i>
						<i>2</i>
						<i>4294967292 10 0 10 2</i>
						<i>7</i>
						<i>2</i>
						<i>2</i>
						<i>7</i>
						<i>4294967295 13 3 8 12</i>
						<i>2</i>
						<i>6</i>
						<i>4294967271 13 19 5 13</i>
						<i>4294967292 7 20 7 4</i>
						<i>0</i>
						<i>3</i>
						<i>3</i>
						<i>1</i>
						<i>3</i>
						<i>2</i>
						<i>0</i>
						<i>1</i>
						<i>0</i>
						<i>1</i>
						<i>5</i>
						<i>0</i>
						<i>1</i>
						<i>2</i>
						<i>2</i>
						<i>4294967271 0 30 17 26</i>
						<i>0</i>
						<i>4294967271 32 1 3 35</i>
						<i>0</i>
						<i>3</i>
						<i>3</i>
						<i>4294967293 5 25 14 40</i>
						<i>6</i>
						<i>5</i>
						<i>3</i>
						<i>3</i>
						<i>4294967295 48 48 39 40</i>
						<i>4294967270 25 31 9 10</i>
						<i>4294967292 41 11 6 35</i>
						<i>4294967271 8 23 11 17</i>
						<i>5</i>
						<i>4294967271 4 37 18 21</i>
						<i>1</i>
						<i>0</i>
						<i>6</i>
						<i>2</i>
						<i>4294967292 44 45 54 10</i>
						<i>6</i>
						<i>4294967270 21 4 48 47</i>
						<i>0</i>
						<i>4294967295 16 47 21 26</i>
						<i>2</i>
						<i>1</i>
						<i>4294967271 34 25 32 63</i>
						<i>0</i>
						<i>0</i>
						<i>4294967270 52 7 35 29</i>
						<i>2</i>
						<i>4294967295 17 67 46 13</i>
						<i>4294967293 3 24 2 47</i>
						<i>8</i>
						<i>1</i>
						<i>4294967292 14 62 31 10</i>
						<i>4294967294 40 13 58 57</i>
						<i>1</i>
						<i>4294967293 36 14 42 45</i>
						<i>4294967270 4 74 39 67</i>
						<i>3</i>
						<i>1</i>
						<i>4294967294 43 78 26 13</i>
						<i>3</i>
						<i>4294967295 12 80 29 6</i>
						<i>0</i>
						<i>3</i>
						<i>6</i>
						<i>1</i>
						<i>0</i>
						<i>0</i>
						<i>3</i>
						<i>4294967293 47 54 31 32</i>
						<i>7</i>
						<i>2</i>
						<i>1</i>
						<i>0</i>
						<i>4294967295 8 90 54 31</i>
						<i>3</i>
						<i>4294967294 36 29 31 14</i>
					</code>
					<best_genes></best_genes>
					<max_index_best_genes>0</max_index_best_genes>
					<error>2</error>
					<num_incorrectly_classified>2.000000</num_incorrectly_classified>
					<binary_classification_threshold>0</binary_classification_threshold>
					<num_constants>5</num_constants>
					<constants>0.72707 -0.602873 -0.911838 -0.914895 -0.19954 </constants>
					<num_classes>3</num_classes>
					<class_centers>0 nan 0 </class_centers>
				</program>
			</run>
			<run>
				<running_time>0.286791</running_time>
				<best_training_error>20.6667 18 13.3333 13.3333 13.3333 13.3333 12.6667 12.6667 12 12 11.3333 11.3333 11.3333 6 6 4 4 4 4 4 3.33333 3.33333 3.33333 3.33333 3.33333 2.66667 2.66667 2.66667 2.66667 2 2 2 2 2 2 1.33333 1.33333 1.33333 1.33333 1.33333 1.33333 1.33333 1.33333 1.33333 0.666667 0.666667 0.666667 0.666667 0.666667 0.666667 0.666667 0.666667 0.666667 0.666667 0.666667 0.666667 0.666667 0.666667 0.666667 0.666667 0.666667 0.666667 0.666667 0.666667 0.666667 0.666667 0.666667 0.666667 0.666667 0.666667 0.666667 0.666667 0.666667 0.666667 0.666667 0.666667 0.666667 0.666667 0.666667 0.666667 0.666667 0.666667 0.666667 0.666667 0.666667 0.666667 0.666667 0.666667 0.666667 0.666667 0.666667 0.666667 0.666667 0.666667 0.666667 0.666667 0.666667 0.666667 0.666667 0.666667 </best_training_error>
				<average_training_error>66.2633 58.1633 50.7767 42.5333 37.2467 33.8333 32.3833 31.62 30.8833 30.0133 29.0833 27.42 25.71 22.2567 19.6933 15.87 14.2133 12.9267 11.7933 10.53 9.9 9.15 8.33 7.34667 6.26 5.21333 4.75333 4.27333 3.58667 3.39 3.17 2.96667 2.90667 2.80333 2.67 2.59333 2.56333 2.55 2.47667 2.34667 2.19 2.00667 1.86 1.71667 1.47667 1.31 1.26333 1.2 1.09667 0.903333 0.81 0.69 0.666667 0.666667 0.666667 0.666667 0.666667 0.666667 0.666667 0.666667 0.666667 0.666667 0.666667 0.666667 0.666667 0.666667 0.666667 0.666667 0.666667 0.666667 0.666667 0.666667 0.666667 0.666667 0.666667 0.666667 0.666667 0.666667 0.666667 0.666667 0.666667 0.666667 0.666667 0.666667 0.666667 0.666667 0.666667 0.666667 0.666667 0.666667 0.666667 0.666667 0.666667 0.666667 0.666667 0.666667 0.666667 0.666667 0.666667 0.666667 </average_training_error>
				<best_validation_error>-1</best_validation_error>
				<test_error>-1</test_error>
				<best_training_num_incorrect>20.666667 18.000000 13.333333 13.333333 13.333333 13.333333 12.666667 12.666667 12.000000 12.000000 11.333333 11.333333 11.333333 6.000000 6.000000 4.000000 4.000000 4.000000 4.000000 4.000000 3.333333 3.333333 3.333333 3.333333 3.333333 2.666667 2.666667 2.666667 2.666667 2.000000 2.000000 2.000000 2.000000 2.000000 2.000000 1.333333 1.333333 1.333333 1.333333 1.333333 1.333333 1.333333 1.333333 1.333333 0.666667 0.666667 0.666667 0.666667 0.666667 0.666667 0.666667 0.666667 0.666667 0.666667 0.666667 0.666667 0.666667 0.666667 0.666667 0.666667 0.666667 0.666667 0.666667 0.666667 0.666667 0.666667 0.666667 0.666667 0.666667 0.666667 0.666667 0.666667 0.666667 0.666667 0.666667 0.666667 0.666667 0.666667 0.666667 0.666667 0.666667 0.666667 0.666667 0.666667 0.666667 0.666667 0.666667 0.666667 0.666667 0.666667 0.666667 0.666667 0.666667 0.666667 0.666667 0.666667 0.666667 0.666667 0.666667 0.666667 </best_training_num_incorrect>
				<average_training_num_incorrect>25.666667 24.333333 15.666667 15.666667 15.666667 15.666667 13.000000 13.000000 12.333333 12.333333 11.666667 11.666667 11.666667 8.666667 8.333333 7.333333 7.333333 7.333333 7.000000 5.333333 4.666667 4.666667 4.666667 4.666667 3.666667 3.000000 3.000000 3.000000 3.000000 2.333333 2.000000 2.000000 2.000000 2.000000 2.000000 1.666667 1.666667 1.666667 1.666667 1.333333 1.333333 1.333333 1.333333 1.333333 0.666667 0.666667 0.666667 0.666667 0.666667 0.666667 0.666667 0.666667 0.666667 0.666667 0.666667 0.666667 0.666667 0.666667 0.666667 0.666667 0.666667 0.666667 0.666667 0.666667 0.666667 0.666667 0.666667 0.666667 0.666667 0.666667 0.666667 0.666667 0.666667 0.666667 0.666667 0.666667 0.666667 0.666667 0.666667 0.666667 0.666667 0.666667 0.666667 0.666667 0.666667 0.666667 0.666667 0.666667 0.666667 0.666667 0.666667 0.666667 0.666667 0.666667 0.666667 0.666667 0.666667 0.666667 0.666667 0.666667 </average_training_num_incorrect>
				<best_validation_num_incorrect>-1</best_validation_num_incorrect>
				<test_num_incorrect>-1</test_num_incorrect>
				<last_generation>99</last_generation>
				<num_generations>100</num_generations>
				<program>
					<code_length>100</code_length>
					<num_variables>4</num_variables>
					<num_outputs>0</num_outputs>
					<code>
						<i>1</i>
						<i>4294967293 0 0 0 0</i>
						<i>1</i>
						<i>1</i>
						<i>1</i>
						<i>4294967270 0 0 4 0</i>
						<i>4294967271 4 1 2 2</i>
						<i>4294967292 5 4 2 6</i>
						<i>4294967270 5 2 5 4</i>
						<i>0</i>
						<i>2</i>
						<i>2</i>
						<i>4294967292 6 7 9 8</i>
						<i>2</i>
						<i>4294967270 12 2 0 10</i>
						<i>0</i>
						<i>4294967270 13 4 1 8</i>
						<i>4294967270 16 16 15 3</i>
						<i>4294967271 17 2 7 0</i>
						<i>3</i>
						<i>4294967295 8 4 5 19</i>
						<i>4294967270 11 1 1 1</i>
						<i>2</i>
						<i>4294967294 15 7 1 19</i>
						<i>4294967271 17 1 16 21</i>
						<i>3</i>
						<i>5</i>
						<i>3</i>
						<i>4</i>
						<i>7</i>
						<i>7</i>
						<i>4294967295 9 1 15 0</i>
						<i>0</i>
						<i>5</i>
						<i>4</i>
						<i>4294967270 17 32 20 3</i>
						<i>3</i>
						<i>4294967292 30 31 0 18</i>
						<i>4294967271 29 15 9 15</i>
						<i>8</i>
						<i>1</i>
						<i>4294967271 18 6 22 8</i>
						<i>5</i>
						<i>4294967293 18 33 27 1</i>
						<i>4294967292 39 6 18 25</i>
						<i>4294967294 7 1 38 28</i>
						<i>4294967293 1 29 23 18</i>
						<i>4294967295 44 38 23 3</i>
						<i>4294967294 24 46 23 0</i>
						<i>3</i>
						<i>4</i>
						<i>3</i>
						<i>2</i>
						<i>4294967294 6 12 44 9</i>
						<i>3</i>
						<i>3</i>
						<i>0</i>
						<i>0</i>
						<i>4294967293 54 22 46 18</i>
						<i>0</i>
						<i>4294967295 36 38 35 59</i>
						<i>4294967295 47 39 27 33</i>
						<i>4294967293 58 51 15 53</i>
						<i>4294967292 49 2 52 60</i>
						<i>1</i>
						<i>4294967295 21 10 0 48</i>
						<i>4294967270 44 24 42 3</i>
						<i>1</i>
						<i>4294967293 6 49 54 33</i>
						<i>4294967271 10 9 12 26</i>
						<i>0</i>
						<i>3</i>
						<i>8</i>
						<i>0</i>
						<i>4294967293 64 13 39 33</i>
						<i>4294967294 53 9 41 3</i>
						<i>3</i>
						<i>4294967270 31 21 47 75</i>
						<i>3</i>
						<i>4294967270 17 28 21 75</i>
						<i>2</i>
						<i>4294967292 60 36 3 16</i>
						<i>4294967292 70 41 25 22</i>
						<i>0</i>
						<i>4294967294 33 16 47 70</i>
						<i>4294967292 34 27 27 17</i>
						<i>3</i>
						<i>4294967270 83 43 34 55</i>
						<i>6</i>
						<i>4</i>
						<i>4294967293 42 56 8 12</i>
						<i>4294967295 6 0 75 15</i>
						<i>6</i>
						<i>4294967270 84 43 45 76</i>
						<i>0</i>
						<i>4294967271 25 94 21 87</i>
						<i>4294967294 55 74 83 26</i>
						<i>4294967295 43 47 71 24</i>
						<i>4294967292 3 77 28 47</i>
						<i>2</i>
					</code>
					<best_genes></best_genes>
					<max_index_best_genes>0</max_index_best_genes>
					<error>0.666667</error>
					<num_incorrectly_classified>0.666667</num_incorrectly_classified>
					<binary_classification_threshold>0</binary_classification_threshold>
					<num_constants>5</num_constants>
					<constants>-0.189979 0.3278 0.474232 -0.642213 -0.942976 </constants>
					<num_classes>3</num_classes>
					<class_centers>0 2.34681e-321 1.061e-314 </class_centers>
				</program>
			</run>
			<run>
				<running_time>0.275216</running_time>
				<best_training_error>28.6667 6.66667 6.66667 6.66667 6.66667 6.66667 6.66667 6.66667 6.66667 4.66667 3.33333 3.33333 3.33333 3.33333 3.33333 3.33333 3.33333 3.33333 3.33333 3.33333 3.33333 2.66667 2.66667 2.66667 2.66667 2.66667 2.66667 2.66667 2.66667 2.66667 2.66667 2.66667 2.66667 2.66667 2.66667 2.66667 2.66667 2.66667 2 2 2 2 2 2 2 2 2 2 2 2 2 2 2 2 2 2 2 2 2 2 2 2 2 2 2 2 2 2 2 2 2 2 2 2 2 2 2 2 2 2 2 2 2 2 2 2 2 2 2 2 2 2 2 2 2 2 2 2 2 2 </best_training_error>
				<average_training_error>66.71 57.1033 51.0767 46.2467 39.7933 35.21 32.9067 31.59 30.27 28.5867 26.6733 23.6567 18.0033 13.7167 11.5767 9.07333 7.72667 7.09 6.25 5.67 5.02333 4.12667 3.53 3.33667 3.3 3.27 3.22 3.14667 3.01667 2.92333 2.86667 2.75 2.66667 2.66667 2.66667 2.66667 2.66667 2.66667 2.66333 2.66333 2.66 2.65667 2.65 2.62667 2.61 2.56333 2.47333 2.30333 2.11333 2 2 2 2 2 2 2 2 2 2 2 2 2 2 2 2 2 2 2 2 2 2 2 2 2 2 2 2 2 2 2 2 2 2 2 2 2 2 2 2 2 2 2 2 2 2 2 2 2 2 2 </average_training_error>
				<best_validation_error>-1</best_validation_error>
				<test_error>-1</test_error>
				<best_training_num_incorrect>28.666667 6.666667 6.666667 6.666667 6.666667 6.666667 6.666667 6.666667 6.666667 4.666667 3.333333 3.333333 3.333333 3.333333 3.333333 3.333333 3.333333 3.333333 3.333333 3.333333 3.333333 2.666667 2.666667 2.666667 2.666667 2.666667 2.666667 2.666667 2.666667 2.666667 2.666667 2.666667 2.666667 2.666667 2.666667 2.666667 2.666667 2.666667 2.000000 2.000000 2.000000 2.000000 2.000000 2.000000 2.000000 2.000000 2.000000 2.000000 2.000000 2.000000 2.000000 2.000000 2.000000 2.000000 2.000000 2.000000 2.000000 2.000000 2.000000 2.000000 2.000000 2.000000 2.000000 2.000000 2.000000 2.000000 2.000000 2.000000 2.000000 2.000000 2.000000 2.000000 2.000000 2.000000 2.000000 2.000000 2.000000 2.000000 2.000000 2.000000 2.000000 2.000000 2.000000 2.000000 2.000000 2.000000 2.000000 2.000000 2.000000 2.000000 2.000000 2.000000 2.000000 2.000000 2.000000 2.000000 2.000000 2.000000 2.000000 2.000000 </best_training_num_incorrect>
				<average_training_num_incorrect>31.000000 16.000000 12.333333 12.333333 12.333333 9.333333 9.333333 8.666667 8.666667 5.666667 3.666667 3.666667 3.666667 3.666667 3.333333 3.333333 3.333333 3.333333 3.333333 3.333333 3.333333 3.000000 3.000000 3.000000 2.666667 2.666667 2.666667 2.666667 2.666667 2.666667 2.666667 2.666667 2.666667 2.666667 2.666667 2.666667 2.666667 2.666667 2.333333 2.333333 2.333333 2.000000 2.000000 2.000000 2.000000 2.000000 2.000000 2.000000 2.000000 2.000000 2.000000 2.000000 2.000000 2.000000 2.000000 2.000000 2.000000 2.000000 2.000000 2.000000 2.000000 2.000000 2.000000 2.000000 2.000000 2.000000 2.000000 2.000000 2.000000 2.000000 2.000000 2.000000 2.000000 2.000000 2.000000 2.000000 2.000000 2.000000 2.000000 2.000000 2.000000 2.000000 2.000000 2.000000 2.000000 2.000000 2.000000 2.000000 2.000000 2.000000 2.000000 2.000000 2.000000 2.000000 2.000000 2.000000 2.000000 2.000000 2.000000 2.000000 </average_training_num_incorrect>
				<best_validation_num_incorrect>-1</best_validation_num_incorrect>
				<test_num_incorrect>-1</test_num_incorrect>
				<last_generation>99</last_generation>
				<num_generations>100</num_generations>
				<program>
					<code_length>100</code_length>
					<num_variables>4</num_variables>
					<num_outputs>0</num_outputs>
					<code>
						<i>2</i>
						<i>2</i>
						<i>4294967293 1 0 1 1</i>
						<i>3</i>
						<i>4294967293 0 3 3 0</i>
						<i>4294967271 3 0 2 0</i>
						<i>4</i>
						<i>5</i>
						<i>3</i>
						<i>6</i>
						<i>4294967294 4 1 6 8</i>
						<i>4294967293 3 2 6 2</i>
						<i>3</i>
						<i>4294967294 10 9 0 5</i>
						<i>1</i>
						<i>4294967295 1 10 1 9</i>
						<i>4294967294 12 5 1 6</i>
						<i>2</i>
						<i>0</i>
						<i>4294967271 14 4 10 2</i>
						<i>2</i>
						<i>4294967295 14 9 2 13</i>
						<i>2</i>
						<i>4294967271 20 1 9 9</i>
						<i>1</i>
						<i>4294967293 6 7 21 5</i>
						<i>4294967295 10 24 21 3</i>
						<i>1</i>
						<i>2</i>
						<i>2</i>
						<i>1</i>
						<i>6</i>
						<i>5</i>
						<i>1</i>
						<i>4294967293 32 7 18 4</i>
						<i>3</i>
						<i>4294967271 35 20 20 32</i>
						<i>5</i>
						<i>6</i>
						<i>4294967294 10 32 25 17</i>
						<i>0</i>
						<i>1</i>
						<i>1</i>
						<i>0</i>
						<i>3</i>
						<i>4294967295 34 7 4 22</i>
						<i>4294967271 11 7 36 27</i>
						<i>2</i>
						<i>2</i>
						<i>3</i>
						<i>4294967293 48 47 21 4</i>
						<i>1</i>
						<i>3</i>
						<i>1</i>
						<i>4</i>
						<i>4294967295 2 42 44 39</i>
						<i>0</i>
						<i>4294967271 27 30 37 7</i>
						<i>2</i>
						<i>4294967270 11 26 57 49</i>
						<i>4294967295 2 34 0 48</i>
						<i>0</i>
						<i>0</i>
						<i>4294967294 42 33 62 45</i>
						<i>4294967295 56 60 53 45</i>
						<i>2</i>
						<i>1</i>
						<i>4294967295 26 64 17 26</i>
						<i>4294967271 21 4 34 23</i>
						<i>4294967294 59 19 1 33</i>
						<i>4294967295 62 20 16 55</i>
						<i>4</i>
						<i>4294967270 54 47 26 22</i>
						<i>4294967271 9 55 32 47</i>
						<i>3</i>
						<i>4294967271 11 62 11 32</i>
						<i>4294967270 66 51 29 37</i>
						<i>4294967270 10 26 20 58</i>
						<i>2</i>
						<i>0</i>
						<i>8</i>
						<i>4294967292 17 36 41 12</i>
						<i>3</i>
						<i>7</i>
						<i>2</i>
						<i>3</i>
						<i>2</i>
						<i>4294967271 17 53 77 13</i>
						<i>4294967295 9 32 65 49</i>
						<i>0</i>
						<i>4294967292 43 81 82 76</i>
						<i>3</i>
						<i>4294967295 20 59 63 80</i>
						<i>4294967292 89 54 71 87</i>
						<i>4294967294 50 60 13 89</i>
						<i>4294967294 81 24 7 55</i>
						<i>3</i>
						<i>1</i>
						<i>7</i>
						<i>0</i>
					</code>
					<best_genes></best_genes>
					<max_index_best_genes>0</max_index_best_genes>
					<error>2</error>
					<num_incorrectly_classified>2.000000</num_incorrectly_classified>
					<binary_classification_threshold>0</binary_classification_threshold>
					<num_constants>5</num_constants>
					<constants>0.334803 -0.967031 -0.874026 -0.00324692 0.00533232 </constants>
					<num_classes>3</num_classes>
					<class_centers>0 nan 0 </class_centers>
				</program>
			</run>
			<run>
				<running_time>0.284775</running_time>
				<best_training_error>12.6667 12.6667 12.6667 12.6667 12.6667 12.6667 4 4 4 4 4 4 2.66667 2.66667 2.66667 2.66667 2.66667 2.66667 2.66667 2.66667 2.66667 2.66667 2.66667 2.66667 1.33333 1.33333 1.33333 1.33333 1.33333 1.33333 1.33333 1.33333 1.33333 1.33333 1.33333 1.33333 1.33333 1.33333 1.33333 1.33333 1.33333 1.33333 1.33333 1.33333 1.33333 1.33333 1.33333 1.33333 1.33333 1.33333 1.33333 1.33333 1.33333 1.33333 1.33333 1.33333 1.33333 1.33333 1.33333 1.33333 1.33333 1.33333 1.33333 1.33333 1.33333 1.33333 1.33333 1.33333 1.33333 1.33333 1.33333 1.33333 1.33333 1.33333 1.33333 1.33333 1.33333 1.33333 1.33333 1.33333 1.33333 1.33333 1.33333 1.33333 1.33333 1.33333 1.33333 1.33333 1.33333 1.33333 1.33333 1.33333 1.33333 1.33333 1.33333 1.33333 1.33333 1.33333 1.33333 1.33333 </best_training_error>
				<average_training_error>66.3067 57.8367 51.86 44.4533 38.6667 35.3333 32.9667 31.69 31.0233 30.6267 29.9733 28.98 27.5433 25.6367 23.6133 21.1467 17.39 15.6833 13.2167 10.8633 9.54667 8.48667 7.53333 6.7 6.01 5.46333 5.07 4.42333 3.90333 3.34333 3 2.82333 2.58333 2.43 2.24333 2.01 1.65333 1.59 1.55333 1.48333 1.35333 1.33333 1.33333 1.33333 1.33333 1.33333 1.33333 1.33333 1.33333 1.33333 1.33333 1.33333 1.33333 1.33333 1.33333 1.33333 1.33333 1.33333 1.33333 1.33333 1.33333 1.33333 1.33333 1.33333 1.33333 1.33333 1.33333 1.33333 1.33333 1.33333 1.33333 1.33333 1.33333 1.33333 1.33333 1.33333 1.33333 1.33333 1.33333 1.33333 1.33333 1.33333 1.33333 1.33333 1.33333 1.33333 1.33333 1.33333 1.33333 1.33333 1.33333 1.33333 1.33333 1.33333 1.33333 1.33333 1.33333 1.33333 1.33333 1.33333 </average_training_error>
				<best_validation_error>-1</best_validation_error>
				<test_error>-1</test_error>
				<best_training_num_incorrect>12.666667 12.666667 12.666667 12.666667 12.666667 12.666667 4.000000 4.000000 4.000000 4.000000 4.000000 4.000000 2.666667 2.666667 2.666667 2.666667 2.666667 2.666667 2.666667 2.666667 2.666667 2.666667 2.666667 2.666667 1.333333 1.333333 1.333333 1.333333 1.333333 1.333333 1.333333 1.333333 1.333333 1.333333 1.333333 1.333333 1.333333 1.333333 1.333333 1.333333 1.333333 1.333333 1.333333 1.333333 1.333333 1.333333 1.333333 1.333333 1.333333 1.333333 1.333333 1.333333 1.333333 1.333333 1.333333 1.333333 1.333333 1.333333 1.333333 1.333333 1.333333 1.333333 1.333333 1.333333 1.333333 1.333333 1.333333 1.333333 1.333333 1.333333 1.333333 1.333333 1.333333 1.333333 1.333333 1.333333 1.333333 1.333333 1.333333 1.333333 1.333333 1.333333 1.333333 1.333333 1.333333 1.333333 1.333333 1.333333 1.333333 1.333333 1.333333 1.333333 1.333333 1.333333 1.333333 1.333333 1.333333 1.333333 1.333333 1.333333 </best_training_num_incorrect>
				<average_training_num_incorrect>16.000000 16.000000 16.000000 16.000000 16.000000 16.000000 11.666667 11.666667 11.666667 11.666667 8.333333 8.333333 7.666667 3.333333 3.333333 3.333333 3.333333 3.333333 3.333333 3.333333 3.000000 3.000000 2.666667 2.666667 2.000000 2.000000 2.000000 1.333333 1.333333 1.333333 1.333333 1.333333 1.333333 1.333333 1.333333 1.333333 1.333333 1.333333 1.333333 1.333333 1.333333 1.333333 1.333333 1.333333 1.333333 1.333333 1.333333 1.333333 1.333333 1.333333 1.333333 1.333333 1.333333 1.333333 1.333333 1.333333 1.333333 1.333333 1.333333 1.333333 1.333333 1.333333 1.333333 1.333333 1.333333 1.333333 1.333333 1.333333 1.333333 1.333333 1.333333 1.333333 1.333333 1.333333 1.333333 1.333333 1.333333 1.333333 1.333333 1.333333 1.333333 1.333333 1.333333 1.333333 1.333333 1.333333 1.333333 1.333333 1.333333 1.333333 1.333333 1.333333 1.333333 1.333333 1.333333 1.333333 1.333333 1.333333 1.333333 1.333333 </average_training_num_incorrect>
				<best_validation_num_incorrect>-1</best_validation_num_incorrect>
				<test_num_incorrect>-1</test_num_incorrect>
				<last_generation>99</last_generation>
				<num_generations>100</num_generations>
				<program>
					<code_length>100</code_length>
					<num_variables>4</num_variables>
					<num_outputs>0</num_outputs>
					<code>
						<i>3</i>
						<i>4294967271 0 0 0 0</i>
						<i>4294967270 0 1 0 0</i>
						<i>0</i>
						<i>4294967293 2 0 3 2</i>
						<i>4294967294 4 3 3 1</i>
						<i>4294967271 0 5 5 1</i>
						<i>4294967292 0 0 5 1</i>
						<i>3</i>
						<i>2</i>
						<i>2</i>
						<i>1</i>
						<i>1</i>
						<i>2</i>
						<i>3</i>
						<i>4294967295 10 10 8 11</i>
						<i>0</i>
						<i>4294967294 7 5 3 4</i>
						<i>0</i>
						<i>0</i>
						<i>3</i>
						<i>4294967292 6 2 9 4</i>
						<i>0</i>
						<i>4294967295 18 8 9 10</i>
						<i>2</i>
						<i>4294967271 7 1 4 17</i>
						<i>0</i>
						<i>2</i>
						<i>2</i>
						<i>2</i>
						<i>4294967271 29 14 11 7</i>
						<i>4294967293 9 6 6 2</i>
						<i>3</i>
						<i>4294967270 4 30 14 16</i>
						<i>4294967295 28 15 24 12</i>
						<i>4294967293 24 13 16 31</i>
						<i>4294967295 19 11 15 26</i>
						<i>4294967271 27 12 4 17</i>
						<i>0</i>
						<i>0</i>
						<i>4</i>
						<i>4</i>
						<i>4294967292 15 4 2 8</i>
						<i>4294967294 27 5 31 3</i>
						<i>0</i>
						<i>3</i>
						<i>7</i>
						<i>4294967294 16 22 31 6</i>
						<i>4294967294 6 46 38 6</i>
						<i>1</i>
						<i>4294967293 19 33 27 42</i>
						<i>0</i>
						<i>4294967294 23 45 14 42</i>
						<i>3</i>
						<i>4294967293 24 20 38 6</i>
						<i>1</i>
						<i>4294967295 48 34 32 49</i>
						<i>4294967292 26 20 32 20</i>
						<i>4294967294 21 48 55 22</i>
						<i>4294967294 56 1 47 42</i>
						<i>4294967270 36 38 0 27</i>
						<i>4</i>
						<i>2</i>
						<i>4294967271 45 28 5 44</i>
						<i>4294967295 55 34 41 28</i>
						<i>2</i>
						<i>7</i>
						<i>4294967270 8 44 7 26</i>
						<i>0</i>
						<i>4294967271 1 19 29 57</i>
						<i>3</i>
						<i>4294967293 26 0 54 9</i>
						<i>2</i>
						<i>4294967294 31 6 16 3</i>
						<i>3</i>
						<i>4294967271 43 29 20 51</i>
						<i>4294967294 25 16 6 37</i>
						<i>4294967295 45 54 73 18</i>
						<i>4294967271 24 65 1 73</i>
						<i>0</i>
						<i>2</i>
						<i>4294967292 66 2 17 23</i>
						<i>4294967295 64 54 65 32</i>
						<i>1</i>
						<i>1</i>
						<i>4294967293 49 5 58 78</i>
						<i>2</i>
						<i>1</i>
						<i>4294967270 5 7 78 72</i>
						<i>0</i>
						<i>4294967292 68 31 70 54</i>
						<i>3</i>
						<i>4294967294 40 42 37 64</i>
						<i>4294967293 47 58 45 57</i>
						<i>4294967295 47 38 29 34</i>
						<i>3</i>
						<i>4294967271 44 91 40 48</i>
						<i>1</i>
						<i>1</i>
						<i>4294967293 49 57 42 31</i>
					</code>
					<best_genes></best_genes>
					<max_index_best_genes>0</max_index_best_genes>
					<error>1.33333</error>
					<num_incorrectly_classified>1.333333</num_incorrectly_classified>
					<binary_classification_threshold>0</binary_classification_threshold>
					<num_constants>5</num_constants>
					<constants>0.534061 -0.612999 0.5581 -0.275702 -0.311498 </constants>
					<num_classes>3</num_classes>
					<class_centers>0 2.34681e-321 1.061e-314 </class_centers>
				</program>
			</run>
			<run>
				<running_time>0.287894</running_time>
				<best_training_error>21.3333 14.6667 14.6667 14.6667 14.6667 14.6667 14.6667 12.6667 11.3333 11.3333 8 8 8 8 4.66667 4.66667 4.66667 4.66667 4 4 4 4 3.33333 2.66667 2 2 2 2 2 2 2 2 2 2 2 2 2 2 2 2 2 2 2 2 2 2 2 2 2 1.33333 1.33333 1.33333 1.33333 1.33333 1.33333 1.33333 1.33333 1.33333 1.33333 1.33333 1.33333 1.33333 1.33333 1.33333 1.33333 1.33333 1.33333 1.33333 1.33333 1.33333 1.33333 1.33333 1.33333 1.33333 1.33333 1.33333 1.33333 1.33333 1.33333 1.33333 1.33333 1.33333 1.33333 1.33333 1.33333 1.33333 1.33333 1.33333 1.33333 1.33333 1.33333 1.33333 1.33333 1.33333 1.33333 1.33333 1.33333 1.33333 1.33333 1.33333 </best_training_error>
				<average_training_error>67.9833 58.2867 53.0767 46.4167 39.5367 34.6633 31.71 29.9 28.4867 26.5833 24.4433 23.0533 22.03 21.1933 19.18 16.2867 13.8633 12.2967 11.5633 10.58 9.59333 8.36 7.49667 6.6 5.56 4.84 4.43333 4.05 3.69 3.24667 2.9 2.67333 2.64 2.62667 2.61333 2.52667 2.43333 2.3 2.1 2 2 2 2 2 2 2 2 2 2 1.99333 1.99 1.98667 1.96667 1.95 1.91 1.85 1.77 1.66 1.65667 1.65333 1.64 1.6 1.55 1.47 1.37333 1.33333 1.33333 1.33333 1.33333 1.33333 1.33333 1.33333 1.33333 1.33333 1.33333 1.33333 1.33333 1.33333 1.33333 1.33333 1.33333 1.33333 1.33333 1.33333 1.33333 1.33333 1.33333 1.33333 1.33333 1.33333 1.33333 1.33333 1.33333 1.33333 1.33333 1.33333 1.33333 1.33333 1.33333 1.33333 </average_training_error>
				<best_validation_error>-1</best_validation_error>
				<test_error>-1</test_error>
				<best_training_num_incorrect>21.333333 14.666667 14.666667 14.666667 14.666667 14.666667 14.666667 12.666667 11.333333 11.333333 8.000000 8.000000 8.000000 8.000000 4.666667 4.666667 4.666667 4.666667 4.000000 4.000000 4.000000 4.000000 3.333333 2.666667 2.000000 2.000000 2.000000 2.000000 2.000000 2.000000 2.000000 2.000000 2.000000 2.000000 2.000000 2.000000 2.000000 2.000000 2.000000 2.000000 2.000000 2.000000 2.000000 2.000000 2.000000 2.000000 2.000000 2.000000 2.000000 1.333333 1.333333 1.333333 1.333333 1.333333 1.333333 1.333333 1.333333 1.333333 1.333333 1.333333 1.333333 1.333333 1.333333 1.333333 1.333333 1.333333 1.333333 1.333333 1.333333 1.333333 1.333333 1.333333 1.333333 1.333333 1.333333 1.333333 1.333333 1.333333 1.333333 1.333333 1.333333 1.333333 1.333333 1.333333 1.333333 1.333333 1.333333 1.333333 1.333333 1.333333 1.333333 1.333333 1.333333 1.333333 1.333333 1.333333 1.333333 1.333333 1.333333 1.333333 </best_training_num_incorrect>
				<average_training_num_incorrect>27.333333 24.000000 24.000000 22.666667 22.666667 21.000000 15.000000 14.000000 13.333333 13.333333 11.666667 11.666667 11.333333 11.333333 6.000000 6.000000 6.000000 4.666667 4.333333 4.333333 4.333333 4.000000 3.666667 3.000000 2.666667 2.666667 2.666667 2.666667 2.666667 2.000000 2.000000 2.000000 2.000000 2.000000 2.000000 2.000000 2.000000 2.000000 2.000000 2.000000 2.000000 2.000000 2.000000 2.000000 2.000000 2.000000 2.000000 2.000000 2.000000 1.666667 1.666667 1.666667 1.666667 1.666667 1.333333 1.333333 1.333333 1.333333 1.333333 1.333333 1.333333 1.333333 1.333333 1.333333 1.333333 1.333333 1.333333 1.333333 1.333333 1.333333 1.333333 1.333333 1.333333 1.333333 1.333333 1.333333 1.333333 1.333333 1.333333 1.333333 1.333333 1.333333 1.333333 1.333333 1.333333 1.333333 1.333333 1.333333 1.333333 1.333333 1.333333 1.333333 1.333333 1.333333 1.333333 1.333333 1.333333 1.333333 1.333333 1.333333 </average_training_num_incorrect>
				<best_validation_num_incorrect>-1</best_validation_num_incorrect>
				<test_num_incorrect>-1</test_num_incorrect>
				<last_generation>99</last_generation>
				<num_generations>100</num_generations>
				<program>
					<code_length>100</code_length>
					<num_variables>4</num_variables>
					<num_outputs>0</num_outputs>
					<code>
						<i>2</i>
						<i>4294967294 0 0 0 0</i>
						<i>0</i>
						<i>4294967271 0 2 1 1</i>
						<i>7</i>
						<i>4294967294 3 3 4 0</i>
						<i>1</i>
						<i>5</i>
						<i>0</i>
						<i>0</i>
						<i>4294967292 0 6 7 1</i>
						<i>4294967293 7 10 3 7</i>
						<i>2</i>
						<i>3</i>
						<i>4294967294 1 2 9 8</i>
						<i>4294967294 6 11 0 11</i>
						<i>5</i>
						<i>1</i>
						<i>1</i>
						<i>0</i>
						<i>5</i>
						<i>1</i>
						<i>4294967293 4 15 1 15</i>
						<i>2</i>
						<i>1</i>
						<i>1</i>
						<i>1</i>
						<i>1</i>
						<i>4294967295 19 22 0 0</i>
						<i>2</i>
						<i>0</i>
						<i>7</i>
						<i>6</i>
						<i>4294967271 19 13 30 27</i>
						<i>4294967271 16 15 8 29</i>
						<i>4294967271 14 27 15 7</i>
						<i>3</i>
						<i>1</i>
						<i>4294967293 30 36 8 37</i>
						<i>1</i>
						<i>4294967295 35 39 15 29</i>
						<i>4294967271 17 39 0 35</i>
						<i>3</i>
						<i>1</i>
						<i>6</i>
						<i>4294967270 3 16 17 9</i>
						<i>4294967293 7 29 36 31</i>
						<i>5</i>
						<i>4294967295 18 42 3 19</i>
						<i>3</i>
						<i>4294967292 2 22 21 27</i>
						<i>4294967270 46 9 16 19</i>
						<i>4294967295 35 51 47 13</i>
						<i>4</i>
						<i>8</i>
						<i>6</i>
						<i>0</i>
						<i>2</i>
						<i>2</i>
						<i>4294967294 41 21 5 9</i>
						<i>3</i>
						<i>4294967294 51 41 58 56</i>
						<i>4294967295 2 51 49 32</i>
						<i>4294967292 28 13 44 16</i>
						<i>4294967295 17 52 6 13</i>
						<i>3</i>
						<i>2</i>
						<i>0</i>
						<i>3</i>
						<i>2</i>
						<i>0</i>
						<i>2</i>
						<i>4294967293 12 7 46 9</i>
						<i>2</i>
						<i>4294967294 72 55 55 26</i>
						<i>2</i>
						<i>3</i>
						<i>4294967271 11 65 72 57</i>
						<i>1</i>
						<i>1</i>
						<i>4294967271 71 14 36 3</i>
						<i>4294967292 11 26 33 55</i>
						<i>4294967270 17 0 46 58</i>
						<i>4294967270 72 67 65 39</i>
						<i>3</i>
						<i>4294967270 14 35 72 74</i>
						<i>4294967270 33 19 25 31</i>
						<i>5</i>
						<i>7</i>
						<i>4294967293 67 7 49 76</i>
						<i>0</i>
						<i>3</i>
						<i>4294967295 73 57 40 51</i>
						<i>3</i>
						<i>4294967292 75 29 64 8</i>
						<i>4294967292 72 87 52 38</i>
						<i>4294967295 87 95 95 12</i>
						<i>4294967295 64 64 89 18</i>
						<i>4294967271 10 65 95 89</i>
						<i>4294967292 26 76 74 22</i>
					</code>
					<best_genes></best_genes>
					<max_index_best_genes>0</max_index_best_genes>
					<error>1.33333</error>
					<num_incorrectly_classified>1.333333</num_incorrectly_classified>
					<binary_classification_threshold>0</binary_classification_threshold>
					<num_constants>5</num_constants>
					<constants>0.259152 -0.784818 -0.266384 0.914896 -0.315182 </constants>
					<num_classes>3</num_classes>
					<class_centers>0 nan 0 </class_centers>
				</program>
			</run>
			<run>
				<running_time>0.288121</running_time>
				<best_training_error>12.6667 10.6667 10.6667 10.6667 8 8 8 8 8 8 8 8 3.33333 3.33333 3.33333 3.33333 3.33333 3.33333 3.33333 3.33333 2.66667 2.66667 2.66667 2.66667 2.66667 2.66667 2.66667 2 2 2 2 2 2 2 2 2 2 2 2 2 2 2 2 2 2 2 2 2 2 2 2 2 2 2 2 2 2 2 2 2 2 2 2 2 2 2 2 2 2 2 2 2 2 2 2 2 2 2 2 2 2 2 2 2 2 2 2 2 2 2 2 2 2 2 2 2 2 2 2 2 </best_training_error>
				<average_training_error>64.0433 55.93 47.7933 41.77 37.12 34.5967 33.14 32.27 31.7067 31.3933 30.6567 29.9367 28.2867 27.1167 25.6867 22.4667 18.08 14.8267 10.4867 6.79667 4.91333 3.95 3.27 3.19667 3.08 2.99 2.98667 2.97333 2.95 2.92333 2.87333 2.81667 2.68 2.64667 2.63667 2.62333 2.59 2.55667 2.49 2.38333 2.24333 2.20667 2.16 2.08667 2.02667 2 2 2 2 2 2 2 2 2 2 2 2 2 2 2 2 2 2 2 2 2 2 2 2 2 2 2 2 2 2 2 2 2 2 2 2 2 2 2 2 2 2 2 2 2 2 2 2 2 2 2 2 2 2 2 </average_training_error>
				<best_validation_error>-1</best_validation_error>
				<test_error>-1</test_error>
				<best_training_num_incorrect>12.666667 10.666667 10.666667 10.666667 8.000000 8.000000 8.000000 8.000000 8.000000 8.000000 8.000000 8.000000 3.333333 3.333333 3.333333 3.333333 3.333333 3.333333 3.333333 3.333333 2.666667 2.666667 2.666667 2.666667 2.666667 2.666667 2.666667 2.000000 2.000000 2.000000 2.000000 2.000000 2.000000 2.000000 2.000000 2.000000 2.000000 2.000000 2.000000 2.000000 2.000000 2.000000 2.000000 2.000000 2.000000 2.000000 2.000000 2.000000 2.000000 2.000000 2.000000 2.000000 2.000000 2.000000 2.000000 2.000000 2.000000 2.000000 2.000000 2.000000 2.000000 2.000000 2.000000 2.000000 2.000000 2.000000 2.000000 2.000000 2.000000 2.000000 2.000000 2.000000 2.000000 2.000000 2.000000 2.000000 2.000000 2.000000 2.000000 2.000000 2.000000 2.000000 2.000000 2.000000 2.000000 2.000000 2.000000 2.000000 2.000000 2.000000 2.000000 2.000000 2.000000 2.000000 2.000000 2.000000 2.000000 2.000000 2.000000 2.000000 </best_training_num_incorrect>
				<average_training_num_incorrect>16.000000 15.000000 15.000000 15.000000 13.666667 13.666667 13.666667 13.666667 10.666667 10.666667 10.666667 10.666667 5.666667 5.666667 5.666667 5.333333 3.333333 3.333333 3.333333 3.333333 3.000000 2.666667 2.666667 2.666667 2.666667 2.666667 2.666667 2.333333 2.333333 2.333333 2.333333 2.333333 2.333333 2.333333 2.333333 2.000000 2.000000 2.000000 2.000000 2.000000 2.000000 2.000000 2.000000 2.000000 2.000000 2.000000 2.000000 2.000000 2.000000 2.000000 2.000000 2.000000 2.000000 2.000000 2.000000 2.000000 2.000000 2.000000 2.000000 2.000000 2.000000 2.000000 2.000000 2.000000 2.000000 2.000000 2.000000 2.000000 2.000000 2.000000 2.000000 2.000000 2.000000 2.000000 2.000000 2.000000 2.000000 2.000000 2.000000 2.000000 2.000000 2.000000 2.000000 2.000000 2.000000 2.000000 2.000000 2.000000 2.000000 2.000000 2.000000 2.000000 2.000000 2.000000 2.000000 2.000000 2.000000 2.000000 2.000000 2.000000 </average_training_num_incorrect>
				<best_validation_num_incorrect>-1</best_validation_num_incorrect>
				<test_num_incorrect>-1</test_num_incorrect>
				<last_generation>99</last_generation>
				<num_generations>100</num_generations>
				<program>
					<code_length>100</code_length>
					<num_variables>4</num_variables>
					<num_outputs>0</num_outputs>
					<code>
						<i>1</i>
						<i>1</i>
						<i>3</i>
						<i>2</i>
						<i>4294967271 2 3 1 1</i>
						<i>3</i>
						<i>0</i>
						<i>3</i>
						<i>4294967293 2 2 6 7</i>
						<i>4294967295 0 0 8 1</i>
						<i>4294967271 3 6 9 4</i>
						<i>4294967295 9 1 1 2</i>
						<i>1</i>
						<i>3</i>
						<i>4294967295 8 10 13 13</i>
						<i>0</i>
						<i>1</i>
						<i>4294967292 14 2 4 3</i>
						<i>0</i>
						<i>1</i>
						<i>4294967292 4 3 14 5</i>
						<i>3</i>
						<i>2</i>
						<i>3</i>
						<i>4294967292 0 18 8 4</i>
						<i>3</i>
						<i>4294967292 15 7 11 13</i>
						<i>3</i>
						<i>0</i>
						<i>4294967292 23 26 25 10</i>
						<i>4294967293 21 7 20 10</i>
						<i>4294967293 16 22 16 12</i>
						<i>2</i>
						<i>3</i>
						<i>4294967270 16 4 14 32</i>
						<i>1</i>
						<i>3</i>
						<i>4294967295 25 16 17 1</i>
						<i>4294967271 1 14 0 24</i>
						<i>4294967293 37 20 1 32</i>
						<i>0</i>
						<i>4294967293 3 8 18 27</i>
						<i>4294967294 13 13 28 14</i>
						<i>4294967295 5 1 28 39</i>
						<i>4294967292 36 19 27 28</i>
						<i>2</i>
						<i>3</i>
						<i>1</i>
						<i>0</i>
						<i>3</i>
						<i>4294967293 36 49 9 5</i>
						<i>4294967292 37 8 36 16</i>
						<i>2</i>
						<i>4294967270 39 47 45 31</i>
						<i>4294967271 7 31 11 39</i>
						<i>4294967270 49 52 43 0</i>
						<i>4294967294 37 25 21 49</i>
						<i>4294967294 30 34 51 54</i>
						<i>1</i>
						<i>4294967270 6 41 35 32</i>
						<i>4294967270 18 36 45 17</i>
						<i>4294967295 24 48 18 23</i>
						<i>1</i>
						<i>4294967292 45 43 10 46</i>
						<i>3</i>
						<i>0</i>
						<i>0</i>
						<i>4294967271 56 61 31 3</i>
						<i>4294967292 58 66 11 30</i>
						<i>3</i>
						<i>1</i>
						<i>0</i>
						<i>4294967270 31 27 37 55</i>
						<i>4294967271 70 53 69 42</i>
						<i>2</i>
						<i>3</i>
						<i>4294967295 40 74 35 70</i>
						<i>4294967294 3 28 9 73</i>
						<i>4294967294 8 67 1 40</i>
						<i>0</i>
						<i>4294967292 69 3 40 53</i>
						<i>4294967293 19 16 33 18</i>
						<i>8</i>
						<i>3</i>
						<i>4294967292 14 63 70 56</i>
						<i>0</i>
						<i>2</i>
						<i>8</i>
						<i>7</i>
						<i>4294967292 5 51 57 88</i>
						<i>1</i>
						<i>4294967293 35 37 41 81</i>
						<i>4294967270 37 47 30 76</i>
						<i>4294967270 34 42 55 51</i>
						<i>4294967271 22 47 22 56</i>
						<i>1</i>
						<i>4294967295 26 20 91 6</i>
						<i>1</i>
						<i>0</i>
						<i>4294967292 59 72 96 66</i>
					</code>
					<best_genes></best_genes>
					<max_index_best_genes>0</max_index_best_genes>
					<error>2</error>
					<num_incorrectly_classified>2.000000</num_incorrectly_classified>
					<binary_classification_threshold>0</binary_classification_threshold>
					<num_constants>5</num_constants>
					<constants>0.233839 -0.0982729 0.387798 -0.660537 -0.215279 </constants>
					<num_classes>3</num_classes>
					<class_centers>0 nan 0 </class_centers>
				</program>
			</run>
		</results>
	</algorithm>
</project>
