<?xml version="1.0"?>
<project>
	<mepx_version>2023.2.15.0-beta</mepx_version>
	<problem_description>Problem description here …</problem_description>
	<algorithm>
		<training>
			<num_data>10</num_data>
			<num_cols>12</num_cols>
			<num_classes>0</num_classes>
			<data_type>0</data_type>
			<list_separator></list_separator>
			<data>
				<row>8e-06 0.131538 0.755605 0.45865 0.532767 0.218959 0.047045 0.678865 0.006192 0.089298 0.424139 0.311363</row>
				<row>0.679296 0.934693 0.383502 0.519416 0.830965 0.034572 0.053462 0.5297 0.614442 0.518592 0.346446 0.29862</row>
				<row>0.671149 0.007698 0.383416 0.066842 0.417486 0.686773 0.588977 0.930436 0.28473 0.46809 0.199439 0.52312</row>
				<row>0.846167 0.526929 0.091965 0.653919 0.415999 0.701191 0.910321 0.762198 0.831679 0.994948 0.633533 1.09174</row>
				<row>0.262453 0.047465 0.736082 0.328234 0.632639 0.75641 0.991037 0.365339 0.213077 0.215863 0.790966 0.318439</row>
				<row>0.247039 0.98255 0.72266 0.753356 0.651519 0.072686 0.631635 0.884707 0.781563 0.887225 0.946672 0.684456</row>
				<row>0.27271 0.436411 0.766495 0.477732 0.237774 0.274907 0.359265 0.166507 0.221631 0.147635 0.353885 0.154516</row>
				<row>0.486517 0.897656 0.909208 0.060564 0.904653 0.504523 0.516292 0.319033 0.903582 0.531841 0.853787 0.264781</row>
				<row>0.986642 0.493977 0.266145 0.090733 0.947764 0.073749 0.500707 0.384142 1.18244 0.262521 0.297673 0.107618</row>
				<row>0.277082 0.913817 0.529747 0.464446 0.94098 0.050084 0.761514 0.770205 0.956613 0.717704 0.852164 0.371596</row>
			</data>
		</training>
		<validation>
			<num_data>0</num_data>
			<num_cols>0</num_cols>
			<num_classes>0</num_classes>
			<data_type>0</data_type>
			<list_separator>;</list_separator>
		</validation>
		<test>
			<num_data>2</num_data>
			<num_cols>8</num_cols>
			<num_classes>0</num_classes>
			<data_type>0</data_type>
			<list_separator>	</list_separator>
			<data>
				<row>1 2 3 4 5 6 7 8</row>
				<row>1 2 3 4 5 6 7 8</row>
			</data>
		</test>
		<variables_utilization>1 1 1 1 1 1 1 1 </variables_utilization>
		<parameters>
			<mutation_probability>0.01</mutation_probability>
			<crossover_probability>0.9</crossover_probability>
			<crossover_type>0</crossover_type>
			<chromosome_length>50</chromosome_length>
			<subpopulation_size>500</subpopulation_size>
			<num_subpopulations>8</num_subpopulations>
			<tournament_size>2</tournament_size>
			<number_of_generations>300</number_of_generations>
			<problem_type>0</problem_type>
			<random_seed>0</random_seed>
			<operators_probability>0.5</operators_probability>
			<variables_probability>0.5</variables_probability>
			<constants_probability>0</constants_probability>
			<num_runs>10</num_runs>
			<use_validation_data>1</use_validation_data>
			<simplified>0</simplified>
			<num_threads>8</num_threads>
			<random_subset_selection_size_percent>100</random_subset_selection_size_percent>
			<error_measure>0</error_measure>
			<num_generations_for_which_random_subset_is_kept_fixed>1</num_generations_for_which_random_subset_is_kept_fixed>
			<time_series_mode>0</time_series_mode>
			<num_predictions>10</num_predictions>
			<window_size>2</window_size>
			<data_type>0</data_type>
			<num_problem_outputs>4</num_problem_outputs>
		</parameters>
		<constants>
			<data_type>0</data_type>
			<type>1</type>
			<num_automatic_constants>5</num_automatic_constants>
			<min_interval>0</min_interval>
			<max_interval>1</max_interval>
			<stddev>1</stddev>
			<evolve>1</evolve>
			<can_evolve_outside_initial_interval>0</can_evolve_outside_initial_interval>
			<num_user_defined_constants>0</num_user_defined_constants>
		</constants>
		<operators>
			<use_addition>1</use_addition>
			<use_subtraction>1</use_subtraction>
			<use_multiplication>1</use_multiplication>
			<use_division>0</use_division>
			<use_power>0</use_power>
			<use_sqrt>0</use_sqrt>
			<use_exp>0</use_exp>
			<use_pow10>0</use_pow10>
			<use_ln>0</use_ln>
			<use_log10>0</use_log10>
			<use_log2>0</use_log2>
			<use_floor>0</use_floor>
			<use_ceil>0</use_ceil>
			<use_abs>0</use_abs>
			<use_inv>0</use_inv>
			<use_neg>0</use_neg>
			<use_x2>0</use_x2>
			<use_min>0</use_min>
			<use_max>0</use_max>
			<use_not>0</use_not>
			<use_and>0</use_and>
			<use_or>0</use_or>
			<use_xor>0</use_xor>
			<use_nand>0</use_nand>
			<use_nor>0</use_nor>
			<use_sin>0</use_sin>
			<use_cos>0</use_cos>
			<use_tan>0</use_tan>
			<use_asin>0</use_asin>
			<use_acos>0</use_acos>
			<use_atan>0</use_atan>
			<use_iflz>0</use_iflz>
			<use_ifalbcd>0</use_ifalbcd>
			<use_if_a_or_b_cd>0</use_if_a_or_b_cd>
			<use_if_a_xor_b_cd>0</use_if_a_xor_b_cd>
			<use_fmod>0</use_fmod>
		</operators>
		<results>
			<run>
				<running_time>8.33862</running_time>
				<best_training_error>0.655634 0.603349 0.559842 0.559842 0.559842 0.559842 0.559842 0.556713 0.544255 0.509508 0.509508 0.509508 0.490972 0.490972 0.490972 0.490972 0.442185 0.442185 0.438917 0.428088 0.428088 0.428088 0.428088 0.394304 0.388249 0.374182 0.318473 0.318473 0.288678 0.288678 0.288678 0.288678 0.288678 0.288678 0.280552 0.251441 0.251441 0.251441 0.251441 0.251441 0.251441 0.249915 0.218902 0.218902 0.218902 0.218902 0.194604 0.194604 0.194604 0.194604 0.194604 0.194604 0.194604 0.194604 0.194604 0.193234 0.178324 0.178324 0.155611 0.155611 0.155611 0.155611 0.155611 0.155611 0.155611 0.155611 0.155611 0.155611 0.155611 0.155611 0.155611 0.155611 0.135801 0.135801 0.135801 0.135801 0.135801 0.0810768 0.0810768 0.0810768 0.0810768 0.0810768 0.0810768 0.0810768 0.0810768 0.0810768 0.0810768 0.0810768 0.0810768 0.0810768 0.0810768 0.0810768 0.0810768 0.0810768 0.0810768 0.0810768 0.0810768 0.0810768 0.0810768 0.0810768 0.0810768 0.0810768 0.0810768 0.0810768 0.0810768 0.0810768 0.0810768 0.0810768 0.0810768 0.0810768 0.0810768 0.0727429 0.0727429 0.0727429 0.0727429 0.0727429 0.0727429 0.0727429 0.0727429 0.0727429 0.0727429 0.0727429 0.0727429 0.0727429 0.0727429 0.0727429 0.0704712 0.0704712 0.0571936 0.0571936 0.0571936 0.0571936 0.0571936 0.0571936 0.0571936 0.0571936 0.0571936 0.0571936 0.0571936 0.0571936 0.0571936 0.0571936 0.0571936 0.0571936 0.0571936 0.0571936 0.0571936 0.0571936 0.0571936 0.0571936 0.0571936 0.0571936 0.0571936 0.0571936 0.0571936 0.0571936 0.0571936 0.0571936 0.0571936 0.0571936 0.0571936 0.0571936 0.0571936 0.0571936 0.0571936 0.0571936 0.0571936 0.0571936 0.0571936 0.0571936 0.0571936 0.0571936 0.0571936 0.0571936 0.0571936 0.0571936 0.0571936 0.0571936 0.0571936 0.0571936 0.0571936 0.0571936 0.0571936 0.0571936 0.0571936 0.0571936 0.0571936 0.0571936 0.0571936 0.0571936 0.0571936 0.0571936 0.0571936 0.0571936 0.0571936 0.0571936 0.0571936 0.0571936 0.0571936 0.0571936 0.0571936 0.0571936 0.0571936 0.0571936 0.0571936 0.0571936 0.0571936 0.0571936 0.0571936 0.0571936 0.0571936 0.0571936 0.0571936 0.0571936 0.0571936 0.0571936 0.0571936 0.0571936 0.0571936 0.0571936 0.0571936 0.0571936 0.0571936 0.0571936 0.0571936 0.0571936 0.0571936 0.0571936 0.0571936 0.0571936 0.0571936 0.0571936 0.0571936 0.0571936 0.0571936 0.0571936 0.0571936 0.0571936 0.0571936 0.0571936 0.0571936 0.0571936 </best_training_error>
				<average_training_error>0.80367 0.785176 0.770252 0.760981 0.751369 0.741259 0.732093 0.7219 0.711207 0.699037 0.688524 0.67895 0.669022 0.659101 0.64961 0.639628 0.628987 0.620703 0.613654 0.605579 0.596118 0.586061 0.57553 0.564216 0.553415 0.541087 0.525699 0.510273 0.497042 0.48454 0.471619 0.45722 0.441038 0.426712 0.414269 0.401603 0.388491 0.376697 0.365169 0.358801 0.350532 0.339583 0.329231 0.319783 0.311834 0.304906 0.299104 0.296296 0.29472 0.293555 0.292341 0.289876 0.285634 0.279253 0.271844 0.267699 0.264987 0.261932 0.257942 0.254545 0.250363 0.244353 0.240939 0.23827 0.23591 0.233117 0.229643 0.22662 0.222219 0.218714 0.214865 0.211864 0.208649 0.203716 0.199427 0.193763 0.191473 0.189305 0.186034 0.181655 0.180115 0.178957 0.177289 0.176012 0.173998 0.171407 0.168921 0.164588 0.162153 0.161572 0.161054 0.160544 0.159978 0.159036 0.157505 0.155746 0.154826 0.153355 0.151074 0.146982 0.143206 0.140499 0.139175 0.13825 0.136056 0.132343 0.129057 0.125799 0.123195 0.122301 0.120588 0.117207 0.11256 0.109779 0.107678 0.104926 0.104887 0.104827 0.104741 0.104586 0.104362 0.104008 0.103532 0.102871 0.10129 0.0986917 0.0944494 0.0933739 0.093193 0.0927552 0.0920457 0.0911815 0.0904183 0.0892523 0.0883052 0.0876276 0.0864113 0.0853579 0.0840951 0.0828132 0.0816087 0.0806747 0.0804791 0.0803794 0.0801306 0.079663 0.0788325 0.0777416 0.0775151 0.0774544 0.0774121 0.0773227 0.0771838 0.0770513 0.0768197 0.0764194 0.0755871 0.0741222 0.0715481 0.0695623 0.0691352 0.0691292 0.0691131 0.0691011 0.0690749 0.069025 0.06898 0.0688907 0.0687167 0.0683734 0.0676547 0.066482 0.0661465 0.0661393 0.0661301 0.0661157 0.0660978 0.0660667 0.0660207 0.0659356 0.0657875 0.0655273 0.0650686 0.0641216 0.0631234 0.0630868 0.0630509 0.062979 0.0629089 0.0627513 0.0624462 0.0618001 0.0607619 0.0600884 0.0600631 0.0600196 0.0599275 0.0597256 0.0592885 0.058411 0.0573569 0.0571936 0.0571936 0.0571936 0.0571936 0.0571936 0.0571936 0.0571936 0.0571936 0.0571936 0.0571936 0.0571936 0.0571936 0.0571936 0.0571936 0.0571936 0.0571936 0.0571936 0.0571936 0.0571936 0.0571936 0.0571936 0.0571936 0.0571936 0.0571936 0.0571936 0.0571936 0.0571936 0.0571936 0.0571936 0.0571936 0.0571936 0.0571936 0.0571936 0.0571936 0.0571936 0.0571936 0.0571936 0.0571936 0.0571936 0.0571936 0.0571936 </average_training_error>
				<best_validation_error>-1</best_validation_error>
				<test_error>-1</test_error>
				<best_training_num_incorrect>0.000000 0.000000 0.000000 0.000000 0.000000 0.000000 0.000000 0.000000 0.000000 0.000000 0.000000 0.000000 0.000000 0.000000 0.000000 0.000000 0.000000 0.000000 0.000000 0.000000 0.000000 0.000000 0.000000 0.000000 0.000000 0.000000 0.000000 0.000000 0.000000 0.000000 0.000000 0.000000 0.000000 0.000000 0.000000 0.000000 0.000000 0.000000 0.000000 0.000000 0.000000 0.000000 0.000000 0.000000 0.000000 0.000000 0.000000 0.000000 0.000000 0.000000 0.000000 0.000000 0.000000 0.000000 0.000000 0.000000 0.000000 0.000000 0.000000 0.000000 0.000000 0.000000 0.000000 0.000000 0.000000 0.000000 0.000000 0.000000 0.000000 0.000000 0.000000 0.000000 0.000000 0.000000 0.000000 0.000000 0.000000 0.000000 0.000000 0.000000 0.000000 0.000000 0.000000 0.000000 0.000000 0.000000 0.000000 0.000000 0.000000 0.000000 0.000000 0.000000 0.000000 0.000000 0.000000 0.000000 0.000000 0.000000 0.000000 0.000000 0.000000 0.000000 0.000000 0.000000 0.000000 0.000000 0.000000 0.000000 0.000000 0.000000 0.000000 0.000000 0.000000 0.000000 0.000000 0.000000 0.000000 0.000000 0.000000 0.000000 0.000000 0.000000 0.000000 0.000000 0.000000 0.000000 0.000000 0.000000 0.000000 0.000000 0.000000 0.000000 0.000000 0.000000 0.000000 0.000000 0.000000 0.000000 0.000000 0.000000 0.000000 0.000000 0.000000 0.000000 0.000000 0.000000 0.000000 0.000000 0.000000 0.000000 0.000000 0.000000 0.000000 0.000000 0.000000 0.000000 0.000000 0.000000 0.000000 0.000000 0.000000 0.000000 0.000000 0.000000 0.000000 0.000000 0.000000 0.000000 0.000000 0.000000 0.000000 0.000000 0.000000 0.000000 0.000000 0.000000 0.000000 0.000000 0.000000 0.000000 0.000000 0.000000 0.000000 0.000000 0.000000 0.000000 0.000000 0.000000 0.000000 0.000000 0.000000 0.000000 0.000000 0.000000 0.000000 0.000000 0.000000 0.000000 0.000000 0.000000 0.000000 0.000000 0.000000 0.000000 0.000000 0.000000 0.000000 0.000000 0.000000 0.000000 0.000000 0.000000 0.000000 0.000000 0.000000 0.000000 0.000000 0.000000 0.000000 0.000000 0.000000 0.000000 0.000000 0.000000 0.000000 0.000000 0.000000 0.000000 0.000000 0.000000 0.000000 0.000000 0.000000 0.000000 0.000000 0.000000 0.000000 0.000000 0.000000 0.000000 0.000000 0.000000 </best_training_num_incorrect>
				<average_training_num_incorrect>0.000000 0.000000 0.000000 0.000000 0.000000 0.000000 0.000000 0.000000 0.000000 0.000000 0.000000 0.000000 0.000000 0.000000 0.000000 0.000000 0.000000 0.000000 0.000000 0.000000 0.000000 0.000000 0.000000 0.000000 0.000000 0.000000 0.000000 0.000000 0.000000 0.000000 0.000000 0.000000 0.000000 0.000000 0.000000 0.000000 0.000000 0.000000 0.000000 0.000000 0.000000 0.000000 0.000000 0.000000 0.000000 0.000000 0.000000 0.000000 0.000000 0.000000 0.000000 0.000000 0.000000 0.000000 0.000000 0.000000 0.000000 0.000000 0.000000 0.000000 0.000000 0.000000 0.000000 0.000000 0.000000 0.000000 0.000000 0.000000 0.000000 0.000000 0.000000 0.000000 0.000000 0.000000 0.000000 0.000000 0.000000 0.000000 0.000000 0.000000 0.000000 0.000000 0.000000 0.000000 0.000000 0.000000 0.000000 0.000000 0.000000 0.000000 0.000000 0.000000 0.000000 0.000000 0.000000 0.000000 0.000000 0.000000 0.000000 0.000000 0.000000 0.000000 0.000000 0.000000 0.000000 0.000000 0.000000 0.000000 0.000000 0.000000 0.000000 0.000000 0.000000 0.000000 0.000000 0.000000 0.000000 0.000000 0.000000 0.000000 0.000000 0.000000 0.000000 0.000000 0.000000 0.000000 0.000000 0.000000 0.000000 0.000000 0.000000 0.000000 0.000000 0.000000 0.000000 0.000000 0.000000 0.000000 0.000000 0.000000 0.000000 0.000000 0.000000 0.000000 0.000000 0.000000 0.000000 0.000000 0.000000 0.000000 0.000000 0.000000 0.000000 0.000000 0.000000 0.000000 0.000000 0.000000 0.000000 0.000000 0.000000 0.000000 0.000000 0.000000 0.000000 0.000000 0.000000 0.000000 0.000000 0.000000 0.000000 0.000000 0.000000 0.000000 0.000000 0.000000 0.000000 0.000000 0.000000 0.000000 0.000000 0.000000 0.000000 0.000000 0.000000 0.000000 0.000000 0.000000 0.000000 0.000000 0.000000 0.000000 0.000000 0.000000 0.000000 0.000000 0.000000 0.000000 0.000000 0.000000 0.000000 0.000000 0.000000 0.000000 0.000000 0.000000 0.000000 0.000000 0.000000 0.000000 0.000000 0.000000 0.000000 0.000000 0.000000 0.000000 0.000000 0.000000 0.000000 0.000000 0.000000 0.000000 0.000000 0.000000 0.000000 0.000000 0.000000 0.000000 0.000000 0.000000 0.000000 0.000000 0.000000 0.000000 0.000000 0.000000 0.000000 0.000000 0.000000 0.000000 0.000000 0.000000 </average_training_num_incorrect>
				<best_validation_num_incorrect>-1</best_validation_num_incorrect>
				<test_num_incorrect>-1</test_num_incorrect>
				<last_generation>241</last_generation>
				<num_generations>300</num_generations>
				<program>
					<code_length>50</code_length>
					<num_variables>8</num_variables>
					<num_outputs>4</num_outputs>
					<problem_type>0</problem_type>
					<data_type>0</data_type>
					<error_measure>0</error_measure>
					<code>
						<i>0</i>
						<i>-2 0 0 0 0</i>
						<i>5</i>
						<i>1</i>
						<i>7</i>
						<i>-3 4 3 2 1</i>
						<i>4</i>
						<i>-1 6 5 6 0</i>
						<i>3</i>
						<i>-3 0 6 5 8</i>
						<i>-1 2 0 2 2</i>
						<i>-3 0 2 4 8</i>
						<i>-1 5 11 4 8</i>
						<i>-2 4 6 9 8</i>
						<i>-1 2 8 6 1</i>
						<i>7</i>
						<i>-3 8 11 10 6</i>
						<i>5</i>
						<i>-1 13 2 0 7</i>
						<i>7</i>
						<i>6</i>
						<i>7</i>
						<i>-3 3 20 20 7</i>
						<i>-3 18 4 16 2</i>
						<i>-1 11 5 6 16</i>
						<i>-3 23 13 2 0</i>
						<i>7</i>
						<i>-1 9 22 22 16</i>
						<i>6</i>
						<i>4</i>
						<i>-3 23 18 7 5</i>
						<i>-3 23 11 5 0</i>
						<i>-1 7 8 23 1</i>
						<i>-1 2 5 23 5</i>
						<i>1</i>
						<i>4</i>
						<i>3</i>
						<i>1</i>
						<i>-2 0 18 11 18</i>
						<i>-1 22 0 19 28</i>
						<i>-3 35 39 16 39</i>
						<i>-3 8 4 17 17</i>
						<i>-2 33 31 1 11</i>
						<i>7</i>
						<i>-1 14 36 1 11</i>
						<i>-1 41 11 36 42</i>
						<i>3</i>
						<i>5</i>
						<i>7</i>
						<i>-2 26 18 27 10</i>
					</code>
					<best_genes>27 12 42 45 </best_genes>
					<max_index_best_genes>45</max_index_best_genes>
					<error>0.0571936</error>
					<num_incorrectly_classified>0.000000</num_incorrectly_classified>
					<binary_classification_threshold>0</binary_classification_threshold>
					<num_constants>0</num_constants>
					<num_classes>0</num_classes>
				</program>
			</run>
		</results>
	</algorithm>
</project>
