<?xml version="1.0"?>
<project>
	<mepx_version>2021.07.22.0-beta</mepx_version>
	<interface_settings />
	<problem_description>- classification problem

Predicts breast cancer.

- taken from PROBEN1

References:

Lutz Prechelt, Proben1: A Set of Neural Network Benchmark Problems and Benchmarking Rules, 1994</problem_description>
	<algorithm>
		<training>
			<num_data>350</num_data>
			<num_cols>10</num_cols>
			<num_outputs>1</num_outputs>
			<num_classes>2</num_classes>
			<data_type>0</data_type>
			<list_separator></list_separator>
			<data>
				<row>0.2 0.1 0.1 0.1 0.2 0.1 0.2 0.1 0.1 1 </row>
				<row>0.2 0.1 0.1 0.1 0.2 0.1 0.3 0.1 0.1 1 </row>
				<row>0.5 0.1 0.1 0.1 0.2 0.1 0.2 0.1 0.1 1 </row>
				<row>0.5 0.4 0.6 0.8 0.4 0.1 0.8 1 0.1 0 </row>
				<row>0.5 0.3 0.3 0.1 0.2 0.1 0.2 0.1 0.1 1 </row>
				<row>0.2 0.3 0.1 0.1 0.3 0.1 0.1 0.1 0.1 1 </row>
				<row>0.3 0.5 0.7 0.8 0.8 0.9 0.7 1 0.7 0 </row>
				<row>1 0.5 0.6 1 0.6 1 0.7 0.7 1 0 </row>
				<row>1 0.9 0.8 0.7 0.6 0.4 0.7 1 0.3 0 </row>
				<row>0.4 0.1 0.1 0.1 0.2 0.1 0.3 0.1 0.1 1 </row>
				<row>0.5 0.1 0.1 0.1 0.2 0.1 0.3 0.1 0.1 1 </row>
				<row>0.8 1 1 0.1 0.3 0.6 0.3 0.9 0.1 0 </row>
				<row>0.1 0.1 0.3 0.1 0.2 0.1 0.2 0.1 0.1 1 </row>
				<row>0.1 0.1 0.1 0.2 0.1 0.1 0.1 0.1 0.1 1 </row>
				<row>0.3 0.4 0.5 0.2 0.6 0.8 0.4 0.1 0.1 0 </row>
				<row>0.4 0.3 0.3 0.1 0.2 0.1 0.3 0.3 0.1 1 </row>
				<row>0.3 0.3 0.2 0.1 0.3 0.1 0.3 0.6 0.1 1 </row>
				<row>0.2 0.1 0.1 0.1 0.2 0.1 0.1 0.1 0.1 1 </row>
				<row>0.1 0.1 0.1 0.1 0.2 0.1 0.2 0.1 0.1 1 </row>
				<row>0.1 0.1 0.1 0.1 0.2 0.1 0.1 0.1 0.1 1 </row>
				<row>0.8 1 1 1 0.5 1 0.8 1 0.6 0 </row>
				<row>0.8 0.7 0.4 0.4 0.5 0.3 0.5 1 0.1 0 </row>
				<row>0.1 0.1 0.1 0.1 0.1 0.1 0.2 0.1 0.1 1 </row>
				<row>0.2 0.1 0.1 0.1 0.2 0.1 0.1 0.1 0.1 1 </row>
				<row>1 0.8 0.8 0.4 1 1 0.8 0.1 0.1 0 </row>
				<row>0.5 0.1 0.1 0.2 0.2 0.1 0.2 0.1 0.1 1 </row>
				<row>0.3 0.1 0.1 0.1 0.2 0.1 0.2 0.1 0.2 1 </row>
				<row>0.3 0.1 0.1 0.1 0.2 0.1 0.3 0.1 0.1 1 </row>
				<row>0.5 0.3 0.3 0.3 0.6 1 0.3 0.1 0.1 0 </row>
				<row>0.4 0.8 0.6 0.3 0.4 1 0.7 0.1 0.1 0 </row>
				<row>0.4 0.3 0.2 0.1 0.3 0.1 0.2 0.1 0.1 1 </row>
				<row>0.1 0.1 0.1 0.1 0.2 0.1 0.1 0.1 0.1 1 </row>
				<row>0.8 0.5 0.5 0.5 0.2 1 0.4 0.3 0.1 0 </row>
				<row>0.3 0.3 0.5 0.2 0.3 1 0.7 0.1 0.1 0 </row>
				<row>0.2 0.3 0.1 0.1 0.2 0.1 0.2 0.1 0.1 1 </row>
				<row>0.3 0.1 0.1 0.1 0.2 0.5 0.1 0.1 0.1 1 </row>
				<row>0.3 0.2 0.1 0.1 0.2 0.2 0.3 0.1 0.1 1 </row>
				<row>0.2 0.7 1 1 0.7 1 0.4 0.9 0.4 0 </row>
				<row>0.1 0.1 0.2 0.1 0.2 0.1 0.2 0.1 0.1 1 </row>
				<row>0.1 0.1 0.1 0.1 0.1 0.1 0.2 0.1 0.1 1 </row>
				<row>0.5 1 1 1 1 0.2 1 1 1 0 </row>
				<row>0.4 0.1 0.2 0.1 0.2 0.1 0.2 0.1 0.1 1 </row>
				<row>0.1 0.1 0.1 0.1 0.2 0.1 0.1 0.1 0.1 1 </row>
				<row>0.5 0.1 0.1 0.1 0.2 0.1 0.2 0.1 0.1 1 </row>
				<row>0.3 0.7 0.7 0.4 0.4 0.9 0.4 0.8 0.1 0 </row>
				<row>0.1 0.1 0.1 0.1 0.1 0.1 0.3 0.1 0.1 1 </row>
				<row>0.4 0.1 0.1 0.1 0.2 0.1 0.2 0.1 0.1 1 </row>
				<row>0.6 0.8 0.7 0.5 0.6 0.8 0.8 0.9 0.2 0 </row>
				<row>1 0.7 0.7 0.4 0.5 1 0.5 0.7 0.2 0 </row>
				<row>0.1 0.1 0.1 0.1 0.2 0.1 0.1 0.1 0.1 1 </row>
				<row>0.8 1 0.4 0.4 0.8 1 0.8 0.2 0.1 0 </row>
				<row>0.1 0.1 0.1 0.1 0.2 0.1 0.2 0.1 0.1 1 </row>
				<row>0.1 0.1 0.1 0.1 0.2 0.1 0.1 0.1 0.8 1 </row>
				<row>0.5 0.1 0.1 0.1 0.2 0.1 0.1 0.1 0.1 1 </row>
				<row>0.1 0.1 0.4 0.1 0.2 0.1 0.2 0.1 0.1 1 </row>
				<row>0.5 0.1 0.1 0.1 0.2 0.1 0.2 0.1 0.1 1 </row>
				<row>0.3 0.1 0.1 0.1 0.2 0.1 0.2 0.1 0.1 1 </row>
				<row>0.1 0.1 0.1 0.1 0.2 0.1 0.2 0.1 0.1 1 </row>
				<row>0.1 0.1 0.1 0.1 0.1 0.35 0.1 0.1 0.1 1 </row>
				<row>0.8 1 1 0.8 0.7 1 0.9 0.7 0.1 0 </row>
				<row>1 0.5 0.8 1 0.3 1 0.5 0.1 0.3 0 </row>
				<row>1 1 1 0.2 1 1 0.5 0.3 0.3 0 </row>
				<row>1 0.8 0.8 0.2 0.8 1 0.4 0.8 1 0 </row>
				<row>1 0.5 0.5 0.3 0.6 0.7 0.7 1 0.1 0 </row>
				<row>0.1 0.1 0.1 0.1 0.2 0.1 0.2 0.1 0.1 1 </row>
				<row>0.2 0.1 0.1 0.2 0.2 0.1 0.1 0.1 0.1 1 </row>
				<row>0.1 0.1 0.2 0.2 0.2 0.1 0.3 0.1 0.1 1 </row>
				<row>0.5 0.1 0.1 0.1 0.2 0.1 0.3 0.1 0.1 1 </row>
				<row>0.5 0.1 0.1 0.1 0.2 0.35 0.3 0.1 0.1 1 </row>
				<row>0.4 0.2 0.3 0.5 0.3 0.8 0.7 0.6 0.1 0 </row>
				<row>0.2 0.1 0.1 0.1 0.1 0.1 0.1 0.1 0.1 1 </row>
				<row>1 1 1 1 0.6 1 0.8 0.1 0.5 0 </row>
				<row>0.8 0.6 0.5 0.4 0.3 1 0.6 0.1 0.1 0 </row>
				<row>0.4 0.1 0.1 0.1 0.2 0.2 0.3 0.2 0.1 1 </row>
				<row>0.5 0.1 0.1 0.6 0.3 0.1 0.1 0.1 0.1 1 </row>
				<row>0.1 0.1 0.1 0.1 0.2 0.1 0.2 0.1 0.1 1 </row>
				<row>0.3 0.1 0.1 0.1 0.2 0.1 0.2 0.1 0.1 1 </row>
				<row>0.3 0.1 0.1 0.1 0.2 0.1 0.2 0.1 0.1 1 </row>
				<row>0.3 0.1 0.1 0.1 0.1 0.1 0.1 0.1 0.1 1 </row>
				<row>0.5 0.1 0.3 0.1 0.2 0.1 0.2 0.1 0.1 1 </row>
				<row>0.3 0.4 0.4 1 0.5 0.1 0.3 0.3 0.1 0 </row>
				<row>0.1 0.1 0.1 0.1 0.2 0.1 0.1 0.1 0.1 1 </row>
				<row>0.7 0.8 0.7 0.2 0.4 0.8 0.3 0.8 0.2 0 </row>
				<row>1 0.5 0.7 0.3 0.3 0.7 0.3 0.3 0.8 0 </row>
				<row>0.1 0.1 0.1 0.1 0.2 0.1 0.2 0.1 0.1 1 </row>
				<row>0.2 0.5 0.7 0.6 0.4 1 0.7 0.6 0.1 0 </row>
				<row>0.9 0.8 0.8 0.5 0.6 0.2 0.4 1 0.4 0 </row>
				<row>0.5 1 1 1 0.4 1 0.5 0.6 0.3 0 </row>
				<row>0.3 0.1 0.1 0.1 0.2 0.1 0.3 0.1 0.1 1 </row>
				<row>0.1 0.1 0.1 0.1 0.2 0.1 0.1 0.1 0.1 1 </row>
				<row>0.5 0.5 0.5 0.8 1 0.8 0.7 0.3 0.7 0 </row>
				<row>0.1 0.1 0.1 0.1 0.2 0.1 0.1 0.1 0.1 1 </row>
				<row>0.4 0.1 0.1 0.1 0.2 0.1 0.1 0.1 0.1 1 </row>
				<row>0.2 0.1 0.1 0.1 0.2 0.1 0.3 0.1 0.1 1 </row>
				<row>0.1 0.2 0.2 0.1 0.2 0.1 0.2 0.1 0.1 1 </row>
				<row>0.4 0.3 0.1 0.1 0.2 0.1 0.4 0.8 0.1 1 </row>
				<row>0.3 0.3 0.2 0.6 0.3 0.3 0.3 0.5 0.1 1 </row>
				<row>0.3 1 0.8 0.7 0.6 0.9 0.9 0.3 0.8 0 </row>
				<row>0.8 0.3 0.4 0.9 0.3 1 0.3 0.3 0.1 0 </row>
				<row>1 0.8 0.4 0.4 0.4 1 0.3 1 0.4 0 </row>
				<row>0.1 0.1 0.1 0.1 0.2 0.1 0.1 0.1 0.1 1 </row>
				<row>0.8 0.4 0.6 0.3 0.3 0.1 0.4 0.3 0.1 1 </row>
				<row>0.5 0.6 0.6 0.8 0.6 1 0.4 1 0.4 0 </row>
				<row>0.1 0.1 0.1 0.1 0.2 0.1 0.3 0.1 0.1 1 </row>
				<row>0.1 0.1 0.1 0.2 0.2 0.1 0.2 0.1 0.1 1 </row>
				<row>0.1 0.1 0.1 0.1 0.2 0.2 0.2 0.1 0.1 1 </row>
				<row>0.5 0.1 0.3 0.1 0.2 0.1 0.1 0.1 0.1 1 </row>
				<row>0.8 0.3 0.5 0.4 0.5 1 0.1 0.6 0.2 0 </row>
				<row>0.5 1 1 0.3 0.8 0.1 0.5 1 0.3 0 </row>
				<row>1 1 1 0.7 1 1 0.8 0.2 0.1 0 </row>
				<row>0.4 0.2 0.2 0.1 0.2 0.1 0.2 0.1 0.1 1 </row>
				<row>0.2 0.3 0.1 0.1 0.5 0.1 0.1 0.1 0.1 1 </row>
				<row>0.5 0.2 0.2 0.2 0.2 0.1 0.1 0.1 0.2 1 </row>
				<row>0.4 0.1 0.1 0.1 0.2 0.1 0.1 0.1 0.1 1 </row>
				<row>0.5 0.1 0.1 0.1 0.2 0.2 0.2 0.1 0.1 1 </row>
				<row>0.3 1 0.7 0.8 0.5 0.8 0.7 0.4 0.1 0 </row>
				<row>0.3 0.1 0.1 0.1 0.2 0.1 0.1 0.1 0.1 1 </row>
				<row>0.5 0.4 0.5 0.1 0.8 0.1 0.3 0.6 0.1 1 </row>
				<row>0.5 0.1 0.1 0.1 0.1 0.1 0.3 0.1 0.1 1 </row>
				<row>0.5 0.1 0.1 0.1 0.2 0.1 0.2 0.1 0.1 1 </row>
				<row>0.5 1 0.6 0.1 1 0.4 0.4 1 1 0 </row>
				<row>0.5 0.1 0.1 0.1 0.3 0.2 0.2 0.2 0.1 1 </row>
				<row>0.8 0.4 0.4 0.1 0.2 0.9 0.3 0.3 0.1 0 </row>
				<row>0.5 0.1 0.1 0.1 0.2 0.1 0.3 0.1 0.2 1 </row>
				<row>0.4 0.8 0.8 0.5 0.4 0.5 1 0.4 0.1 0 </row>
				<row>0.9 0.1 0.2 0.6 0.4 1 0.7 0.7 0.2 0 </row>
				<row>0.8 0.5 0.6 0.2 0.3 1 0.6 0.6 0.1 0 </row>
				<row>0.1 0.1 0.1 0.1 0.1 0.1 0.3 0.1 0.1 1 </row>
				<row>0.3 0.1 0.1 0.1 0.2 0.3 0.3 0.1 0.1 1 </row>
				<row>0.4 1 0.8 0.5 0.4 0.1 1 0.1 0.1 0 </row>
				<row>0.2 0.1 0.1 0.1 0.2 0.1 0.3 0.1 0.1 1 </row>
				<row>0.5 0.1 0.3 0.1 0.2 0.1 0.3 0.1 0.1 1 </row>
				<row>1 0.3 0.5 0.1 1 0.5 0.3 1 0.2 0 </row>
				<row>0.4 0.6 0.5 0.6 0.7 0.35 0.4 0.9 0.1 1 </row>
				<row>0.3 0.1 0.1 0.2 0.3 0.4 0.1 0.1 0.1 1 </row>
				<row>0.5 0.2 0.2 0.2 0.2 0.1 0.2 0.2 0.1 1 </row>
				<row>0.5 0.5 0.5 0.6 0.3 1 0.3 0.1 0.1 0 </row>
				<row>0.5 0.6 0.7 0.8 0.8 1 0.3 1 0.3 0 </row>
				<row>0.6 1 1 1 0.8 1 1 1 0.7 0 </row>
				<row>0.4 0.2 0.2 0.1 0.2 0.1 0.2 0.1 0.1 1 </row>
				<row>0.3 0.2 0.2 0.2 0.2 0.1 0.4 0.2 0.1 1 </row>
				<row>0.5 0.1 0.1 0.6 0.3 0.1 0.2 0.1 0.1 1 </row>
				<row>0.7 0.8 0.3 0.7 0.4 0.5 0.7 0.8 0.2 0 </row>
				<row>0.1 0.1 0.1 0.1 0.2 0.1 0.2 0.1 0.2 1 </row>
				<row>0.8 0.4 0.4 0.5 0.4 0.7 0.7 0.8 0.2 1 </row>
				<row>0.5 0.6 0.5 0.6 1 0.1 0.3 0.1 0.1 0 </row>
				<row>0.7 0.9 0.4 1 1 0.3 0.5 0.3 0.3 0 </row>
				<row>0.3 0.3 0.2 0.2 0.3 0.1 0.1 0.2 0.3 1 </row>
				<row>0.2 0.1 0.1 0.1 0.2 0.1 0.1 0.1 0.1 1 </row>
				<row>0.3 0.1 0.1 0.1 0.2 0.1 0.3 0.1 0.1 1 </row>
				<row>0.2 0.1 0.1 0.1 0.2 0.1 0.1 0.1 0.1 1 </row>
				<row>0.5 0.1 0.1 0.1 0.2 0.1 0.1 0.1 0.1 1 </row>
				<row>0.5 0.1 0.1 0.1 0.2 0.1 0.3 0.2 0.1 1 </row>
				<row>0.5 1 0.8 1 0.8 1 0.3 0.6 0.3 0 </row>
				<row>0.5 0.1 0.1 0.1 0.2 0.1 0.1 0.1 0.1 1 </row>
				<row>0.4 0.1 0.1 0.1 0.2 0.1 0.2 0.1 0.1 1 </row>
				<row>0.4 0.1 0.1 0.1 0.2 0.1 0.2 0.1 0.1 1 </row>
				<row>0.8 0.7 0.8 0.5 1 1 0.7 0.2 0.1 0 </row>
				<row>0.1 0.1 0.1 0.1 0.1 0.35 0.2 0.1 0.1 1 </row>
				<row>0.1 0.1 0.1 0.1 0.2 0.1 0.2 0.3 0.1 1 </row>
				<row>0.2 0.1 0.1 0.1 0.2 0.1 0.1 0.1 0.1 1 </row>
				<row>0.5 0.1 0.1 0.2 0.2 0.2 0.3 0.1 0.1 1 </row>
				<row>0.3 0.1 0.1 0.3 0.8 0.1 0.5 0.8 0.1 1 </row>
				<row>0.2 0.1 0.1 0.1 0.2 0.1 0.2 0.1 0.1 1 </row>
				<row>0.7 0.6 0.3 0.2 0.5 1 0.7 0.4 0.6 0 </row>
				<row>0.4 1 0.4 0.7 0.3 1 0.9 1 0.1 0 </row>
				<row>0.1 0.1 0.1 0.1 0.2 0.1 0.3 0.1 0.1 1 </row>
				<row>0.1 0.1 0.1 0.1 0.2 0.1 0.1 0.1 0.1 1 </row>
				<row>0.1 0.1 0.1 0.1 1 0.1 0.1 0.1 0.1 1 </row>
				<row>0.4 0.1 0.1 0.1 0.2 0.1 0.3 0.1 0.1 1 </row>
				<row>0.5 0.3 0.4 0.1 0.4 0.1 0.3 0.1 0.1 1 </row>
				<row>1 0.5 0.5 0.6 0.8 0.8 0.7 0.1 0.1 0 </row>
				<row>1 1 1 0.4 0.8 0.1 0.8 1 0.1 0 </row>
				<row>0.8 1 1 1 0.6 1 1 1 1 0 </row>
				<row>0.3 0.1 0.1 0.1 0.2 0.1 0.1 0.1 0.1 1 </row>
				<row>0.6 1 0.5 0.5 0.4 1 0.6 1 0.1 0 </row>
				<row>0.8 0.3 0.8 0.3 0.4 0.9 0.8 0.9 0.8 0 </row>
				<row>0.3 0.1 0.1 0.1 0.2 0.1 0.2 0.1 0.1 1 </row>
				<row>1 0.4 0.3 0.1 0.3 0.3 0.6 0.5 0.2 0 </row>
				<row>0.3 0.1 0.1 0.1 0.2 0.2 0.3 0.1 0.1 1 </row>
				<row>0.3 0.1 0.3 0.1 0.3 0.4 0.1 0.1 0.1 1 </row>
				<row>0.2 0.1 0.1 0.1 0.2 0.1 0.1 0.1 0.5 1 </row>
				<row>0.8 0.2 0.1 0.1 0.5 0.1 0.1 0.1 0.1 1 </row>
				<row>0.4 0.1 0.1 0.1 0.2 0.1 0.2 0.1 0.1 1 </row>
				<row>1 0.3 0.5 0.4 0.3 0.7 0.3 0.5 0.3 0 </row>
				<row>0.1 0.1 0.1 0.1 0.2 0.1 0.1 0.1 0.1 1 </row>
				<row>0.1 0.1 0.1 0.1 0.2 1 0.3 0.1 0.1 1 </row>
				<row>0.1 0.1 0.1 0.1 0.2 0.1 0.2 0.1 0.1 1 </row>
				<row>1 0.4 0.3 0.2 0.3 1 0.5 0.3 0.2 0 </row>
				<row>0.2 0.5 0.3 0.3 0.6 0.7 0.7 0.5 0.1 0 </row>
				<row>0.3 0.1 0.1 0.1 0.2 0.1 0.1 0.1 0.1 1 </row>
				<row>0.4 0.1 0.1 0.1 0.2 0.1 0.2 0.1 0.1 1 </row>
				<row>0.6 0.6 0.7 1 0.3 1 0.8 1 0.2 0 </row>
				<row>0.2 0.1 0.1 0.1 0.1 0.1 0.2 0.1 0.1 1 </row>
				<row>0.3 0.3 0.2 0.1 0.2 0.3 0.3 0.1 0.1 1 </row>
				<row>0.3 0.1 0.1 0.1 0.2 0.1 0.2 0.1 0.1 1 </row>
				<row>0.4 0.4 0.4 0.4 0.6 0.5 0.7 0.3 0.1 1 </row>
				<row>0.2 0.1 0.1 0.1 0.2 0.1 0.1 0.1 0.1 1 </row>
				<row>0.1 0.1 0.3 0.2 0.2 0.1 0.3 0.1 0.1 1 </row>
				<row>0.5 0.1 0.2 1 0.4 0.5 0.2 0.1 0.1 1 </row>
				<row>0.2 0.1 0.1 0.1 0.2 0.1 0.1 0.1 0.1 1 </row>
				<row>0.4 0.1 0.1 0.1 0.2 0.1 0.1 0.1 0.1 1 </row>
				<row>0.3 0.1 0.4 0.1 0.2 0.1 0.1 0.1 0.1 1 </row>
				<row>0.3 0.1 0.1 0.1 0.2 0.1 0.2 0.1 0.1 1 </row>
				<row>0.1 0.1 0.3 0.1 0.2 0.1 0.1 0.1 0.1 1 </row>
				<row>0.3 0.1 0.1 0.1 0.2 0.1 0.1 0.1 0.1 1 </row>
				<row>0.3 0.1 0.1 0.1 0.2 0.1 0.3 0.1 0.1 1 </row>
				<row>0.3 0.1 0.2 0.1 0.2 0.1 0.2 0.1 0.1 1 </row>
				<row>0.1 0.1 0.1 0.3 0.2 0.1 0.1 0.1 0.1 1 </row>
				<row>0.3 0.2 0.2 0.3 0.2 0.1 0.1 0.1 0.1 1 </row>
				<row>0.5 0.3 0.3 0.1 0.3 0.3 0.3 0.3 0.3 0 </row>
				<row>0.6 0.6 0.6 0.5 0.4 1 0.7 0.6 0.2 0 </row>
				<row>0.1 0.1 0.1 0.1 0.5 0.1 0.3 0.1 0.1 1 </row>
				<row>0.5 0.8 0.8 0.8 0.5 1 0.7 0.8 0.1 0 </row>
				<row>0.1 0.1 0.1 0.1 0.2 0.1 0.2 0.1 0.1 1 </row>
				<row>0.5 0.1 0.1 0.1 0.2 0.1 0.2 0.2 0.1 1 </row>
				<row>0.4 0.5 0.5 1 0.4 1 0.7 0.5 0.8 0 </row>
				<row>0.3 0.1 0.1 0.4 0.3 0.1 0.2 0.2 0.1 1 </row>
				<row>1 0.8 1 1 0.6 0.1 0.3 0.1 1 0 </row>
				<row>0.6 0.2 0.1 0.1 0.1 0.1 0.7 0.1 0.1 1 </row>
				<row>0.1 0.6 0.8 1 0.8 1 0.5 0.7 0.1 0 </row>
				<row>0.4 0.1 0.1 0.1 0.2 0.1 0.3 0.1 0.1 1 </row>
				<row>0.9 0.5 0.5 0.2 0.2 0.2 0.5 0.1 0.1 0 </row>
				<row>0.3 0.1 0.1 0.1 0.1 0.1 0.2 0.1 0.1 1 </row>
				<row>0.3 0.6 0.6 0.6 0.5 1 0.6 0.8 0.3 0 </row>
				<row>0.2 0.1 0.1 0.1 0.1 0.1 0.3 0.1 0.1 1 </row>
				<row>0.1 0.1 0.1 0.1 0.2 0.1 0.3 0.1 0.1 1 </row>
				<row>1 1 0.9 0.3 0.7 0.5 0.3 0.5 0.1 0 </row>
				<row>0.4 0.1 0.1 0.1 0.2 0.1 0.2 0.1 0.1 1 </row>
				<row>0.3 0.1 0.1 0.1 0.2 0.1 0.2 0.1 0.1 1 </row>
				<row>0.1 0.1 0.1 0.1 0.3 0.1 0.1 0.1 0.1 1 </row>
				<row>0.3 0.1 0.1 0.1 0.2 0.1 0.2 0.3 0.1 1 </row>
				<row>0.1 0.1 0.1 0.1 0.2 0.1 0.2 0.1 0.1 1 </row>
				<row>1 0.3 0.4 0.5 0.3 1 0.4 0.1 0.1 0 </row>
				<row>0.3 0.1 0.1 0.3 0.2 0.1 0.1 0.1 0.1 1 </row>
				<row>0.7 0.4 0.4 0.3 0.4 1 0.6 0.9 0.1 0 </row>
				<row>0.8 0.8 0.8 0.1 0.2 0.35 0.6 1 0.1 0 </row>
				<row>0.1 0.1 0.1 0.1 0.2 0.1 0.3 0.1 0.1 1 </row>
				<row>0.3 0.1 0.2 0.1 0.2 0.1 0.2 0.1 0.1 1 </row>
				<row>0.5 1 1 1 0.6 1 0.6 0.5 0.2 0 </row>
				<row>0.6 0.8 0.7 0.8 0.6 0.8 0.8 0.9 0.1 0 </row>
				<row>0.3 0.1 0.1 0.1 0.2 0.1 0.2 0.1 0.1 1 </row>
				<row>0.6 0.3 0.3 0.5 0.3 1 0.3 0.5 0.3 1 </row>
				<row>0.5 0.1 0.1 0.1 0.2 0.2 0.3 0.3 0.1 1 </row>
				<row>0.8 0.6 0.7 0.3 0.3 1 0.3 0.4 0.2 0 </row>
				<row>0.5 0.3 0.3 0.2 0.3 0.1 0.3 0.1 0.1 1 </row>
				<row>0.1 0.1 0.1 0.1 0.2 0.1 0.2 0.1 0.1 1 </row>
				<row>0.1 0.1 0.1 0.1 0.2 0.1 0.3 0.1 0.1 1 </row>
				<row>0.4 0.1 0.1 0.1 0.2 0.1 0.1 0.1 0.1 1 </row>
				<row>0.2 0.1 0.1 0.1 0.3 0.1 0.2 0.1 0.1 1 </row>
				<row>0.1 0.1 0.3 0.1 0.1 0.1 0.2 0.1 0.1 1 </row>
				<row>0.8 1 0.8 0.8 0.4 0.8 0.7 0.7 0.1 0 </row>
				<row>0.7 0.1 0.2 0.3 0.2 0.1 0.2 0.1 0.1 1 </row>
				<row>0.5 0.1 0.1 0.1 0.2 0.1 0.2 0.1 0.1 1 </row>
				<row>0.1 0.1 0.1 0.1 0.2 0.1 0.3 0.1 0.1 1 </row>
				<row>0.1 0.1 0.1 0.1 0.2 0.1 0.1 0.1 0.1 1 </row>
				<row>0.1 0.1 0.1 0.1 0.1 0.1 0.1 0.3 0.1 1 </row>
				<row>0.6 1 1 0.2 0.8 1 0.7 0.3 0.3 0 </row>
				<row>0.5 0.1 0.2 0.1 0.2 0.1 0.1 0.1 0.1 1 </row>
				<row>0.7 0.5 0.6 1 0.4 1 0.5 0.3 0.1 0 </row>
				<row>0.3 0.1 0.1 0.1 0.2 0.35 0.3 0.1 0.1 1 </row>
				<row>0.3 0.1 0.1 0.1 0.2 0.1 0.2 0.1 0.1 1 </row>
				<row>0.5 0.3 0.5 0.5 0.3 0.3 0.4 1 0.1 0 </row>
				<row>0.1 0.1 0.1 0.1 0.2 0.1 0.2 0.1 0.1 1 </row>
				<row>0.3 0.1 0.1 0.1 0.2 0.1 0.3 0.1 0.1 1 </row>
				<row>0.5 0.7 0.9 0.8 0.6 1 0.8 1 0.1 0 </row>
				<row>1 0.4 0.2 0.1 0.3 0.2 0.4 0.3 1 0 </row>
				<row>0.8 1 1 0.8 0.5 1 0.7 0.8 0.1 0 </row>
				<row>0.8 1 0.3 0.2 0.6 0.4 0.3 1 0.1 0 </row>
				<row>1 0.1 0.1 0.1 0.2 1 0.5 0.4 0.1 0 </row>
				<row>0.2 0.1 0.1 0.1 0.2 0.1 0.3 0.1 0.1 1 </row>
				<row>0.3 0.6 0.4 1 0.3 0.3 0.3 0.4 0.1 0 </row>
				<row>0.3 0.1 0.1 0.1 0.2 0.2 0.7 0.1 0.1 1 </row>
				<row>0.3 0.3 0.1 0.1 0.2 0.1 0.1 0.1 0.1 1 </row>
				<row>0.3 0.1 0.1 0.1 0.2 0.1 0.1 0.1 0.1 1 </row>
				<row>0.7 0.4 0.7 0.4 0.3 0.7 0.7 0.6 0.1 0 </row>
				<row>0.1 0.1 0.1 0.1 0.2 0.1 0.1 0.1 0.1 1 </row>
				<row>0.9 1 1 0.1 1 0.8 0.3 0.3 0.1 0 </row>
				<row>0.8 0.7 0.8 0.7 0.5 0.5 0.5 1 0.2 0 </row>
				<row>0.4 0.2 0.4 0.3 0.2 0.2 0.2 0.1 0.1 1 </row>
				<row>1 0.6 0.4 0.1 0.3 0.4 0.3 0.2 0.3 0 </row>
				<row>0.7 0.4 0.6 0.4 0.6 0.1 0.4 0.3 0.1 0 </row>
				<row>0.1 0.1 0.1 0.1 0.1 0.1 0.3 0.1 0.1 1 </row>
				<row>0.1 0.1 0.1 0.1 0.2 0.1 0.3 0.1 0.1 1 </row>
				<row>0.1 0.1 0.1 0.1 0.2 0.1 0.2 0.1 0.1 1 </row>
				<row>0.5 0.1 0.3 0.1 0.2 0.1 0.2 0.1 0.1 1 </row>
				<row>0.1 0.1 0.1 0.1 0.2 0.1 0.3 0.1 0.1 1 </row>
				<row>1 0.4 0.7 0.2 0.2 0.8 0.6 0.1 0.1 0 </row>
				<row>0.5 0.7 0.4 0.1 0.6 0.1 0.7 1 0.3 0 </row>
				<row>0.3 0.1 0.1 0.1 0.2 0.1 0.1 0.1 0.1 1 </row>
				<row>0.5 0.3 0.4 0.1 0.8 1 0.4 0.9 0.1 0 </row>
				<row>0.1 0.1 0.1 0.1 0.2 0.1 0.1 0.1 0.1 1 </row>
				<row>0.3 0.1 0.1 0.1 0.2 0.1 0.2 0.1 0.1 1 </row>
				<row>0.6 0.9 0.7 0.5 0.5 0.8 0.4 0.2 0.1 1 </row>
				<row>0.2 0.1 0.1 0.1 0.2 0.1 0.2 0.2 0.1 1 </row>
				<row>1 1 1 1 1 0.1 0.8 0.8 0.8 0 </row>
				<row>0.3 0.1 0.1 0.1 0.2 0.1 0.1 0.1 0.1 1 </row>
				<row>0.4 0.1 0.2 0.1 0.2 0.1 0.3 0.1 0.1 1 </row>
				<row>0.5 0.1 0.1 0.1 0.2 0.1 0.2 0.1 0.1 1 </row>
				<row>0.6 1 1 1 1 1 0.8 1 1 0 </row>
				<row>1 1 0.8 0.6 0.4 0.5 0.8 1 0.1 0 </row>
				<row>0.5 0.3 0.3 0.3 0.2 0.3 0.4 0.4 0.1 0 </row>
				<row>0.1 0.1 0.3 0.1 0.2 0.1 0.1 0.1 0.1 1 </row>
				<row>0.5 0.3 0.1 0.2 0.2 0.1 0.2 0.1 0.1 1 </row>
				<row>0.1 0.1 0.3 0.1 0.2 0.35 0.2 0.1 0.1 1 </row>
				<row>1 0.3 0.6 0.2 0.3 0.5 0.4 1 0.2 0 </row>
				<row>0.5 0.1 0.1 0.3 0.2 0.1 0.1 0.1 0.1 1 </row>
				<row>0.1 0.1 0.1 0.1 0.2 0.5 0.5 0.1 0.1 1 </row>
				<row>0.1 0.3 0.3 0.2 0.2 0.1 0.7 0.2 0.1 1 </row>
				<row>0.1 0.2 0.2 0.1 0.2 0.1 0.1 0.1 0.1 1 </row>
				<row>0.5 0.1 0.2 0.1 0.2 0.1 0.1 0.1 0.1 1 </row>
				<row>0.1 0.1 0.1 0.1 0.1 0.1 0.2 0.1 0.1 1 </row>
				<row>0.3 0.1 0.1 0.1 0.2 0.1 0.1 0.1 0.1 1 </row>
				<row>0.7 0.5 0.6 0.3 0.3 0.8 0.7 0.4 0.1 0 </row>
				<row>0.1 0.3 0.1 0.2 0.2 0.2 0.5 0.3 0.2 1 </row>
				<row>0.4 0.1 0.1 0.1 0.3 0.1 0.1 0.1 0.1 1 </row>
				<row>0.3 0.1 0.1 0.1 0.2 0.1 0.1 0.1 0.1 1 </row>
				<row>0.7 0.2 0.4 0.1 0.6 1 0.5 0.4 0.3 0 </row>
				<row>0.1 0.1 0.1 0.1 0.2 0.1 0.2 0.1 0.1 1 </row>
				<row>1 1 1 1 0.3 1 1 0.6 0.1 0 </row>
				<row>0.5 0.4 0.4 0.5 0.7 1 0.3 0.2 0.1 1 </row>
				<row>0.4 0.1 0.1 0.3 0.1 0.5 0.2 0.1 0.1 0 </row>
				<row>1 1 1 0.6 0.8 0.4 0.8 0.5 0.1 0 </row>
				<row>1 1 0.8 1 0.6 0.5 1 0.3 0.1 0 </row>
				<row>0.3 0.1 0.1 0.1 0.2 0.1 0.3 0.1 0.1 1 </row>
				<row>0.5 0.1 0.1 0.1 0.2 0.1 0.2 0.1 0.1 1 </row>
				<row>0.4 0.1 0.1 0.1 0.3 0.1 0.2 0.2 0.1 1 </row>
				<row>0.2 0.1 0.1 0.2 0.2 0.1 0.3 0.1 0.1 1 </row>
				<row>0.1 0.1 0.1 0.1 0.2 0.1 0.3 0.1 0.1 1 </row>
				<row>0.5 0.1 0.1 0.2 0.1 0.1 0.2 0.1 0.1 1 </row>
				<row>0.1 0.1 0.1 0.1 0.2 0.3 0.3 0.1 0.1 1 </row>
				<row>0.1 0.1 0.1 0.1 0.2 0.1 0.1 0.1 0.1 1 </row>
				<row>1 0.4 0.6 0.4 0.5 1 0.7 0.1 0.1 0 </row>
				<row>0.8 0.8 0.9 0.4 0.5 1 0.7 0.8 0.1 0 </row>
				<row>0.8 1 1 0.7 1 1 0.7 0.3 0.8 0 </row>
				<row>0.5 0.7 0.7 0.1 0.5 0.8 0.3 0.4 0.1 1 </row>
				<row>1 1 1 0.1 0.6 0.1 0.2 0.8 0.1 0 </row>
				<row>0.2 0.1 0.1 0.1 0.2 0.1 0.3 0.1 0.1 1 </row>
				<row>1 0.3 0.3 1 0.2 1 0.7 0.3 0.3 0 </row>
				<row>0.6 0.8 0.8 0.1 0.3 0.4 0.3 0.7 0.1 1 </row>
				<row>0.8 1 1 1 0.8 1 1 0.7 0.3 0 </row>
				<row>0.3 0.1 0.1 0.1 0.2 0.35 0.3 0.1 0.1 1 </row>
				<row>0.1 0.1 0.1 0.1 0.2 0.1 0.1 0.1 0.1 1 </row>
				<row>0.5 0.1 0.1 0.1 0.2 0.1 0.2 0.2 0.1 1 </row>
				<row>0.1 0.1 0.1 0.1 0.2 0.4 0.1 0.1 0.1 1 </row>
				<row>0.5 0.4 0.6 0.7 0.9 0.7 0.8 1 0.1 0 </row>
				<row>0.1 0.1 0.1 0.2 0.2 0.1 0.3 0.1 0.1 1 </row>
				<row>0.4 0.1 0.1 0.1 0.2 0.1 0.3 0.1 0.1 1 </row>
				<row>0.4 0.1 0.1 0.1 0.2 0.1 0.1 0.1 0.1 1 </row>
				<row>0.8 0.2 0.4 0.1 0.5 0.1 0.5 0.4 0.4 0 </row>
			</data>
		</training>
		<validation>
			<num_data>175</num_data>
			<num_cols>10</num_cols>
			<num_outputs>1</num_outputs>
			<num_classes>2</num_classes>
			<data_type>0</data_type>
			<list_separator></list_separator>
			<data>
				<row>0.1 0.2 0.3 0.1 0.2 0.1 0.1 0.1 0.1 1 </row>
				<row>1 0.7 0.7 0.6 0.4 1 0.4 0.1 0.2 0 </row>
				<row>0.1 0.1 0.1 0.1 0.2 0.1 0.3 0.1 0.1 1 </row>
				<row>0.5 0.3 0.2 0.1 0.3 0.1 0.1 0.1 0.1 1 </row>
				<row>1 1 1 1 1 1 0.4 1 1 0 </row>
				<row>0.1 0.1 0.1 0.1 0.2 0.2 0.1 0.1 0.1 1 </row>
				<row>0.5 0.1 0.2 0.1 0.2 0.1 0.2 0.1 0.1 1 </row>
				<row>0.4 0.4 0.4 0.2 0.2 0.3 0.2 0.1 0.1 1 </row>
				<row>0.6 0.2 0.3 0.1 0.2 0.1 0.1 0.1 0.1 1 </row>
				<row>0.8 0.4 1 0.5 0.4 0.4 0.7 1 0.1 0 </row>
				<row>0.1 0.2 0.3 0.1 0.2 0.1 0.3 0.1 0.1 1 </row>
				<row>0.3 0.2 0.2 0.1 0.2 0.1 0.2 0.3 0.1 1 </row>
				<row>1 0.5 0.7 0.4 0.4 1 0.8 0.9 0.1 0 </row>
				<row>0.6 0.3 0.3 0.3 0.3 0.2 0.6 0.1 0.1 1 </row>
				<row>0.1 0.1 0.1 0.1 0.2 0.1 0.1 0.1 0.1 1 </row>
				<row>1 1 1 0.8 0.6 0.8 0.7 1 0.1 0 </row>
				<row>0.1 0.1 0.1 0.1 0.2 0.5 0.1 0.1 0.1 1 </row>
				<row>1 0.5 1 0.3 0.5 0.8 0.7 0.8 0.3 0 </row>
				<row>0.1 0.1 0.1 0.1 0.1 0.1 0.1 0.1 0.1 1 </row>
				<row>0.8 0.9 0.9 0.5 0.3 0.5 0.7 0.7 0.1 0 </row>
				<row>0.1 0.1 0.1 0.1 0.2 0.1 0.1 0.1 0.1 1 </row>
				<row>0.5 0.1 0.1 0.1 0.2 0.1 0.2 0.1 0.1 1 </row>
				<row>0.3 0.3 0.5 0.2 0.3 1 0.7 0.1 0.1 0 </row>
				<row>0.1 0.2 0.1 0.3 0.2 0.1 0.2 0.1 0.1 1 </row>
				<row>0.4 0.1 0.3 0.3 0.2 0.1 0.1 0.1 0.1 1 </row>
				<row>0.4 0.1 0.1 0.1 0.2 0.3 0.1 0.1 0.1 1 </row>
				<row>0.7 0.5 1 1 1 1 0.4 1 0.3 0 </row>
				<row>0.2 0.1 0.1 0.1 0.2 0.1 0.2 0.1 0.1 1 </row>
				<row>0.3 0.2 0.2 0.2 0.2 0.1 0.3 0.2 0.1 1 </row>
				<row>0.3 0.1 0.1 0.1 0.1 0.1 0.2 0.1 0.1 1 </row>
				<row>0.5 0.3 0.1 0.1 0.2 0.1 0.1 0.1 0.1 1 </row>
				<row>0.8 0.8 0.9 0.6 0.6 0.3 1 1 0.1 0 </row>
				<row>0.3 0.1 0.1 0.1 0.2 0.1 0.2 0.2 0.1 1 </row>
				<row>1 0.5 0.5 0.6 0.3 1 0.7 0.9 0.2 0 </row>
				<row>0.4 0.1 0.1 0.1 0.2 0.1 0.3 0.6 0.1 1 </row>
				<row>1 0.4 0.5 0.4 0.3 0.5 0.7 0.3 0.1 0 </row>
				<row>0.5 0.3 0.5 0.1 0.8 1 0.5 0.3 0.1 0 </row>
				<row>0.1 0.1 0.1 0.1 0.2 0.1 0.3 0.1 0.1 1 </row>
				<row>0.7 0.8 0.8 0.7 0.3 1 0.7 0.2 0.3 0 </row>
				<row>0.2 0.1 0.1 0.1 0.2 0.5 0.1 0.1 0.1 1 </row>
				<row>0.6 0.6 0.6 0.9 0.6 0.35 0.7 0.8 0.1 1 </row>
				<row>0.4 0.5 0.5 0.8 0.6 1 1 0.7 0.1 0 </row>
				<row>0.1 0.1 0.1 0.1 0.2 0.1 0.2 0.1 0.1 1 </row>
				<row>0.3 0.1 0.1 0.1 0.2 0.1 0.2 0.1 0.1 1 </row>
				<row>1 1 1 0.3 1 1 0.9 1 0.1 0 </row>
				<row>0.8 1 0.5 0.3 0.8 0.4 0.4 1 0.3 0 </row>
				<row>0.5 0.1 0.3 0.1 0.2 0.1 0.2 0.1 0.1 1 </row>
				<row>0.5 0.4 0.4 0.9 0.2 1 0.5 0.6 0.1 0 </row>
				<row>0.5 0.5 0.5 0.2 0.5 1 0.4 0.3 0.1 0 </row>
				<row>0.3 0.1 0.1 0.1 0.3 0.2 0.1 0.1 0.1 1 </row>
				<row>1 0.7 0.7 0.3 0.8 0.5 0.7 0.4 0.3 0 </row>
				<row>0.4 0.8 0.7 1 0.4 1 0.7 0.5 0.1 0 </row>
				<row>0.5 0.1 0.1 0.1 0.2 0.1 0.1 0.1 0.1 1 </row>
				<row>0.3 0.4 0.5 0.3 0.7 0.3 0.4 0.6 0.1 1 </row>
				<row>0.6 0.1 0.1 0.3 0.2 0.1 0.1 0.1 0.1 1 </row>
				<row>0.1 0.1 0.1 0.1 0.2 0.1 0.3 0.1 0.1 1 </row>
				<row>0.3 0.1 0.1 0.1 0.2 0.1 0.2 0.1 0.1 1 </row>
				<row>0.3 0.1 0.1 0.1 0.2 0.4 0.1 0.1 0.1 1 </row>
				<row>0.5 0.4 0.6 0.6 0.4 1 0.4 0.3 0.1 0 </row>
				<row>0.4 0.1 0.1 0.1 0.2 0.1 0.2 0.1 0.1 1 </row>
				<row>0.5 0.1 0.2 0.1 0.2 0.1 0.3 0.1 0.1 1 </row>
				<row>0.3 0.2 0.1 0.1 0.2 0.1 0.2 0.2 0.1 1 </row>
				<row>0.1 0.1 0.1 0.1 0.2 0.1 0.1 0.1 0.1 1 </row>
				<row>0.4 0.8 0.6 0.4 0.3 0.4 1 0.6 0.1 0 </row>
				<row>0.5 0.2 0.2 0.2 0.3 0.1 0.1 0.3 0.1 1 </row>
				<row>1 0.6 0.6 0.2 0.4 1 0.9 0.7 0.1 0 </row>
				<row>0.3 0.2 0.2 0.1 0.4 0.3 0.2 0.1 0.1 1 </row>
				<row>0.6 1 0.2 0.8 1 0.2 0.7 0.8 1 0 </row>
				<row>1 0.4 0.4 1 0.2 1 0.5 0.3 0.3 0 </row>
				<row>0.1 0.1 0.1 0.3 0.2 0.1 0.1 0.1 0.1 1 </row>
				<row>0.1 0.1 0.1 0.1 0.1 0.1 0.1 0.1 0.1 1 </row>
				<row>0.3 0.1 0.1 0.1 0.2 0.1 0.2 0.1 0.1 1 </row>
				<row>0.1 0.1 0.1 0.1 0.2 0.1 0.2 0.1 0.1 1 </row>
				<row>0.1 0.1 0.1 0.1 0.2 0.1 0.1 0.1 0.1 1 </row>
				<row>1 0.4 0.3 1 0.3 1 0.7 0.1 0.2 0 </row>
				<row>0.1 0.1 0.1 0.1 0.2 0.1 0.3 0.1 0.1 1 </row>
				<row>0.3 0.1 0.1 0.3 0.2 0.1 0.2 0.1 0.1 1 </row>
				<row>0.1 0.1 0.1 0.1 0.2 0.1 0.1 0.1 0.1 1 </row>
				<row>0.5 0.1 0.1 0.1 0.2 0.1 0.1 0.1 0.1 1 </row>
				<row>0.4 0.1 0.4 0.1 0.2 0.1 0.1 0.1 0.1 1 </row>
				<row>0.8 0.8 0.7 0.4 1 1 0.7 0.8 0.7 0 </row>
				<row>0.1 0.1 0.2 0.1 0.3 0.35 0.1 0.1 0.1 1 </row>
				<row>0.5 0.1 0.1 0.1 0.2 0.1 0.3 0.1 0.1 1 </row>
				<row>0.6 0.1 0.1 0.1 0.2 0.1 0.3 0.1 0.1 1 </row>
				<row>0.6 0.3 0.4 0.1 0.5 0.2 0.3 0.9 0.1 0 </row>
				<row>0.4 0.1 0.1 0.3 0.2 0.1 0.3 0.1 0.1 1 </row>
				<row>0.2 0.1 0.1 0.1 0.2 0.1 0.1 0.1 0.1 1 </row>
				<row>0.5 0.1 0.1 0.1 0.2 0.1 0.3 0.1 0.1 1 </row>
				<row>0.5 0.8 0.7 0.7 1 1 0.5 0.7 0.1 0 </row>
				<row>0.6 0.1 0.3 0.2 0.2 0.1 0.1 0.1 0.1 1 </row>
				<row>0.1 0.1 0.1 0.1 0.4 0.3 0.1 0.1 0.1 1 </row>
				<row>0.2 0.1 0.3 0.2 0.2 0.1 0.2 0.1 0.1 1 </row>
				<row>0.5 0.3 0.2 0.4 0.2 0.1 0.1 0.1 0.1 1 </row>
				<row>0.6 0.1 0.3 0.1 0.4 0.5 0.5 1 0.1 0 </row>
				<row>0.4 0.1 0.1 0.1 0.2 0.1 0.3 0.1 0.1 1 </row>
				<row>0.2 0.1 0.1 0.1 0.2 0.1 0.2 0.1 0.1 1 </row>
				<row>0.1 0.1 0.1 0.1 0.2 0.1 0.3 0.1 0.1 1 </row>
				<row>0.2 0.1 0.1 0.1 0.2 0.1 0.3 0.1 0.1 1 </row>
				<row>0.7 0.6 1 0.5 0.3 1 0.9 1 0.2 0 </row>
				<row>0.2 0.1 0.1 0.1 0.2 0.1 0.1 0.1 0.1 1 </row>
				<row>0.8 1 1 0.8 0.6 0.9 0.3 1 1 0 </row>
				<row>0.1 0.1 0.1 0.3 0.1 0.3 0.1 0.1 0.1 1 </row>
				<row>0.3 0.1 0.1 0.1 0.2 0.1 0.1 0.1 0.1 1 </row>
				<row>0.1 0.1 0.1 0.1 0.2 0.1 0.2 0.1 0.1 1 </row>
				<row>1 0.4 0.6 0.1 0.2 1 0.5 0.3 0.1 0 </row>
				<row>0.1 0.1 0.1 0.1 0.1 0.1 0.3 0.1 0.1 1 </row>
				<row>0.6 0.1 0.1 0.1 0.1 0.1 0.1 0.1 0.1 1 </row>
				<row>0.1 0.1 0.1 0.1 0.3 0.2 0.2 0.1 0.1 1 </row>
				<row>0.4 0.1 0.1 0.3 0.2 0.1 0.3 0.1 0.1 1 </row>
				<row>0.3 0.1 0.1 0.1 0.2 0.1 0.3 0.1 0.1 1 </row>
				<row>0.1 0.1 0.1 0.1 0.1 0.1 0.1 0.1 0.1 1 </row>
				<row>0.5 0.1 0.1 0.1 0.2 0.1 0.3 0.1 0.1 1 </row>
				<row>0.2 0.1 0.1 0.1 0.2 0.1 0.2 0.1 0.1 1 </row>
				<row>1 0.3 0.3 0.1 0.2 1 0.7 0.6 0.1 0 </row>
				<row>0.1 0.1 0.1 0.1 0.2 0.1 0.2 0.1 0.1 1 </row>
				<row>0.5 0.2 0.3 0.1 0.6 1 0.5 0.1 0.1 0 </row>
				<row>0.4 0.7 0.8 0.3 0.4 1 0.9 0.1 0.1 0 </row>
				<row>0.3 0.2 0.1 0.2 0.2 0.1 0.3 0.1 0.1 1 </row>
				<row>0.1 0.1 0.1 0.1 0.2 0.1 0.3 0.1 0.1 1 </row>
				<row>0.3 0.1 0.1 0.1 0.2 0.1 0.3 0.1 0.1 1 </row>
				<row>0.1 0.1 0.1 0.1 0.2 0.1 0.3 0.2 0.1 1 </row>
				<row>0.1 0.1 0.1 0.1 0.2 0.1 0.2 0.1 0.1 1 </row>
				<row>0.2 0.1 0.1 0.1 0.2 0.1 0.2 0.1 0.1 1 </row>
				<row>0.4 0.2 0.1 0.1 0.2 0.1 0.2 0.1 0.1 1 </row>
				<row>0.5 0.2 0.2 0.2 0.2 0.2 0.3 0.2 0.2 1 </row>
				<row>0.4 0.1 0.1 0.2 0.2 0.1 0.1 0.1 0.1 1 </row>
				<row>0.5 0.3 0.4 0.3 0.4 0.5 0.4 0.7 0.1 1 </row>
				<row>0.4 0.1 0.1 0.2 0.2 0.1 0.2 0.1 0.1 1 </row>
				<row>0.3 0.1 0.2 0.1 0.2 0.1 0.3 0.1 0.1 1 </row>
				<row>0.7 0.3 0.2 1 0.5 1 0.5 0.4 0.4 0 </row>
				<row>0.4 0.1 0.1 0.1 0.2 0.1 0.3 0.2 0.1 1 </row>
				<row>0.1 0.1 0.1 0.1 0.1 0.1 0.1 0.1 0.1 1 </row>
				<row>0.7 0.5 0.3 0.7 0.4 1 0.7 0.5 0.5 0 </row>
				<row>0.1 0.1 0.1 0.1 0.2 0.1 0.1 0.1 0.1 1 </row>
				<row>0.8 0.7 0.5 1 0.7 0.9 0.5 0.5 0.4 0 </row>
				<row>0.5 0.1 0.2 0.1 0.2 0.1 0.3 0.1 0.1 1 </row>
				<row>0.3 0.1 0.1 0.1 0.1 0.1 0.2 0.1 0.1 1 </row>
				<row>0.3 0.1 0.1 0.1 0.2 0.1 0.2 0.1 0.1 1 </row>
				<row>0.5 0.3 0.3 0.4 0.2 0.4 0.3 0.4 0.1 0 </row>
				<row>1 0.6 0.6 0.3 0.4 0.5 0.3 0.6 0.1 0 </row>
				<row>0.2 0.1 0.1 0.1 0.2 0.1 0.3 0.1 0.1 1 </row>
				<row>0.1 0.1 0.1 0.1 0.1 0.1 0.3 0.1 0.1 1 </row>
				<row>0.5 1 1 0.5 0.4 0.5 0.4 0.4 0.1 0 </row>
				<row>0.4 0.1 0.1 0.1 0.2 0.1 0.3 0.1 0.1 1 </row>
				<row>0.4 0.1 0.1 0.1 0.2 0.1 0.1 0.2 0.1 1 </row>
				<row>0.4 0.1 0.1 0.1 0.2 0.1 0.1 0.1 0.1 1 </row>
				<row>0.3 0.1 0.1 0.1 0.2 0.1 0.2 0.1 0.1 1 </row>
				<row>0.6 0.1 0.1 0.1 0.2 0.1 0.3 0.1 0.1 1 </row>
				<row>0.8 0.4 0.7 0.1 0.3 1 0.3 0.9 0.2 0 </row>
				<row>0.8 1 1 1 0.7 0.5 0.4 0.8 0.7 0 </row>
				<row>1 0.6 0.4 0.3 1 1 0.9 1 0.1 0 </row>
				<row>1 0.8 0.7 0.4 0.3 1 0.7 0.9 0.1 0 </row>
				<row>1 0.8 1 0.1 0.3 1 0.5 0.1 0.1 0 </row>
				<row>0.8 0.7 0.6 0.4 0.4 1 0.5 0.1 0.1 0 </row>
				<row>0.8 0.2 0.3 0.1 0.6 0.3 0.7 0.1 0.1 0 </row>
				<row>0.1 0.1 0.1 0.1 0.2 0.1 0.1 0.1 0.1 1 </row>
				<row>0.5 0.1 0.1 0.1 0.2 0.1 0.1 0.1 0.1 1 </row>
				<row>0.1 0.1 0.1 0.1 0.1 0.1 0.2 0.1 0.1 1 </row>
				<row>0.4 0.1 0.1 0.1 0.2 0.1 0.1 0.1 0.1 1 </row>
				<row>0.5 0.1 0.3 0.3 0.2 0.2 0.2 0.3 0.1 1 </row>
				<row>1 1 1 1 0.7 1 0.7 1 0.4 0 </row>
				<row>0.4 0.1 0.2 0.1 0.2 0.1 0.2 0.1 0.1 1 </row>
				<row>0.1 0.5 0.8 0.6 0.5 0.8 0.7 1 0.1 0 </row>
				<row>0.4 0.1 0.1 0.1 0.1 0.1 0.2 0.1 0.1 1 </row>
				<row>0.1 0.1 0.1 0.1 0.2 0.1 0.1 0.1 0.1 1 </row>
				<row>0.5 0.5 0.7 0.8 0.6 1 0.7 0.4 0.1 0 </row>
				<row>0.1 0.1 0.1 0.1 0.1 0.1 0.2 0.1 0.1 1 </row>
				<row>0.4 0.1 0.1 0.1 0.2 0.1 0.3 0.1 0.1 1 </row>
				<row>0.4 0.1 0.1 0.1 0.2 0.1 0.3 0.1 0.1 1 </row>
				<row>0.1 0.1 0.1 0.1 0.2 0.5 0.1 0.1 0.1 1 </row>
				<row>1 0.9 0.7 0.3 0.4 0.2 0.7 0.7 0.1 0 </row>
				<row>0.2 0.1 0.1 0.1 0.2 0.1 0.3 0.1 0.1 1 </row>
				<row>0.5 0.8 0.9 0.4 0.3 1 0.7 0.1 0.1 0 </row>
				<row>0.1 0.1 0.1 0.3 0.2 0.3 0.1 0.1 0.1 1 </row>
				<row>0.4 0.1 0.1 0.1 0.2 0.1 0.1 0.1 0.1 1 </row>
			</data>
		</validation>
		<test>
			<num_data>174</num_data>
			<num_cols>10</num_cols>
			<num_outputs>1</num_outputs>
			<num_classes>2</num_classes>
			<data_type>0</data_type>
			<list_separator></list_separator>
			<data>
				<row>0.4 0.2 0.1 0.1 0.2 0.1 0.1 0.1 0.1 1 </row>
				<row>0.5 0.4 0.3 0.1 0.2 0.35 0.2 0.3 0.1 1 </row>
				<row>0.4 0.1 0.1 0.1 0.2 0.3 0.2 0.1 0.1 1 </row>
				<row>0.1 0.1 0.1 0.1 0.2 0.1 0.3 0.1 0.1 1 </row>
				<row>1 0.6 0.3 0.6 0.4 1 0.7 0.8 0.4 0 </row>
				<row>0.5 0.2 0.2 0.2 0.1 0.1 0.2 0.1 0.1 1 </row>
				<row>0.3 0.1 0.4 0.1 0.2 0.35 0.3 0.1 0.1 1 </row>
				<row>0.5 1 1 0.6 1 1 1 0.6 0.5 0 </row>
				<row>0.4 0.1 0.1 0.1 0.2 0.1 0.2 0.1 0.1 1 </row>
				<row>0.1 0.1 0.3 0.1 0.2 0.1 0.2 0.1 0.1 1 </row>
				<row>0.1 0.1 0.1 0.2 0.1 0.3 0.1 0.1 0.7 1 </row>
				<row>0.5 0.1 0.1 0.1 0.2 0.1 0.2 0.2 0.1 1 </row>
				<row>0.3 0.1 0.1 0.1 0.2 0.1 0.2 0.1 0.1 1 </row>
				<row>0.3 0.1 0.1 0.1 0.3 0.1 0.2 0.1 0.1 1 </row>
				<row>1 0.2 0.2 0.1 0.2 0.6 0.1 0.1 0.2 0 </row>
				<row>0.5 1 1 1 1 1 1 0.1 0.1 0 </row>
				<row>0.5 0.1 0.1 0.3 0.2 0.1 0.1 0.1 0.1 1 </row>
				<row>0.4 0.1 0.1 0.1 0.2 0.1 0.2 0.1 0.1 1 </row>
				<row>0.5 0.1 0.1 0.3 0.4 0.1 0.3 0.2 0.1 1 </row>
				<row>0.7 0.6 0.4 0.8 1 1 0.9 0.5 0.3 0 </row>
				<row>0.2 0.1 0.1 0.1 0.2 0.1 0.2 0.1 0.1 1 </row>
				<row>0.5 0.2 0.3 0.4 0.2 0.7 0.3 0.6 0.1 0 </row>
				<row>0.9 1 1 0.1 1 0.8 0.3 0.3 0.1 0 </row>
				<row>0.4 0.1 0.2 0.1 0.2 0.1 0.2 0.1 0.1 1 </row>
				<row>0.6 0.5 0.5 0.8 0.4 1 0.3 0.4 0.1 0 </row>
				<row>1 0.4 0.4 0.6 0.2 1 0.2 0.3 0.1 0 </row>
				<row>0.1 0.1 0.1 0.1 0.2 0.1 0.3 0.1 0.1 1 </row>
				<row>1 0.8 0.8 0.2 0.3 0.4 0.8 0.7 0.8 0 </row>
				<row>1 0.4 0.4 1 0.6 1 0.5 0.5 0.1 0 </row>
				<row>0.8 0.6 0.4 0.3 0.5 0.9 0.3 0.1 0.1 0 </row>
				<row>0.7 0.6 0.6 0.3 0.2 1 0.7 0.1 0.1 0 </row>
				<row>0.2 0.1 0.2 0.1 0.2 0.1 0.3 0.1 0.1 1 </row>
				<row>0.3 0.1 0.1 0.1 0.2 0.1 0.1 0.1 0.1 1 </row>
				<row>0.2 0.1 0.1 0.1 0.2 0.1 0.3 0.1 0.1 1 </row>
				<row>0.9 0.9 1 0.3 0.6 1 0.7 1 0.6 0 </row>
				<row>0.3 0.1 0.1 0.1 0.2 0.1 0.3 0.2 0.1 1 </row>
				<row>0.1 0.1 0.1 0.1 0.2 0.1 0.3 0.1 0.1 1 </row>
				<row>0.5 1 1 1 0.5 0.2 0.8 0.5 0.1 0 </row>
				<row>1 1 1 0.8 0.6 0.1 0.8 0.9 0.1 0 </row>
				<row>0.3 0.1 0.1 0.1 0.3 0.1 0.2 0.1 0.1 1 </row>
				<row>0.5 0.8 0.8 1 0.5 1 0.8 1 0.3 0 </row>
				<row>0.1 0.1 0.3 0.1 0.2 0.1 0.1 0.1 0.1 1 </row>
				<row>0.4 0.1 0.1 0.1 0.2 0.1 0.3 0.2 0.1 1 </row>
				<row>0.6 1 0.7 0.7 0.6 0.4 0.8 1 0.2 0 </row>
				<row>0.3 0.1 0.1 0.1 0.1 0.1 0.2 0.1 0.1 1 </row>
				<row>1 1 1 0.7 0.9 1 0.7 1 1 0 </row>
				<row>0.5 0.3 0.2 0.8 0.5 1 0.8 0.1 0.2 0 </row>
				<row>1 1 0.6 0.3 0.3 1 0.4 0.3 0.2 0 </row>
				<row>0.3 0.1 0.1 0.1 0.2 0.1 0.1 0.1 0.1 1 </row>
				<row>0.9 0.4 0.5 1 0.6 1 0.4 0.8 0.1 0 </row>
				<row>0.1 0.1 0.1 0.1 0.1 0.35 0.2 0.1 0.1 1 </row>
				<row>0.4 0.1 0.1 0.1 0.2 0.1 0.1 0.1 0.1 1 </row>
				<row>0.8 0.3 0.3 0.1 0.2 0.2 0.3 0.2 0.1 1 </row>
				<row>0.8 0.4 0.4 0.1 0.6 1 0.2 0.5 0.2 0 </row>
				<row>0.1 0.1 0.1 0.1 0.2 0.1 0.2 0.1 0.1 1 </row>
				<row>0.3 0.1 0.1 0.1 0.1 0.1 0.2 0.1 0.1 1 </row>
				<row>0.2 0.3 0.4 0.4 0.2 0.5 0.2 0.5 0.1 0 </row>
				<row>0.3 0.2 0.1 0.1 0.1 0.1 0.2 0.1 0.1 1 </row>
				<row>0.3 0.3 0.6 0.4 0.5 0.8 0.4 0.4 0.1 0 </row>
				<row>0.1 0.1 0.1 0.1 0.2 0.35 0.2 0.1 0.1 1 </row>
				<row>0.5 0.2 0.1 0.1 0.2 0.1 0.1 0.1 0.1 1 </row>
				<row>0.1 0.1 0.1 0.1 0.2 0.1 0.1 0.1 0.1 1 </row>
				<row>0.1 0.1 0.1 0.1 0.2 0.1 0.1 0.1 0.1 1 </row>
				<row>0.3 0.1 0.3 0.1 0.2 0.35 0.2 0.1 0.1 1 </row>
				<row>1 1 1 1 0.5 1 1 1 0.7 0 </row>
				<row>0.5 0.1 0.2 0.1 0.2 0.1 0.3 0.1 0.1 1 </row>
				<row>0.3 0.1 0.1 0.1 0.2 0.1 0.2 0.1 0.1 1 </row>
				<row>0.4 0.1 0.1 0.1 0.1 0.1 0.2 0.1 0.1 1 </row>
				<row>0.3 0.1 0.1 0.1 0.2 0.1 0.2 0.1 0.1 1 </row>
				<row>0.4 0.1 0.3 0.1 0.2 0.1 0.2 0.1 0.1 1 </row>
				<row>1 1 1 0.3 1 0.8 0.8 0.1 0.1 0 </row>
				<row>0.4 0.1 0.1 0.3 0.1 0.1 0.2 0.1 0.1 1 </row>
				<row>0.3 0.1 0.1 0.1 0.2 0.1 0.3 0.1 0.1 1 </row>
				<row>0.5 0.1 0.1 0.1 0.1 0.1 0.1 0.1 0.1 1 </row>
				<row>0.1 0.1 0.1 0.1 0.2 0.1 0.3 0.1 0.1 1 </row>
				<row>0.5 0.2 0.4 0.1 0.1 0.1 0.1 0.1 0.1 1 </row>
				<row>0.2 0.3 0.2 0.2 0.2 0.2 0.3 0.1 0.1 1 </row>
				<row>0.5 1 1 0.3 0.7 0.3 0.8 1 0.2 0 </row>
				<row>0.8 0.4 0.5 0.1 0.2 0.35 0.7 0.3 0.1 0 </row>
				<row>0.9 1 1 1 1 1 1 1 0.1 0 </row>
				<row>0.4 0.4 0.2 0.1 0.2 0.5 0.2 0.1 0.2 1 </row>
				<row>0.7 0.2 0.4 0.1 0.3 0.4 0.3 0.3 0.1 0 </row>
				<row>0.4 0.1 0.1 0.2 0.2 0.1 0.2 0.1 0.1 1 </row>
				<row>0.8 0.6 0.4 1 1 0.1 0.3 0.5 0.1 0 </row>
				<row>0.5 0.1 0.1 0.1 0.2 0.1 0.1 0.1 0.1 1 </row>
				<row>0.7 0.4 0.5 1 0.2 1 0.3 0.8 0.2 0 </row>
				<row>0.5 0.2 0.2 0.4 0.2 0.4 0.1 0.1 0.1 1 </row>
				<row>0.3 0.2 0.2 0.3 0.2 0.3 0.3 0.1 0.1 1 </row>
				<row>0.5 0.1 0.1 0.1 0.2 0.1 0.3 0.1 0.1 1 </row>
				<row>0.6 0.1 0.3 0.1 0.2 0.1 0.3 0.1 0.1 1 </row>
				<row>0.3 0.1 0.1 0.1 0.2 0.1 0.3 0.1 0.1 1 </row>
				<row>1 0.4 0.5 0.5 0.5 1 0.4 0.1 0.1 0 </row>
				<row>0.5 0.1 0.1 0.3 0.2 0.1 0.1 0.1 0.1 1 </row>
				<row>0.6 0.1 0.1 0.1 0.2 0.1 0.3 0.1 0.1 1 </row>
				<row>0.4 0.1 0.1 0.3 0.2 0.1 0.1 0.1 0.1 1 </row>
				<row>0.3 0.1 0.1 0.1 0.2 0.1 0.2 0.1 0.1 1 </row>
				<row>0.5 1 1 0.8 0.5 0.5 0.7 1 0.1 0 </row>
				<row>1 0.6 0.5 0.8 0.5 1 0.8 0.6 0.1 0 </row>
				<row>0.2 0.1 0.1 0.1 0.3 0.1 0.2 0.1 0.1 1 </row>
				<row>0.4 0.1 0.1 0.1 0.2 0.1 0.3 0.1 0.1 1 </row>
				<row>0.1 0.1 0.2 0.1 0.2 0.1 0.2 0.1 0.1 1 </row>
				<row>0.1 0.3 0.1 0.1 0.2 0.1 0.2 0.2 0.1 1 </row>
				<row>0.2 0.2 0.2 0.1 0.1 0.1 0.7 0.1 0.1 1 </row>
				<row>0.9 0.8 0.8 0.9 0.6 0.3 0.4 0.1 0.1 0 </row>
				<row>0.5 0.1 0.4 0.1 0.2 0.1 0.3 0.2 0.1 1 </row>
				<row>0.1 0.1 0.1 0.1 0.1 0.1 0.3 0.1 0.1 1 </row>
				<row>0.5 0.1 0.1 0.1 0.2 0.1 0.1 0.1 0.1 1 </row>
				<row>1 1 0.7 0.8 0.7 0.1 1 1 0.3 0 </row>
				<row>0.2 0.1 0.1 0.2 0.2 0.1 0.3 0.1 0.1 1 </row>
				<row>0.1 0.2 0.1 0.3 0.2 0.1 0.1 0.2 0.1 1 </row>
				<row>0.5 0.3 0.6 0.1 0.2 0.1 0.1 0.1 0.1 1 </row>
				<row>0.1 0.1 0.1 0.1 0.1 0.1 0.3 0.1 0.1 1 </row>
				<row>0.2 0.1 0.1 0.1 0.2 0.1 0.1 0.1 0.1 1 </row>
				<row>0.3 0.1 0.1 0.3 0.1 0.1 0.3 0.1 0.1 1 </row>
				<row>0.5 1 1 0.9 0.6 1 0.7 1 0.5 0 </row>
				<row>0.1 0.1 0.1 0.1 0.2 0.1 0.3 0.1 0.1 1 </row>
				<row>0.1 0.1 0.1 0.1 0.2 0.1 0.2 0.1 0.1 1 </row>
				<row>0.5 0.6 0.6 0.2 0.4 1 0.3 0.6 0.1 0 </row>
				<row>0.3 0.1 0.2 0.2 0.2 0.1 0.1 0.1 0.1 1 </row>
				<row>0.9 0.6 0.9 0.2 1 0.6 0.2 0.9 1 0 </row>
				<row>0.5 0.7 1 0.6 0.5 1 0.7 0.5 0.1 0 </row>
				<row>0.6 1 1 0.2 0.8 1 0.7 0.3 0.3 0 </row>
				<row>0.9 1 1 1 1 0.5 1 1 1 0 </row>
				<row>0.6 0.5 0.4 0.4 0.3 0.9 0.7 0.8 0.3 0 </row>
				<row>1 1 1 0.8 0.2 1 0.4 0.1 0.1 0 </row>
				<row>0.1 0.2 0.3 0.1 0.2 0.1 0.2 0.1 0.1 1 </row>
				<row>0.9 0.5 0.5 0.4 0.4 0.5 0.4 0.3 0.3 0 </row>
				<row>0.1 0.1 0.1 0.1 0.2 0.1 0.3 0.1 0.1 1 </row>
				<row>0.3 0.1 0.1 0.2 0.2 0.1 0.1 0.1 0.1 1 </row>
				<row>0.5 0.1 0.1 0.3 0.2 0.1 0.1 0.1 0.1 1 </row>
				<row>0.4 0.1 0.2 0.1 0.2 0.1 0.1 0.1 0.1 1 </row>
				<row>0.8 1 1 1 0.6 1 1 1 0.1 0 </row>
				<row>0.4 0.2 0.1 0.1 0.2 0.2 0.3 0.1 0.1 1 </row>
				<row>0.2 0.1 0.1 0.1 0.2 0.1 0.2 0.1 0.1 1 </row>
				<row>0.7 0.3 0.4 0.4 0.3 0.3 0.3 0.2 0.7 0 </row>
				<row>0.1 0.1 0.1 0.1 0.2 0.1 0.3 0.1 0.1 1 </row>
				<row>0.6 0.1 0.1 0.3 0.2 0.1 0.1 0.1 0.1 1 </row>
				<row>0.3 0.1 0.1 0.1 0.2 0.1 0.2 0.1 0.1 1 </row>
				<row>0.7 0.8 0.7 0.6 0.4 0.3 0.8 0.8 0.4 0 </row>
				<row>0.8 0.7 0.8 0.2 0.4 0.2 0.5 1 0.1 0 </row>
				<row>0.1 0.1 0.1 0.1 0.2 0.1 0.3 0.1 0.1 1 </row>
				<row>0.5 0.1 0.1 0.1 0.2 0.1 0.3 0.1 0.1 1 </row>
				<row>0.5 0.1 0.1 0.1 0.2 0.1 0.1 0.1 0.1 1 </row>
				<row>0.6 1 1 1 0.4 1 0.7 1 0.1 0 </row>
				<row>1 0.4 0.3 1 0.4 1 1 0.1 0.1 0 </row>
				<row>0.4 0.1 0.1 0.1 0.2 0.1 0.1 0.1 0.1 1 </row>
				<row>0.4 0.6 0.6 0.5 0.7 0.6 0.7 0.7 0.3 0 </row>
				<row>0.3 0.1 0.1 0.2 0.2 0.1 0.1 0.1 0.1 1 </row>
				<row>0.1 0.2 0.2 0.1 0.2 0.1 0.1 0.1 0.1 1 </row>
				<row>0.5 0.8 0.4 1 0.5 0.8 0.9 1 0.1 0 </row>
				<row>0.5 0.4 0.6 1 0.2 1 0.4 0.1 0.1 0 </row>
				<row>0.8 0.7 0.8 0.5 0.5 1 0.9 1 0.1 0 </row>
				<row>0.3 0.1 0.1 0.1 0.2 0.5 0.5 0.1 0.1 1 </row>
				<row>0.3 0.1 0.2 0.1 0.2 0.1 0.2 0.1 0.1 1 </row>
				<row>0.1 0.1 0.1 0.1 0.2 0.1 0.1 0.1 0.1 1 </row>
				<row>0.9 0.5 0.8 0.1 0.2 0.3 0.2 0.1 0.5 0 </row>
				<row>0.5 0.1 0.1 0.1 0.2 0.1 0.2 0.1 0.1 1 </row>
				<row>0.5 0.1 0.1 0.1 0.2 0.1 0.2 0.1 0.1 1 </row>
				<row>0.5 0.2 0.1 0.1 0.2 0.1 0.3 0.1 0.1 1 </row>
				<row>0.5 0.1 0.1 0.4 0.2 0.1 0.3 0.1 0.1 1 </row>
				<row>0.1 0.1 0.2 0.1 0.2 0.2 0.4 0.2 0.1 1 </row>
				<row>0.9 0.7 0.7 0.5 0.5 1 0.7 0.8 0.3 0 </row>
				<row>0.6 0.1 0.1 0.1 0.2 0.1 0.2 0.1 0.1 1 </row>
				<row>0.3 1 0.3 1 0.6 1 0.5 0.1 0.4 0 </row>
				<row>0.1 0.1 0.1 0.1 0.2 0.1 0.1 0.1 0.1 1 </row>
				<row>0.1 0.4 0.3 1 0.4 1 0.5 0.6 0.1 0 </row>
				<row>0.2 0.1 0.1 0.2 0.3 0.1 0.2 0.1 0.1 1 </row>
				<row>0.4 0.1 0.1 0.1 0.2 0.1 0.2 0.1 0.1 1 </row>
				<row>0.6 0.3 0.2 0.1 0.3 0.4 0.4 0.1 0.1 0 </row>
				<row>0.5 0.1 0.2 0.1 0.2 0.1 0.1 0.1 0.1 1 </row>
				<row>0.7 0.5 0.6 1 0.5 1 0.7 0.9 0.4 0 </row>
				<row>0.6 1 1 1 0.8 1 0.7 1 0.7 0 </row>
				<row>0.5 0.7 1 1 0.5 1 1 1 0.1 0 </row>
				<row>0.1 0.1 0.1 0.1 0.2 0.1 0.2 0.1 0.1 1 </row>
			</data>
		</test>
		<variables_utilization>1 1 1 1 1 1 1 1 1 </variables_utilization>
		<parameters>
			<mutation_probability>0.01</mutation_probability>
			<crossover_probability>0.9</crossover_probability>
			<crossover_type>0</crossover_type>
			<chromosome_length>100</chromosome_length>
			<subpopulation_size>10</subpopulation_size>
			<num_subpopulations>4</num_subpopulations>
			<tournament_size>2</tournament_size>
			<number_of_generations>50</number_of_generations>
			<problem_type>1</problem_type>
			<random_seed>0</random_seed>
			<operators_probability>0.5</operators_probability>
			<variables_probability>0.4</variables_probability>
			<constants_probability>0.1</constants_probability>
			<num_runs>10</num_runs>
			<use_validation_data>1</use_validation_data>
			<simplified>1</simplified>
			<num_threads>1</num_threads>
			<random_subset_selection_size>350</random_subset_selection_size>
			<error_measure>2</error_measure>
			<num_generations_for_which_random_subset_is_kept_fixed>1</num_generations_for_which_random_subset_is_kept_fixed>
		</parameters>
		<constants>
			<type>1</type>
			<num_automatic_constants>5</num_automatic_constants>
			<min_interval>0</min_interval>
			<max_interval>1</max_interval>
			<evolve>1</evolve>
			<stddev>0.1</stddev>
			<num_user_defined_constants>0</num_user_defined_constants>
		</constants>
		<operators>
			<use_addition>1</use_addition>
			<use_subtraction>1</use_subtraction>
			<use_multiplication>1</use_multiplication>
			<use_division>1</use_division>
			<use_power>1</use_power>
			<use_sqrt>1</use_sqrt>
			<use_exp>1</use_exp>
			<use_pow10>1</use_pow10>
			<use_ln>1</use_ln>
			<use_log10>1</use_log10>
			<use_log2>1</use_log2>
			<use_floor>0</use_floor>
			<use_ceil>0</use_ceil>
			<use_abs>0</use_abs>
			<use_inv>0</use_inv>
			<use_neg>0</use_neg>
			<use_x2>0</use_x2>
			<use_min>0</use_min>
			<use_max>0</use_max>
			<use_not>0</use_not>
			<use_and>0</use_and>
			<use_or>0</use_or>
			<use_xor>0</use_xor>
			<use_nand>0</use_nand>
			<use_nor>0</use_nor>
			<use_sin>0</use_sin>
			<use_cos>0</use_cos>
			<use_tan>0</use_tan>
			<use_asin>0</use_asin>
			<use_acos>0</use_acos>
			<use_atan>0</use_atan>
			<use_iflz>1</use_iflz>
			<use_ifalbcd>1</use_ifalbcd>
			<use_if_a_or_b_cd>0</use_if_a_or_b_cd>
			<use_if_a_xor_b_cd>0</use_if_a_xor_b_cd>
			<use_num_inputs>0</use_num_inputs>
			<use_inputs_average>0</use_inputs_average>
		</operators>
		<results>
			<run>
				<running_time>1.91646</running_time>
				<best_training_error>5.42857 5.14286 5.14286 4.57143 4.57143 4.57143 4.57143 4 3.71429 3.71429 3.71429 3.71429 3.71429 3.71429 3.71429 3.71429 3.71429 3.71429 3.71429 3.71429 3.71429 3.71429 3.71429 3.71429 3.71429 3.71429 3.71429 3.71429 3.71429 3.71429 3.71429 3.71429 3.71429 3.71429 3.71429 3.71429 3.71429 3.71429 3.71429 3.71429 3.71429 3.71429 3.71429 3.71429 3.71429 3.71429 3.71429 3.71429 3.71429 3.71429 </best_training_error>
				<average_training_error>9.3 6.87143 6.19286 5.75 5.53571 5.34286 5.11429 4.82857 4.55 4.27857 4.2 4.1 3.97857 3.87143 3.84286 3.79286 3.77857 3.76429 3.73571 3.71429 3.71429 3.71429 3.71429 3.71429 3.71429 3.71429 3.71429 3.71429 3.71429 3.71429 3.71429 3.71429 3.71429 3.71429 3.71429 3.71429 3.71429 3.71429 3.71429 3.71429 3.71429 3.71429 3.71429 3.71429 3.71429 3.71429 3.71429 3.71429 3.71429 3.71429 </average_training_error>
				<best_validation_error>3.42857</best_validation_error>
				<test_error>2.87356</test_error>
				<best_training_num_incorrect>5.428571 5.142857 5.142857 4.571429 4.571429 4.571429 4.571429 4.000000 3.714286 3.714286 3.714286 3.714286 3.714286 3.714286 3.714286 3.714286 3.714286 3.714286 3.714286 3.714286 3.714286 3.714286 3.714286 3.714286 3.714286 3.714286 3.714286 3.714286 3.714286 3.714286 3.714286 3.714286 3.714286 3.714286 3.714286 3.714286 3.714286 3.714286 3.714286 3.714286 3.714286 3.714286 3.714286 3.714286 3.714286 3.714286 3.714286 3.714286 3.714286 3.714286 </best_training_num_incorrect>
				<average_training_num_incorrect>6.000000 5.571429 5.571429 5.142857 4.857143 4.714286 4.714286 4.428571 4.071429 3.857143 3.857143 3.857143 3.857143 3.785714 3.785714 3.714286 3.714286 3.714286 3.714286 3.714286 3.714286 3.714286 3.714286 3.714286 3.714286 3.714286 3.714286 3.714286 3.714286 3.714286 3.714286 3.714286 3.714286 3.714286 3.714286 3.714286 3.714286 3.714286 3.714286 3.714286 3.714286 3.714286 3.714286 3.714286 3.714286 3.714286 3.714286 3.714286 3.714286 3.714286 </average_training_num_incorrect>
				<best_validation_num_incorrect>3.42857</best_validation_num_incorrect>
				<test_num_incorrect>2.87356</test_num_incorrect>
				<last_generation>49</last_generation>
				<num_generations>50</num_generations>
				<program>
					<code_length>100</code_length>
					<num_variables>9</num_variables>
					<num_outputs>1</num_outputs>
					<code>
						<i>5</i>
						<i>-11 0 0 0 0</i>
						<i>11</i>
						<i>-7 1 2 0 2</i>
						<i>-7 3 2 1 3</i>
						<i>-11 3 4 3 3</i>
						<i>-25 4 2 4 1</i>
						<i>1</i>
						<i>-1 0 7 1 5</i>
						<i>3</i>
						<i>6</i>
						<i>5</i>
						<i>8</i>
						<i>7</i>
						<i>-6 2 10 11 2</i>
						<i>3</i>
						<i>-6 14 5 8 3</i>
						<i>8</i>
						<i>-7 9 10 4 0</i>
						<i>-26 15 7 12 17</i>
						<i>0</i>
						<i>13</i>
						<i>9</i>
						<i>-3 19 3 21 19</i>
						<i>5</i>
						<i>2</i>
						<i>-7 1 5 15 17</i>
						<i>-25 0 13 1 20</i>
						<i>-25 25 18 12 10</i>
						<i>4</i>
						<i>-5 26 22 11 22</i>
						<i>8</i>
						<i>-8 16 20 8 6</i>
						<i>8</i>
						<i>5</i>
						<i>-4 12 14 3 21</i>
						<i>7</i>
						<i>-7 27 24 14 22</i>
						<i>2</i>
						<i>-6 14 13 38 15</i>
						<i>-11 23 12 21 27</i>
						<i>-10 20 40 36 26</i>
						<i>11</i>
						<i>-3 7 30 6 33</i>
						<i>3</i>
						<i>0</i>
						<i>1</i>
						<i>6</i>
						<i>-25 21 33 1 10</i>
						<i>-4 32 21 7 6</i>
						<i>-2 37 36 5 4</i>
						<i>0</i>
						<i>-8 36 29 33 18</i>
						<i>-25 48 24 8 30</i>
						<i>4</i>
						<i>-7 40 13 20 50</i>
						<i>8</i>
						<i>-25 21 1 31 19</i>
						<i>-6 33 52 10 56</i>
						<i>-25 28 32 7 8</i>
						<i>-4 35 35 58 40</i>
						<i>-5 46 40 40 54</i>
						<i>-5 11 2 6 44</i>
						<i>8</i>
						<i>-2 22 31 22 18</i>
						<i>6</i>
						<i>2</i>
						<i>2</i>
						<i>0</i>
						<i>-8 66 38 64 34</i>
						<i>13</i>
						<i>5</i>
						<i>-6 70 20 4 34</i>
						<i>-4 2 16 24 55</i>
						<i>-25 67 31 6 61</i>
						<i>3</i>
						<i>8</i>
						<i>0</i>
						<i>-7 9 38 59 5</i>
						<i>8</i>
						<i>0</i>
						<i>8</i>
						<i>-10 73 46 69 28</i>
						<i>1</i>
						<i>1</i>
						<i>-2 2 27 39 26</i>
						<i>8</i>
						<i>7</i>
						<i>13</i>
						<i>-3 57 41 68 10</i>
						<i>3</i>
						<i>2</i>
						<i>3</i>
						<i>0</i>
						<i>8</i>
						<i>-5 14 22 43 13</i>
						<i>11</i>
						<i>2</i>
						<i>12</i>
						<i>-11 15 72 70 18</i>
					</code>
					<best_genes>61 </best_genes>
					<max_index_best_genes>61</max_index_best_genes>
					<error>4.57143</error>
					<num_incorrectly_classified>4.571429</num_incorrectly_classified>
					<binary_classification_threshold>443.16</binary_classification_threshold>
					<num_constants>5</num_constants>
					<constants>0.625161 0.990802 0.0491467 0.480095 0.38295 </constants>
				</program>
			</run>
			<run>
				<running_time>1.78424</running_time>
				<best_training_error>5.71429 5.71429 5.42857 5.42857 5.42857 5.42857 5.42857 5.42857 5.42857 4.28571 4.28571 4.28571 4.28571 3.42857 3.42857 3.42857 3.42857 3.42857 3.42857 3.42857 3.42857 3.42857 3.42857 3.42857 3.42857 3.42857 3.42857 3.42857 3.42857 3.42857 3.42857 3.42857 3.42857 3.42857 3.42857 3.42857 3.42857 3.42857 3.42857 3.42857 3.42857 3.42857 3.42857 3.42857 3.42857 3.42857 3.42857 3.42857 3.42857 3.42857 </best_training_error>
				<average_training_error>9.95714 8.35714 7.04286 6.22143 5.68571 5.52143 5.42857 5.42857 5.42857 5.4 5.4 5.37143 5.31429 5.08571 4.94286 4.67857 4.34286 3.97143 3.80714 3.68571 3.58571 3.52143 3.42857 3.42857 3.42857 3.42857 3.42857 3.42857 3.42857 3.42857 3.42857 3.42857 3.42857 3.42857 3.42857 3.42857 3.42857 3.42857 3.42857 3.42857 3.42857 3.42857 3.42857 3.42857 3.42857 3.42857 3.42857 3.42857 3.42857 3.42857 </average_training_error>
				<best_validation_error>2.85714</best_validation_error>
				<test_error>2.87356</test_error>
				<best_training_num_incorrect>5.714286 5.714286 5.428571 5.428571 5.428571 5.428571 5.428571 5.428571 5.428571 4.285714 4.285714 4.285714 4.285714 3.428571 3.428571 3.428571 3.428571 3.428571 3.428571 3.428571 3.428571 3.428571 3.428571 3.428571 3.428571 3.428571 3.428571 3.428571 3.428571 3.428571 3.428571 3.428571 3.428571 3.428571 3.428571 3.428571 3.428571 3.428571 3.428571 3.428571 3.428571 3.428571 3.428571 3.428571 3.428571 3.428571 3.428571 3.428571 3.428571 3.428571 </best_training_num_incorrect>
				<average_training_num_incorrect>6.428571 6.000000 5.642857 5.428571 5.428571 5.428571 5.428571 5.428571 5.428571 5.142857 5.142857 5.142857 5.142857 4.357143 3.928571 3.785714 3.714286 3.642857 3.428571 3.428571 3.428571 3.428571 3.428571 3.428571 3.428571 3.428571 3.428571 3.428571 3.428571 3.428571 3.428571 3.428571 3.428571 3.428571 3.428571 3.428571 3.428571 3.428571 3.428571 3.428571 3.428571 3.428571 3.428571 3.428571 3.428571 3.428571 3.428571 3.428571 3.428571 3.428571 </average_training_num_incorrect>
				<best_validation_num_incorrect>2.85714</best_validation_num_incorrect>
				<test_num_incorrect>2.87356</test_num_incorrect>
				<last_generation>49</last_generation>
				<num_generations>50</num_generations>
				<program>
					<code_length>100</code_length>
					<num_variables>9</num_variables>
					<num_outputs>1</num_outputs>
					<code>
						<i>2</i>
						<i>-9 0 0 0 0</i>
						<i>-2 0 1 0 0</i>
						<i>-6 0 2 2 1</i>
						<i>13</i>
						<i>1</i>
						<i>4</i>
						<i>-2 1 4 3 6</i>
						<i>-6 3 6 4 2</i>
						<i>2</i>
						<i>13</i>
						<i>1</i>
						<i>4</i>
						<i>-7 3 4 6 11</i>
						<i>13</i>
						<i>-5 0 5 10 2</i>
						<i>-1 6 12 0 14</i>
						<i>0</i>
						<i>13</i>
						<i>-2 8 1 18 18</i>
						<i>-2 19 4 19 16</i>
						<i>5</i>
						<i>5</i>
						<i>-9 9 3 15 6</i>
						<i>12</i>
						<i>6</i>
						<i>4</i>
						<i>-2 2 22 6 1</i>
						<i>6</i>
						<i>-7 10 15 22 25</i>
						<i>13</i>
						<i>0</i>
						<i>13</i>
						<i>5</i>
						<i>5</i>
						<i>-3 4 16 4 27</i>
						<i>-6 19 1 18 16</i>
						<i>1</i>
						<i>3</i>
						<i>-2 19 15 15 21</i>
						<i>-25 39 6 4 16</i>
						<i>-10 25 26 13 12</i>
						<i>3</i>
						<i>1</i>
						<i>0</i>
						<i>-25 39 25 4 13</i>
						<i>13</i>
						<i>-25 28 18 24 22</i>
						<i>5</i>
						<i>3</i>
						<i>10</i>
						<i>-9 44 1 49 39</i>
						<i>-2 9 28 14 6</i>
						<i>7</i>
						<i>9</i>
						<i>4</i>
						<i>5</i>
						<i>1</i>
						<i>1</i>
						<i>-2 12 14 25 51</i>
						<i>8</i>
						<i>-25 5 15 15 38</i>
						<i>-8 45 46 41 7</i>
						<i>-7 20 29 52 49</i>
						<i>2</i>
						<i>3</i>
						<i>2</i>
						<i>1</i>
						<i>-4 22 7 48 50</i>
						<i>0</i>
						<i>7</i>
						<i>3</i>
						<i>-4 2 54 27 25</i>
						<i>-25 10 65 27 12</i>
						<i>7</i>
						<i>-9 72 42 60 49</i>
						<i>-25 42 49 75 10</i>
						<i>-3 59 47 45 0</i>
						<i>-26 73 26 54 6</i>
						<i>-3 2 75 39 42</i>
						<i>8</i>
						<i>7</i>
						<i>5</i>
						<i>1</i>
						<i>-6 70 70 59 24</i>
						<i>12</i>
						<i>4</i>
						<i>-11 26 49 69 30</i>
						<i>5</i>
						<i>-4 55 20 78 64</i>
						<i>-26 58 78 78 9</i>
						<i>8</i>
						<i>-25 64 23 49 79</i>
						<i>-11 45 88 79 49</i>
						<i>2</i>
						<i>5</i>
						<i>3</i>
						<i>6</i>
						<i>-2 73 81 89 58</i>
						<i>1</i>
					</code>
					<best_genes>98 </best_genes>
					<max_index_best_genes>98</max_index_best_genes>
					<error>3.42857</error>
					<num_incorrectly_classified>3.428571</num_incorrectly_classified>
					<binary_classification_threshold>1.00259</binary_classification_threshold>
					<num_constants>5</num_constants>
					<constants>0.197871 0.820575 0.869059 0.918745 0.16919 </constants>
				</program>
			</run>
			<run>
				<running_time>1.82849</running_time>
				<best_training_error>4.85714 4.85714 4.85714 4.85714 4.57143 4.57143 4.57143 4.57143 4.57143 4 4 4 4 4 4 4 3.71429 3.71429 3.71429 3.71429 3.71429 3.71429 3.71429 3.71429 3.71429 3.71429 3.71429 3.71429 3.71429 3.71429 3.71429 3.71429 3.71429 3.71429 3.71429 3.71429 3.71429 3.71429 3.71429 3.71429 3.71429 3.71429 3.71429 3.71429 3.71429 3.71429 3.71429 3.71429 3.71429 3.42857 </best_training_error>
				<average_training_error>9.37857 7.16429 6.55714 5.92857 5.53571 5.17857 5 4.86429 4.69286 4.66429 4.61429 4.52143 4.41429 4.38571 4.35714 4.26429 4.17143 4.08571 3.99286 3.89286 3.85714 3.84286 3.8 3.75 3.71429 3.71429 3.71429 3.71429 3.71429 3.71429 3.71429 3.71429 3.71429 3.71429 3.71429 3.71429 3.71429 3.71429 3.71429 3.71429 3.71429 3.71429 3.71429 3.71429 3.71429 3.71429 3.71429 3.71429 3.71429 3.7 </average_training_error>
				<best_validation_error>2.85714</best_validation_error>
				<test_error>1.72414</test_error>
				<best_training_num_incorrect>4.857143 4.857143 4.857143 4.857143 4.571429 4.571429 4.571429 4.571429 4.571429 4.000000 4.000000 4.000000 4.000000 4.000000 4.000000 4.000000 3.714286 3.714286 3.714286 3.714286 3.714286 3.714286 3.714286 3.714286 3.714286 3.714286 3.714286 3.714286 3.714286 3.714286 3.714286 3.714286 3.714286 3.714286 3.714286 3.714286 3.714286 3.714286 3.714286 3.714286 3.714286 3.714286 3.714286 3.714286 3.714286 3.714286 3.714286 3.714286 3.714286 3.428571 </best_training_num_incorrect>
				<average_training_num_incorrect>5.714286 5.500000 5.428571 5.285714 5.071429 4.714286 4.714286 4.642857 4.571429 4.428571 4.428571 4.285714 4.142857 4.142857 4.142857 4.142857 3.857143 3.857143 3.857143 3.857143 3.785714 3.785714 3.714286 3.714286 3.714286 3.714286 3.714286 3.714286 3.714286 3.714286 3.714286 3.714286 3.714286 3.714286 3.714286 3.714286 3.714286 3.714286 3.714286 3.714286 3.714286 3.714286 3.714286 3.714286 3.714286 3.714286 3.714286 3.714286 3.714286 3.642857 </average_training_num_incorrect>
				<best_validation_num_incorrect>2.85714</best_validation_num_incorrect>
				<test_num_incorrect>1.72414</test_num_incorrect>
				<last_generation>49</last_generation>
				<num_generations>50</num_generations>
				<program>
					<code_length>100</code_length>
					<num_variables>9</num_variables>
					<num_outputs>1</num_outputs>
					<code>
						<i>2</i>
						<i>0</i>
						<i>1</i>
						<i>-1 2 0 2 1</i>
						<i>8</i>
						<i>7</i>
						<i>-1 3 0 4 2</i>
						<i>5</i>
						<i>-11 3 3 3 5</i>
						<i>8</i>
						<i>2</i>
						<i>1</i>
						<i>5</i>
						<i>-9 12 0 12 12</i>
						<i>0</i>
						<i>3</i>
						<i>-5 9 9 0 1</i>
						<i>8</i>
						<i>3</i>
						<i>1</i>
						<i>7</i>
						<i>-6 11 2 16 2</i>
						<i>-8 21 14 4 17</i>
						<i>5</i>
						<i>-10 9 0 20 7</i>
						<i>-5 3 13 20 4</i>
						<i>6</i>
						<i>5</i>
						<i>8</i>
						<i>0</i>
						<i>5</i>
						<i>-5 22 23 12 30</i>
						<i>1</i>
						<i>-6 9 2 16 17</i>
						<i>9</i>
						<i>-7 17 12 24 9</i>
						<i>-25 35 34 2 14</i>
						<i>11</i>
						<i>-25 19 8 2 9</i>
						<i>11</i>
						<i>7</i>
						<i>2</i>
						<i>8</i>
						<i>-1 9 31 12 28</i>
						<i>8</i>
						<i>6</i>
						<i>3</i>
						<i>5</i>
						<i>2</i>
						<i>8</i>
						<i>-26 15 43 20 23</i>
						<i>9</i>
						<i>1</i>
						<i>-25 44 30 21 10</i>
						<i>3</i>
						<i>-9 48 15 11 36</i>
						<i>5</i>
						<i>0</i>
						<i>-25 42 47 19 4</i>
						<i>2</i>
						<i>-2 53 22 48 4</i>
						<i>-2 25 58 28 29</i>
						<i>1</i>
						<i>-2 43 52 6 7</i>
						<i>-5 44 7 10 19</i>
						<i>12</i>
						<i>-5 27 7 38 60</i>
						<i>-7 46 27 13 8</i>
						<i>-7 34 1 0 64</i>
						<i>9</i>
						<i>12</i>
						<i>-2 48 32 59 30</i>
						<i>-11 45 43 8 28</i>
						<i>-26 69 35 22 42</i>
						<i>3</i>
						<i>-3 59 36 61 23</i>
						<i>-2 71 34 27 6</i>
						<i>-6 5 4 55 15</i>
						<i>8</i>
						<i>-26 64 15 69 40</i>
						<i>11</i>
						<i>3</i>
						<i>-3 36 2 80 55</i>
						<i>-3 32 8 78 2</i>
						<i>-11 47 78 76 9</i>
						<i>3</i>
						<i>4</i>
						<i>1</i>
						<i>5</i>
						<i>0</i>
						<i>4</i>
						<i>-10 85 33 63 24</i>
						<i>-5 68 73 69 91</i>
						<i>-25 22 20 92 62</i>
						<i>7</i>
						<i>13</i>
						<i>-10 18 17 62 30</i>
						<i>5</i>
						<i>0</i>
						<i>1</i>
					</code>
					<best_genes>61 </best_genes>
					<max_index_best_genes>61</max_index_best_genes>
					<error>3.71429</error>
					<num_incorrectly_classified>3.714286</num_incorrectly_classified>
					<binary_classification_threshold>1.87537</binary_classification_threshold>
					<num_constants>5</num_constants>
					<constants>0.509494 0.526398 0.221157 0.736342 0.433871 </constants>
				</program>
			</run>
			<run>
				<running_time>2.11222</running_time>
				<best_training_error>5.71429 5.42857 5.42857 5.42857 5.42857 5.14286 5.14286 5.14286 5.14286 4.85714 4.85714 4.85714 4.85714 4.57143 4.57143 4.28571 4.28571 4.28571 4.28571 4.28571 4.28571 4.28571 4.28571 4.28571 4.28571 4 4 4 4 4 4 4 4 4 4 4 4 4 4 4 3.71429 3.71429 3.71429 3.71429 3.71429 3.71429 3.71429 3.71429 3.71429 3.71429 </best_training_error>
				<average_training_error>9.90714 7.71429 6.93571 6.22143 5.70714 5.6 5.55714 5.45714 5.40714 5.29286 5.19286 5.12143 5.07143 4.96429 4.92143 4.83571 4.77143 4.64286 4.55 4.44286 4.40714 4.36429 4.3 4.28571 4.28571 4.27857 4.27143 4.27143 4.25 4.20714 4.19286 4.16429 4.08571 4.05714 4.00714 4 4 4 4 4 3.99286 3.96429 3.92857 3.90714 3.85714 3.82857 3.79286 3.76429 3.72143 3.71429 </average_training_error>
				<best_validation_error>2.28571</best_validation_error>
				<test_error>2.29885</test_error>
				<best_training_num_incorrect>5.714286 5.428571 5.428571 5.428571 5.428571 5.142857 5.142857 5.142857 5.142857 4.857143 4.857143 4.857143 4.857143 4.571429 4.571429 4.285714 4.285714 4.285714 4.285714 4.285714 4.285714 4.285714 4.285714 4.285714 4.285714 4.000000 4.000000 4.000000 4.000000 4.000000 4.000000 4.000000 4.000000 4.000000 4.000000 4.000000 4.000000 4.000000 4.000000 4.000000 3.714286 3.714286 3.714286 3.714286 3.714286 3.714286 3.714286 3.714286 3.714286 3.714286 </best_training_num_incorrect>
				<average_training_num_incorrect>6.357143 6.142857 5.714286 5.642857 5.500000 5.285714 5.285714 5.285714 5.285714 5.071429 5.000000 5.000000 4.857143 4.785714 4.785714 4.642857 4.428571 4.428571 4.428571 4.357143 4.285714 4.285714 4.285714 4.285714 4.285714 4.214286 4.214286 4.214286 4.214286 4.071429 4.071429 4.071429 4.000000 4.000000 4.000000 4.000000 4.000000 4.000000 4.000000 4.000000 3.928571 3.928571 3.857143 3.857143 3.785714 3.785714 3.714286 3.714286 3.714286 3.714286 </average_training_num_incorrect>
				<best_validation_num_incorrect>2.28571</best_validation_num_incorrect>
				<test_num_incorrect>2.29885</test_num_incorrect>
				<last_generation>49</last_generation>
				<num_generations>50</num_generations>
				<program>
					<code_length>100</code_length>
					<num_variables>9</num_variables>
					<num_outputs>1</num_outputs>
					<code>
						<i>0</i>
						<i>-9 0 0 0 0</i>
						<i>5</i>
						<i>10</i>
						<i>7</i>
						<i>0</i>
						<i>5</i>
						<i>-5 0 6 4 6</i>
						<i>-1 0 5 0 3</i>
						<i>9</i>
						<i>-8 3 1 8 9</i>
						<i>-4 7 5 6 4</i>
						<i>7</i>
						<i>-8 2 8 7 0</i>
						<i>3</i>
						<i>-7 11 9 7 2</i>
						<i>3</i>
						<i>-25 10 9 15 11</i>
						<i>1</i>
						<i>1</i>
						<i>2</i>
						<i>-8 8 7 7 16</i>
						<i>-11 19 20 1 15</i>
						<i>8</i>
						<i>2</i>
						<i>-3 17 7 2 7</i>
						<i>-7 22 20 10 13</i>
						<i>6</i>
						<i>8</i>
						<i>0</i>
						<i>7</i>
						<i>1</i>
						<i>-5 24 22 16 30</i>
						<i>-7 10 20 15 21</i>
						<i>0</i>
						<i>0</i>
						<i>4</i>
						<i>12</i>
						<i>-11 31 24 7 21</i>
						<i>-10 9 11 15 37</i>
						<i>7</i>
						<i>-2 1 22 17 11</i>
						<i>3</i>
						<i>3</i>
						<i>-11 17 13 35 25</i>
						<i>-8 27 23 19 20</i>
						<i>-2 25 2 25 17</i>
						<i>5</i>
						<i>2</i>
						<i>-2 36 32 26 11</i>
						<i>8</i>
						<i>-3 1 41 9 13</i>
						<i>11</i>
						<i>-4 34 50 37 4</i>
						<i>5</i>
						<i>-6 42 17 6 33</i>
						<i>-3 9 26 16 35</i>
						<i>5</i>
						<i>-10 23 31 13 8</i>
						<i>-11 3 56 49 32</i>
						<i>2</i>
						<i>-2 34 35 23 10</i>
						<i>12</i>
						<i>-2 52 33 8 27</i>
						<i>9</i>
						<i>-2 44 49 35 24</i>
						<i>5</i>
						<i>1</i>
						<i>-25 55 44 42 7</i>
						<i>6</i>
						<i>-7 21 59 66 7</i>
						<i>0</i>
						<i>5</i>
						<i>-1 17 66 13 25</i>
						<i>5</i>
						<i>9</i>
						<i>5</i>
						<i>-10 43 13 39 61</i>
						<i>1</i>
						<i>-11 15 12 66 66</i>
						<i>12</i>
						<i>1</i>
						<i>0</i>
						<i>4</i>
						<i>-3 51 13 25 44</i>
						<i>0</i>
						<i>-8 37 67 8 8</i>
						<i>-2 47 71 56 0</i>
						<i>-26 30 77 22 74</i>
						<i>13</i>
						<i>8</i>
						<i>-2 19 84 61 51</i>
						<i>1</i>
						<i>-8 69 65 75 45</i>
						<i>6</i>
						<i>-2 52 24 76 17</i>
						<i>1</i>
						<i>-2 79 51 18 58</i>
						<i>8</i>
						<i>8</i>
					</code>
					<best_genes>97 </best_genes>
					<max_index_best_genes>97</max_index_best_genes>
					<error>4</error>
					<num_incorrectly_classified>4.000000</num_incorrectly_classified>
					<binary_classification_threshold>3.06718</binary_classification_threshold>
					<num_constants>5</num_constants>
					<constants>0.77046 0.743276 0.453751 0.748213 0.348916 </constants>
				</program>
			</run>
			<run>
				<running_time>1.92316</running_time>
				<best_training_error>5.71429 5.71429 4.85714 4.85714 4.85714 4.85714 4.85714 4.85714 4.57143 4.57143 4.57143 4.28571 4.28571 4 4 4 4 4 4 4 4 4 4 4 4 4 4 4 4 4 4 4 4 4 4 4 4 4 4 4 4 4 4 4 4 4 4 4 4 4 </best_training_error>
				<average_training_error>10.2571 7.79286 7.21429 6.8 6.44286 6.01429 5.47857 5.15714 5.01429 4.91429 4.84286 4.75 4.67143 4.57857 4.5 4.37857 4.18571 4.14286 4.07143 4 4 4 4 4 4 4 4 4 4 4 4 4 4 4 4 4 4 4 4 4 4 4 4 4 4 4 4 4 4 4 </average_training_error>
				<best_validation_error>2.85714</best_validation_error>
				<test_error>5.17241</test_error>
				<best_training_num_incorrect>5.714286 5.714286 4.857143 4.857143 4.857143 4.857143 4.857143 4.857143 4.571429 4.571429 4.571429 4.285714 4.285714 4.000000 4.000000 4.000000 4.000000 4.000000 4.000000 4.000000 4.000000 4.000000 4.000000 4.000000 4.000000 4.000000 4.000000 4.000000 4.000000 4.000000 4.000000 4.000000 4.000000 4.000000 4.000000 4.000000 4.000000 4.000000 4.000000 4.000000 4.000000 4.000000 4.000000 4.000000 4.000000 4.000000 4.000000 4.000000 4.000000 4.000000 </best_training_num_incorrect>
				<average_training_num_incorrect>7.071429 6.642857 5.714286 5.428571 5.071429 5.071429 5.000000 5.000000 4.785714 4.785714 4.642857 4.571429 4.571429 4.357143 4.142857 4.142857 4.142857 4.000000 4.000000 4.000000 4.000000 4.000000 4.000000 4.000000 4.000000 4.000000 4.000000 4.000000 4.000000 4.000000 4.000000 4.000000 4.000000 4.000000 4.000000 4.000000 4.000000 4.000000 4.000000 4.000000 4.000000 4.000000 4.000000 4.000000 4.000000 4.000000 4.000000 4.000000 4.000000 4.000000 </average_training_num_incorrect>
				<best_validation_num_incorrect>2.85714</best_validation_num_incorrect>
				<test_num_incorrect>5.17241</test_num_incorrect>
				<last_generation>49</last_generation>
				<num_generations>50</num_generations>
				<program>
					<code_length>100</code_length>
					<num_variables>9</num_variables>
					<num_outputs>1</num_outputs>
					<code>
						<i>2</i>
						<i>-2 0 0 0 0</i>
						<i>-11 0 1 0 0</i>
						<i>5</i>
						<i>-5 0 1 2 1</i>
						<i>13</i>
						<i>2</i>
						<i>4</i>
						<i>10</i>
						<i>-4 2 0 8 2</i>
						<i>12</i>
						<i>3</i>
						<i>8</i>
						<i>-3 7 4 1 6</i>
						<i>6</i>
						<i>5</i>
						<i>-2 7 0 9 9</i>
						<i>2</i>
						<i>7</i>
						<i>-9 12 13 0 0</i>
						<i>-26 7 10 3 14</i>
						<i>9</i>
						<i>11</i>
						<i>-11 15 7 19 7</i>
						<i>-25 2 17 7 18</i>
						<i>-7 0 17 18 3</i>
						<i>-26 25 16 15 3</i>
						<i>-5 1 14 12 13</i>
						<i>10</i>
						<i>6</i>
						<i>0</i>
						<i>5</i>
						<i>-6 21 30 26 19</i>
						<i>0</i>
						<i>7</i>
						<i>0</i>
						<i>2</i>
						<i>5</i>
						<i>7</i>
						<i>2</i>
						<i>-3 23 14 31 9</i>
						<i>-11 3 0 10 4</i>
						<i>-1 17 8 33 37</i>
						<i>1</i>
						<i>-10 15 31 30 30</i>
						<i>0</i>
						<i>1</i>
						<i>-7 17 40 43 36</i>
						<i>-8 21 8 37 17</i>
						<i>-7 31 13 11 18</i>
						<i>-5 26 40 22 20</i>
						<i>-2 18 16 50 20</i>
						<i>-1 48 11 45 23</i>
						<i>7</i>
						<i>1</i>
						<i>-11 36 19 44 4</i>
						<i>7</i>
						<i>7</i>
						<i>12</i>
						<i>6</i>
						<i>-2 17 5 53 47</i>
						<i>4</i>
						<i>6</i>
						<i>5</i>
						<i>2</i>
						<i>-9 38 52 28 2</i>
						<i>-2 48 44 32 52</i>
						<i>12</i>
						<i>-5 5 61 24 7</i>
						<i>9</i>
						<i>4</i>
						<i>10</i>
						<i>-4 24 11 66 18</i>
						<i>-25 7 51 24 8</i>
						<i>0</i>
						<i>3</i>
						<i>0</i>
						<i>-25 33 7 22 73</i>
						<i>8</i>
						<i>-8 11 61 11 44</i>
						<i>0</i>
						<i>12</i>
						<i>1</i>
						<i>7</i>
						<i>8</i>
						<i>-9 34 76 29 28</i>
						<i>2</i>
						<i>-11 14 8 70 59</i>
						<i>5</i>
						<i>-5 86 83 26 37</i>
						<i>3</i>
						<i>12</i>
						<i>8</i>
						<i>0</i>
						<i>3</i>
						<i>-5 34 9 44 59</i>
						<i>-7 52 7 2 67</i>
						<i>7</i>
						<i>-4 44 49 67 10</i>
						<i>-2 53 30 30 21</i>
					</code>
					<best_genes>95 </best_genes>
					<max_index_best_genes>95</max_index_best_genes>
					<error>4.85714</error>
					<num_incorrectly_classified>4.857143</num_incorrectly_classified>
					<binary_classification_threshold>1065.14</binary_classification_threshold>
					<num_constants>5</num_constants>
					<constants>0.341543 0.330569 0.174348 0.0170641 0.790113 </constants>
				</program>
			</run>
			<run>
				<running_time>1.95408</running_time>
				<best_training_error>5.71429 5.71429 4.57143 4.57143 4.57143 4.57143 4.57143 4.57143 4.57143 4.28571 4 4 4 4 4 4 4 4 4 4 4 4 4 4 4 4 4 4 4 4 4 4 4 4 4 4 4 4 4 4 4 4 4 4 4 4 4 4 4 4 </best_training_error>
				<average_training_error>10.1357 8.21429 6.9 6.18571 5.63571 5.07857 4.94286 4.85 4.69286 4.59286 4.52143 4.5 4.45 4.37143 4.3 4.22143 4.13571 4.08571 4.02857 4 4 4 4 4 4 4 4 4 4 4 4 4 4 4 4 4 4 4 4 4 4 4 4 4 4 4 4 4 4 4 </average_training_error>
				<best_validation_error>3.42857</best_validation_error>
				<test_error>1.72414</test_error>
				<best_training_num_incorrect>5.714286 5.714286 4.571429 4.571429 4.571429 4.571429 4.571429 4.571429 4.571429 4.285714 4.000000 4.000000 4.000000 4.000000 4.000000 4.000000 4.000000 4.000000 4.000000 4.000000 4.000000 4.000000 4.000000 4.000000 4.000000 4.000000 4.000000 4.000000 4.000000 4.000000 4.000000 4.000000 4.000000 4.000000 4.000000 4.000000 4.000000 4.000000 4.000000 4.000000 4.000000 4.000000 4.000000 4.000000 4.000000 4.000000 4.000000 4.000000 4.000000 4.000000 </best_training_num_incorrect>
				<average_training_num_incorrect>7.000000 6.642857 5.071429 4.928571 4.857143 4.714286 4.642857 4.571429 4.571429 4.500000 4.428571 4.357143 4.357143 4.142857 4.142857 4.000000 4.000000 4.000000 4.000000 4.000000 4.000000 4.000000 4.000000 4.000000 4.000000 4.000000 4.000000 4.000000 4.000000 4.000000 4.000000 4.000000 4.000000 4.000000 4.000000 4.000000 4.000000 4.000000 4.000000 4.000000 4.000000 4.000000 4.000000 4.000000 4.000000 4.000000 4.000000 4.000000 4.000000 4.000000 </average_training_num_incorrect>
				<best_validation_num_incorrect>3.42857</best_validation_num_incorrect>
				<test_num_incorrect>1.72414</test_num_incorrect>
				<last_generation>49</last_generation>
				<num_generations>50</num_generations>
				<program>
					<code_length>100</code_length>
					<num_variables>9</num_variables>
					<num_outputs>1</num_outputs>
					<code>
						<i>4</i>
						<i>6</i>
						<i>5</i>
						<i>9</i>
						<i>2</i>
						<i>-7 4 2 0 4</i>
						<i>-4 1 4 1 5</i>
						<i>-4 4 6 5 0</i>
						<i>-4 5 7 5 4</i>
						<i>1</i>
						<i>-10 9 3 1 4</i>
						<i>6</i>
						<i>-3 0 7 11 9</i>
						<i>-1 8 1 0 4</i>
						<i>8</i>
						<i>-25 2 9 8 10</i>
						<i>-9 1 4 12 2</i>
						<i>-7 13 13 0 4</i>
						<i>0</i>
						<i>-6 2 18 12 0</i>
						<i>-25 0 0 12 12</i>
						<i>5</i>
						<i>-2 21 10 16 13</i>
						<i>-2 16 7 16 20</i>
						<i>-25 5 13 22 17</i>
						<i>-2 4 23 24 5</i>
						<i>5</i>
						<i>-7 15 15 2 14</i>
						<i>-4 11 7 20 14</i>
						<i>-9 4 1 26 25</i>
						<i>-26 15 5 17 9</i>
						<i>7</i>
						<i>-6 12 26 31 2</i>
						<i>-5 2 10 30 18</i>
						<i>8</i>
						<i>-1 6 20 23 10</i>
						<i>-7 1 29 28 35</i>
						<i>7</i>
						<i>0</i>
						<i>-4 24 31 19 25</i>
						<i>4</i>
						<i>-26 36 24 3 22</i>
						<i>-9 11 6 7 6</i>
						<i>8</i>
						<i>-10 30 23 35 23</i>
						<i>8</i>
						<i>3</i>
						<i>8</i>
						<i>-25 21 18 22 39</i>
						<i>10</i>
						<i>-8 4 26 38 7</i>
						<i>0</i>
						<i>0</i>
						<i>-2 31 23 25 31</i>
						<i>-6 17 1 12 8</i>
						<i>6</i>
						<i>0</i>
						<i>8</i>
						<i>1</i>
						<i>5</i>
						<i>2</i>
						<i>6</i>
						<i>13</i>
						<i>-5 38 20 32 4</i>
						<i>7</i>
						<i>-7 32 27 27 52</i>
						<i>-9 30 62 20 56</i>
						<i>3</i>
						<i>11</i>
						<i>6</i>
						<i>1</i>
						<i>0</i>
						<i>6</i>
						<i>-6 49 3 28 18</i>
						<i>8</i>
						<i>1</i>
						<i>8</i>
						<i>7</i>
						<i>-25 45 74 45 20</i>
						<i>6</i>
						<i>8</i>
						<i>10</i>
						<i>-4 48 37 63 75</i>
						<i>2</i>
						<i>-9 12 80 16 68</i>
						<i>-1 15 11 12 46</i>
						<i>-26 28 81 62 65</i>
						<i>2</i>
						<i>13</i>
						<i>2</i>
						<i>-8 37 55 54 27</i>
						<i>-6 51 74 27 43</i>
						<i>1</i>
						<i>1</i>
						<i>-10 41 28 57 70</i>
						<i>-1 75 85 90 43</i>
						<i>-7 95 8 50 3</i>
						<i>12</i>
						<i>7</i>
						<i>12</i>
					</code>
					<best_genes>33 </best_genes>
					<max_index_best_genes>33</max_index_best_genes>
					<error>4.57143</error>
					<num_incorrectly_classified>4.571429</num_incorrectly_classified>
					<binary_classification_threshold>1.89735</binary_classification_threshold>
					<num_constants>5</num_constants>
					<constants>0.468116 0.957421 0.0436512 0.799635 0.115576 </constants>
				</program>
			</run>
			<run>
				<running_time>2.02692</running_time>
				<best_training_error>5.42857 5.42857 5.42857 5.14286 4 4 4 4 4 4 4 4 4 4 4 4 4 4 4 4 4 4 4 4 4 4 4 4 4 4 4 4 4 4 4 3.71429 3.71429 3.71429 3.71429 3.71429 3.71429 3.71429 3.71429 3.71429 3.71429 3.71429 3.71429 3.71429 3.71429 3.71429 </best_training_error>
				<average_training_error>10.1714 7.69286 6.52857 5.84286 5.23571 4.97143 4.65714 4.26429 4.04286 4 4 4 4 4 4 4 4 4 4 4 4 4 4 4 4 4 4 4 4 4 4 4 4 4 4 3.99286 3.95714 3.91429 3.87143 3.85 3.82143 3.8 3.72857 3.71429 3.71429 3.71429 3.71429 3.71429 3.71429 3.71429 </average_training_error>
				<best_validation_error>3.42857</best_validation_error>
				<test_error>6.89655</test_error>
				<best_training_num_incorrect>5.428571 5.428571 5.428571 5.142857 4.000000 4.000000 4.000000 4.000000 4.000000 4.000000 4.000000 4.000000 4.000000 4.000000 4.000000 4.000000 4.000000 4.000000 4.000000 4.000000 4.000000 4.000000 4.000000 4.000000 4.000000 4.000000 4.000000 4.000000 4.000000 4.000000 4.000000 4.000000 4.000000 4.000000 4.000000 3.714286 3.714286 3.714286 3.714286 3.714286 3.714286 3.714286 3.714286 3.714286 3.714286 3.714286 3.714286 3.714286 3.714286 3.714286 </best_training_num_incorrect>
				<average_training_num_incorrect>6.214286 6.000000 5.428571 5.285714 4.285714 4.214286 4.000000 4.000000 4.000000 4.000000 4.000000 4.000000 4.000000 4.000000 4.000000 4.000000 4.000000 4.000000 4.000000 4.000000 4.000000 4.000000 4.000000 4.000000 4.000000 4.000000 4.000000 4.000000 4.000000 4.000000 4.000000 4.000000 4.000000 4.000000 4.000000 3.928571 3.857143 3.857143 3.785714 3.785714 3.714286 3.714286 3.714286 3.714286 3.714286 3.714286 3.714286 3.714286 3.714286 3.714286 </average_training_num_incorrect>
				<best_validation_num_incorrect>3.42857</best_validation_num_incorrect>
				<test_num_incorrect>6.89655</test_num_incorrect>
				<last_generation>49</last_generation>
				<num_generations>50</num_generations>
				<program>
					<code_length>100</code_length>
					<num_variables>9</num_variables>
					<num_outputs>1</num_outputs>
					<code>
						<i>0</i>
						<i>7</i>
						<i>-10 1 0 0 0</i>
						<i>8</i>
						<i>8</i>
						<i>-7 1 3 1 4</i>
						<i>8</i>
						<i>-11 1 4 1 1</i>
						<i>-4 5 3 7 6</i>
						<i>7</i>
						<i>13</i>
						<i>9</i>
						<i>3</i>
						<i>1</i>
						<i>-9 13 2 9 1</i>
						<i>12</i>
						<i>-7 12 8 1 7</i>
						<i>-9 3 5 4 5</i>
						<i>8</i>
						<i>-2 9 15 10 6</i>
						<i>6</i>
						<i>5</i>
						<i>-4 20 19 18 2</i>
						<i>-6 1 10 17 2</i>
						<i>0</i>
						<i>1</i>
						<i>4</i>
						<i>2</i>
						<i>-25 15 6 21 20</i>
						<i>-10 20 19 15 18</i>
						<i>-9 6 28 7 16</i>
						<i>10</i>
						<i>-3 23 16 25 26</i>
						<i>-25 16 30 20 5</i>
						<i>-1 17 33 22 13</i>
						<i>1</i>
						<i>8</i>
						<i>2</i>
						<i>-7 19 13 15 32</i>
						<i>-1 33 12 32 14</i>
						<i>13</i>
						<i>-5 31 37 32 13</i>
						<i>-2 33 13 20 19</i>
						<i>-25 14 42 26 12</i>
						<i>10</i>
						<i>5</i>
						<i>7</i>
						<i>2</i>
						<i>11</i>
						<i>4</i>
						<i>7</i>
						<i>-9 13 48 50 30</i>
						<i>-26 36 26 20 44</i>
						<i>4</i>
						<i>0</i>
						<i>11</i>
						<i>11</i>
						<i>-26 0 25 30 50</i>
						<i>5</i>
						<i>5</i>
						<i>-4 2 35 54 24</i>
						<i>1</i>
						<i>-26 52 33 45 30</i>
						<i>-26 20 2 41 5</i>
						<i>8</i>
						<i>13</i>
						<i>0</i>
						<i>5</i>
						<i>-8 10 39 19 21</i>
						<i>-3 38 9 65 59</i>
						<i>2</i>
						<i>-5 35 21 30 50</i>
						<i>-25 24 50 8 11</i>
						<i>13</i>
						<i>5</i>
						<i>3</i>
						<i>9</i>
						<i>-10 5 58 12 7</i>
						<i>6</i>
						<i>-26 67 6 70 19</i>
						<i>-26 66 29 18 26</i>
						<i>2</i>
						<i>1</i>
						<i>4</i>
						<i>-8 28 0 28 37</i>
						<i>-3 84 54 62 36</i>
						<i>6</i>
						<i>5</i>
						<i>-7 13 80 33 70</i>
						<i>-26 26 55 14 76</i>
						<i>1</i>
						<i>5</i>
						<i>1</i>
						<i>3</i>
						<i>10</i>
						<i>-3 66 20 39 43</i>
						<i>13</i>
						<i>-25 76 61 76 63</i>
						<i>-3 49 41 52 65</i>
						<i>-4 20 68 76 60</i>
					</code>
					<best_genes>41 </best_genes>
					<max_index_best_genes>41</max_index_best_genes>
					<error>8</error>
					<num_incorrectly_classified>8.000000</num_incorrectly_classified>
					<binary_classification_threshold>0.677676</binary_classification_threshold>
					<num_constants>5</num_constants>
					<constants>0.386212 0.378055 0.753262 0.662632 0.952783 </constants>
				</program>
			</run>
			<run>
				<running_time>1.88625</running_time>
				<best_training_error>5.14286 5.14286 5.14286 5.14286 5.14286 5.14286 5.14286 5.14286 5.14286 4.57143 4.57143 3.71429 3.71429 3.71429 3.71429 3.71429 3.71429 3.71429 3.71429 3.71429 3.71429 3.71429 3.71429 3.71429 3.71429 3.71429 3.71429 3.71429 3.71429 3.71429 3.71429 3.71429 3.71429 3.71429 3.71429 3.71429 3.71429 3.71429 3.71429 3.71429 3.71429 3.71429 3.71429 3.71429 3.71429 3.71429 3.71429 3.71429 3.71429 3.71429 </best_training_error>
				<average_training_error>9.05714 7.10714 6.28571 5.65 5.35 5.29286 5.25714 5.2 5.15714 5.12857 5.12857 5.06429 5.03571 4.90714 4.86429 4.77857 4.65714 4.57143 4.49286 4.27857 4.00714 3.82143 3.71429 3.71429 3.71429 3.71429 3.71429 3.71429 3.71429 3.71429 3.71429 3.71429 3.71429 3.71429 3.71429 3.71429 3.71429 3.71429 3.71429 3.71429 3.71429 3.71429 3.71429 3.71429 3.71429 3.71429 3.71429 3.71429 3.71429 3.71429 </average_training_error>
				<best_validation_error>2.85714</best_validation_error>
				<test_error>2.29885</test_error>
				<best_training_num_incorrect>5.142857 5.142857 5.142857 5.142857 5.142857 5.142857 5.142857 5.142857 5.142857 4.571429 4.571429 3.714286 3.714286 3.714286 3.714286 3.714286 3.714286 3.714286 3.714286 3.714286 3.714286 3.714286 3.714286 3.714286 3.714286 3.714286 3.714286 3.714286 3.714286 3.714286 3.714286 3.714286 3.714286 3.714286 3.714286 3.714286 3.714286 3.714286 3.714286 3.714286 3.714286 3.714286 3.714286 3.714286 3.714286 3.714286 3.714286 3.714286 3.714286 3.714286 </best_training_num_incorrect>
				<average_training_num_incorrect>6.142857 5.642857 5.285714 5.285714 5.214286 5.214286 5.142857 5.142857 5.142857 5.000000 5.000000 4.785714 4.714286 4.642857 4.642857 4.500000 4.071429 4.071429 4.071429 3.714286 3.714286 3.714286 3.714286 3.714286 3.714286 3.714286 3.714286 3.714286 3.714286 3.714286 3.714286 3.714286 3.714286 3.714286 3.714286 3.714286 3.714286 3.714286 3.714286 3.714286 3.714286 3.714286 3.714286 3.714286 3.714286 3.714286 3.714286 3.714286 3.714286 3.714286 </average_training_num_incorrect>
				<best_validation_num_incorrect>2.85714</best_validation_num_incorrect>
				<test_num_incorrect>2.29885</test_num_incorrect>
				<last_generation>49</last_generation>
				<num_generations>50</num_generations>
				<program>
					<code_length>100</code_length>
					<num_variables>9</num_variables>
					<num_outputs>1</num_outputs>
					<code>
						<i>7</i>
						<i>-6 0 0 0 0</i>
						<i>-9 0 0 0 0</i>
						<i>2</i>
						<i>5</i>
						<i>10</i>
						<i>-1 0 3 1 4</i>
						<i>6</i>
						<i>13</i>
						<i>-7 7 6 6 5</i>
						<i>-25 1 0 0 8</i>
						<i>-1 9 7 2 6</i>
						<i>9</i>
						<i>-25 9 5 0 2</i>
						<i>-8 0 5 13 6</i>
						<i>7</i>
						<i>-7 15 6 14 6</i>
						<i>10</i>
						<i>1</i>
						<i>5</i>
						<i>6</i>
						<i>-6 4 15 13 10</i>
						<i>-11 10 18 10 1</i>
						<i>-2 9 0 7 6</i>
						<i>-6 4 19 19 19</i>
						<i>2</i>
						<i>-10 6 9 10 12</i>
						<i>11</i>
						<i>3</i>
						<i>8</i>
						<i>3</i>
						<i>-25 27 20 19 11</i>
						<i>-10 27 15 21 2</i>
						<i>-4 26 16 19 16</i>
						<i>1</i>
						<i>3</i>
						<i>11</i>
						<i>-26 11 30 36 13</i>
						<i>4</i>
						<i>-5 21 33 16 29</i>
						<i>1</i>
						<i>-26 26 17 35 7</i>
						<i>3</i>
						<i>1</i>
						<i>0</i>
						<i>1</i>
						<i>0</i>
						<i>-2 30 6 8 21</i>
						<i>-11 30 40 25 27</i>
						<i>-10 13 22 31 42</i>
						<i>9</i>
						<i>-3 37 20 40 22</i>
						<i>5</i>
						<i>2</i>
						<i>-3 42 31 26 35</i>
						<i>6</i>
						<i>0</i>
						<i>-7 17 4 12 40</i>
						<i>5</i>
						<i>-1 57 7 34 20</i>
						<i>11</i>
						<i>10</i>
						<i>0</i>
						<i>-4 16 30 31 3</i>
						<i>5</i>
						<i>-9 16 20 27 48</i>
						<i>-26 49 8 55 38</i>
						<i>0</i>
						<i>-2 46 28 4 1</i>
						<i>13</i>
						<i>11</i>
						<i>-3 34 17 40 3</i>
						<i>13</i>
						<i>-9 45 19 70 8</i>
						<i>-25 68 60 39 21</i>
						<i>13</i>
						<i>-2 26 0 58 48</i>
						<i>-7 43 17 2 17</i>
						<i>7</i>
						<i>6</i>
						<i>-6 1 58 62 35</i>
						<i>7</i>
						<i>1</i>
						<i>8</i>
						<i>4</i>
						<i>12</i>
						<i>8</i>
						<i>-5 28 56 55 38</i>
						<i>0</i>
						<i>1</i>
						<i>4</i>
						<i>4</i>
						<i>-7 35 28 70 44</i>
						<i>-25 46 89 42 1</i>
						<i>6</i>
						<i>-10 36 62 28 9</i>
						<i>13</i>
						<i>-3 61 49 71 9</i>
						<i>-25 67 14 35 80</i>
						<i>2</i>
					</code>
					<best_genes>39 </best_genes>
					<max_index_best_genes>39</max_index_best_genes>
					<error>5.14286</error>
					<num_incorrectly_classified>5.142857</num_incorrectly_classified>
					<binary_classification_threshold>1.17532</binary_classification_threshold>
					<num_constants>5</num_constants>
					<constants>0.268897 0.959626 0.729617 0.337837 0.157498 </constants>
				</program>
			</run>
			<run>
				<running_time>2.20862</running_time>
				<best_training_error>5.14286 5.14286 5.14286 4.28571 4.28571 4.28571 4.28571 4.28571 4.28571 4 4 4 4 3.71429 3.71429 3.71429 3.71429 3.71429 3.71429 3.71429 3.71429 3.71429 3.71429 3.71429 3.71429 3.71429 3.71429 3.71429 3.71429 3.71429 3.71429 3.71429 3.71429 3.71429 3.71429 3.71429 3.71429 3.71429 3.71429 3.71429 3.71429 3.71429 3.71429 3.71429 3.71429 3.71429 3.71429 3.71429 3.71429 3.42857 </best_training_error>
				<average_training_error>9.50714 7.71429 7 6.35714 5.87857 5.57857 5.37143 5.1 4.82857 4.68571 4.55714 4.40714 4.24286 4.15 4.06429 3.99286 3.94286 3.86429 3.80714 3.79286 3.75 3.71429 3.71429 3.71429 3.71429 3.71429 3.71429 3.71429 3.71429 3.71429 3.71429 3.71429 3.71429 3.71429 3.71429 3.71429 3.71429 3.71429 3.71429 3.71429 3.71429 3.71429 3.71429 3.71429 3.71429 3.71429 3.71429 3.71429 3.71429 3.70714 </average_training_error>
				<best_validation_error>3.42857</best_validation_error>
				<test_error>2.87356</test_error>
				<best_training_num_incorrect>5.142857 5.142857 5.142857 4.285714 4.285714 4.285714 4.285714 4.285714 4.285714 4.000000 4.000000 4.000000 4.000000 3.714286 3.714286 3.714286 3.714286 3.714286 3.714286 3.714286 3.714286 3.714286 3.714286 3.714286 3.714286 3.714286 3.714286 3.714286 3.714286 3.714286 3.714286 3.714286 3.714286 3.714286 3.714286 3.714286 3.714286 3.714286 3.714286 3.714286 3.714286 3.714286 3.714286 3.714286 3.714286 3.714286 3.714286 3.714286 3.714286 3.428571 </best_training_num_incorrect>
				<average_training_num_incorrect>6.928571 6.285714 5.785714 5.071429 5.071429 4.857143 4.785714 4.642857 4.500000 4.428571 4.142857 4.142857 4.000000 3.928571 3.928571 3.928571 3.785714 3.785714 3.785714 3.714286 3.714286 3.714286 3.714286 3.714286 3.714286 3.714286 3.714286 3.714286 3.714286 3.714286 3.714286 3.714286 3.714286 3.714286 3.714286 3.714286 3.714286 3.714286 3.714286 3.714286 3.714286 3.714286 3.714286 3.714286 3.714286 3.714286 3.714286 3.714286 3.714286 3.642857 </average_training_num_incorrect>
				<best_validation_num_incorrect>3.42857</best_validation_num_incorrect>
				<test_num_incorrect>2.87356</test_num_incorrect>
				<last_generation>49</last_generation>
				<num_generations>50</num_generations>
				<program>
					<code_length>100</code_length>
					<num_variables>9</num_variables>
					<num_outputs>1</num_outputs>
					<code>
						<i>0</i>
						<i>-25 0 0 0 0</i>
						<i>-7 1 1 0 1</i>
						<i>-7 0 0 1 2</i>
						<i>1</i>
						<i>1</i>
						<i>5</i>
						<i>-10 6 0 4 3</i>
						<i>-7 0 7 1 0</i>
						<i>-9 4 1 4 8</i>
						<i>6</i>
						<i>-2 5 3 3 6</i>
						<i>1</i>
						<i>-5 0 3 3 11</i>
						<i>4</i>
						<i>6</i>
						<i>6</i>
						<i>-1 9 16 13 5</i>
						<i>-25 7 2 16 5</i>
						<i>2</i>
						<i>-8 19 14 7 7</i>
						<i>-7 1 18 1 5</i>
						<i>-9 0 19 4 16</i>
						<i>10</i>
						<i>-1 17 6 14 12</i>
						<i>5</i>
						<i>1</i>
						<i>-10 26 2 8 21</i>
						<i>1</i>
						<i>0</i>
						<i>5</i>
						<i>12</i>
						<i>-8 14 11 5 4</i>
						<i>6</i>
						<i>13</i>
						<i>9</i>
						<i>6</i>
						<i>5</i>
						<i>-26 16 3 37 37</i>
						<i>8</i>
						<i>6</i>
						<i>-26 23 7 3 3</i>
						<i>13</i>
						<i>-2 31 2 24 11</i>
						<i>-11 37 41 15 26</i>
						<i>9</i>
						<i>0</i>
						<i>0</i>
						<i>-10 29 36 1 20</i>
						<i>6</i>
						<i>1</i>
						<i>-1 16 23 23 4</i>
						<i>13</i>
						<i>2</i>
						<i>-11 4 37 17 7</i>
						<i>-7 5 9 26 25</i>
						<i>-2 33 34 33 2</i>
						<i>-4 20 8 2 56</i>
						<i>10</i>
						<i>8</i>
						<i>-5 1 24 41 27</i>
						<i>-9 1 57 47 55</i>
						<i>3</i>
						<i>5</i>
						<i>13</i>
						<i>9</i>
						<i>4</i>
						<i>-5 65 43 47 60</i>
						<i>8</i>
						<i>5</i>
						<i>-7 18 54 29 10</i>
						<i>-7 3 52 27 47</i>
						<i>-3 12 22 39 22</i>
						<i>-4 61 67 66 68</i>
						<i>9</i>
						<i>-8 5 21 68 54</i>
						<i>2</i>
						<i>-4 35 37 29 11</i>
						<i>6</i>
						<i>-11 58 15 23 75</i>
						<i>1</i>
						<i>-26 14 32 69 11</i>
						<i>8</i>
						<i>-5 26 5 33 54</i>
						<i>2</i>
						<i>-10 45 72 38 81</i>
						<i>-26 75 48 77 14</i>
						<i>5</i>
						<i>3</i>
						<i>-3 21 42 9 75</i>
						<i>2</i>
						<i>-2 42 26 68 82</i>
						<i>5</i>
						<i>8</i>
						<i>12</i>
						<i>-9 74 57 10 78</i>
						<i>-3 2 92 19 73</i>
						<i>13</i>
						<i>-25 22 9 60 30</i>
						<i>-1 30 15 51 1</i>
					</code>
					<best_genes>60 </best_genes>
					<max_index_best_genes>60</max_index_best_genes>
					<error>3.71429</error>
					<num_incorrectly_classified>3.714286</num_incorrectly_classified>
					<binary_classification_threshold>1.41811</binary_classification_threshold>
					<num_constants>5</num_constants>
					<constants>0.769458 0.0752587 0.885496 0.958367 0.0888434 </constants>
				</program>
			</run>
			<run>
				<running_time>2.23511</running_time>
				<best_training_error>4.28571 4.28571 4 4 3.71429 3.71429 3.71429 3.71429 3.71429 3.71429 3.71429 3.71429 3.71429 3.71429 3.71429 3.71429 3.71429 3.71429 3.71429 3.71429 3.42857 3.42857 3.42857 3.42857 3.42857 3.42857 3.42857 3.42857 3.42857 3.42857 3.42857 3.42857 3.42857 3.42857 3.42857 3.42857 3.42857 3.42857 3.14286 3.14286 3.14286 3.14286 3.14286 3.14286 3.14286 3.14286 3.14286 3.14286 3.14286 3.14286 </best_training_error>
				<average_training_error>11.7 7.8 6.12857 5.15 4.55714 4.31429 4.1 4.03571 3.94286 3.85714 3.81429 3.76429 3.72857 3.71429 3.71429 3.71429 3.71429 3.71429 3.71429 3.71429 3.69286 3.66429 3.64286 3.61429 3.57857 3.52857 3.45714 3.42857 3.42857 3.42857 3.42857 3.42857 3.42857 3.42857 3.42857 3.42857 3.42857 3.42857 3.42143 3.38571 3.34286 3.32857 3.29286 3.28571 3.26429 3.21429 3.2 3.16429 3.14286 3.14286 </average_training_error>
				<best_validation_error>2.85714</best_validation_error>
				<test_error>1.72414</test_error>
				<best_training_num_incorrect>4.285714 4.285714 4.000000 4.000000 3.714286 3.714286 3.714286 3.714286 3.714286 3.714286 3.714286 3.714286 3.714286 3.714286 3.714286 3.714286 3.714286 3.714286 3.714286 3.714286 3.428571 3.428571 3.428571 3.428571 3.428571 3.428571 3.428571 3.428571 3.428571 3.428571 3.428571 3.428571 3.428571 3.428571 3.428571 3.428571 3.428571 3.428571 3.142857 3.142857 3.142857 3.142857 3.142857 3.142857 3.142857 3.142857 3.142857 3.142857 3.142857 3.142857 </best_training_num_incorrect>
				<average_training_num_incorrect>4.857143 4.857143 4.285714 4.285714 4.000000 3.928571 3.857143 3.857143 3.785714 3.785714 3.714286 3.714286 3.714286 3.714286 3.714286 3.714286 3.714286 3.714286 3.714286 3.714286 3.642857 3.642857 3.571429 3.500000 3.500000 3.428571 3.428571 3.428571 3.428571 3.428571 3.428571 3.428571 3.428571 3.428571 3.428571 3.428571 3.428571 3.428571 3.357143 3.285714 3.285714 3.285714 3.214286 3.214286 3.214286 3.142857 3.142857 3.142857 3.142857 3.142857 </average_training_num_incorrect>
				<best_validation_num_incorrect>2.85714</best_validation_num_incorrect>
				<test_num_incorrect>1.72414</test_num_incorrect>
				<last_generation>49</last_generation>
				<num_generations>50</num_generations>
				<program>
					<code_length>100</code_length>
					<num_variables>9</num_variables>
					<num_outputs>1</num_outputs>
					<code>
						<i>6</i>
						<i>10</i>
						<i>4</i>
						<i>5</i>
						<i>-8 3 1 0 3</i>
						<i>-8 1 2 0 1</i>
						<i>1</i>
						<i>-11 3 2 0 4</i>
						<i>-3 0 1 0 6</i>
						<i>-5 3 4 7 6</i>
						<i>7</i>
						<i>-11 6 1 4 1</i>
						<i>-4 6 1 6 10</i>
						<i>-2 6 2 11 1</i>
						<i>0</i>
						<i>0</i>
						<i>4</i>
						<i>-8 11 4 10 0</i>
						<i>1</i>
						<i>-2 12 4 1 12</i>
						<i>-9 12 2 13 9</i>
						<i>-3 7 19 20 3</i>
						<i>4</i>
						<i>11</i>
						<i>-6 8 11 16 12</i>
						<i>-9 17 10 10 5</i>
						<i>0</i>
						<i>6</i>
						<i>12</i>
						<i>2</i>
						<i>-5 17 12 20 10</i>
						<i>-8 2 0 1 1</i>
						<i>-5 2 9 6 28</i>
						<i>-9 32 27 31 28</i>
						<i>1</i>
						<i>4</i>
						<i>-6 18 7 22 6</i>
						<i>-2 7 30 1 33</i>
						<i>-2 29 13 7 17</i>
						<i>3</i>
						<i>-8 26 18 35 24</i>
						<i>-8 25 16 14 5</i>
						<i>-5 14 19 2 13</i>
						<i>2</i>
						<i>7</i>
						<i>8</i>
						<i>7</i>
						<i>8</i>
						<i>-8 31 7 41 38</i>
						<i>-8 22 30 24 26</i>
						<i>-4 22 42 42 22</i>
						<i>-3 18 33 28 39</i>
						<i>13</i>
						<i>-9 40 14 39 33</i>
						<i>12</i>
						<i>-26 10 41 5 49</i>
						<i>0</i>
						<i>5</i>
						<i>-11 10 6 5 31</i>
						<i>2</i>
						<i>8</i>
						<i>-4 46 60 33 18</i>
						<i>1</i>
						<i>6</i>
						<i>-3 9 12 11 42</i>
						<i>8</i>
						<i>-2 3 2 21 47</i>
						<i>1</i>
						<i>-6 8 60 41 63</i>
						<i>4</i>
						<i>8</i>
						<i>1</i>
						<i>10</i>
						<i>-26 17 3 68 23</i>
						<i>-4 12 45 69 57</i>
						<i>4</i>
						<i>0</i>
						<i>4</i>
						<i>0</i>
						<i>4</i>
						<i>5</i>
						<i>-11 27 6 32 4</i>
						<i>-3 13 31 1 73</i>
						<i>9</i>
						<i>-4 72 42 69 56</i>
						<i>-9 71 29 61 18</i>
						<i>8</i>
						<i>6</i>
						<i>-9 80 18 38 37</i>
						<i>5</i>
						<i>10</i>
						<i>-6 54 22 29 88</i>
						<i>11</i>
						<i>11</i>
						<i>6</i>
						<i>2</i>
						<i>-3 76 82 49 70</i>
						<i>-2 56 86 77 24</i>
						<i>1</i>
						<i>-1 12 55 84 56</i>
					</code>
					<best_genes>21 </best_genes>
					<max_index_best_genes>21</max_index_best_genes>
					<error>4.28571</error>
					<num_incorrectly_classified>4.285714</num_incorrectly_classified>
					<binary_classification_threshold>2.91125</binary_classification_threshold>
					<num_constants>5</num_constants>
					<constants>0.920728 0.939821 0.72914 0.108425 0.678695 </constants>
				</program>
			</run>
		</results>
	</algorithm>
</project>
