<?xml version="1.0"?>
<project>
	<mepx_version>2022.07.30.0-beta</mepx_version>
	<problem_description>classification problem.

References:

https://archive.ics.uci.edu/ml/datasets/iris</problem_description>
	<algorithm>
		<training>
			<num_data>150</num_data>
			<num_cols>5</num_cols>
			<num_outputs>1</num_outputs>
			<num_classes>3</num_classes>
			<data_type>0</data_type>
			<list_separator></list_separator>
			<data>
				<row>5.1 3.5 1.4 0.2 0</row>
				<row>4.9 3 1.4 0.2 0</row>
				<row>4.7 3.2 1.3 0.2 0</row>
				<row>4.6 3.1 1.5 0.2 0</row>
				<row>5 3.6 1.4 0.2 0</row>
				<row>5.4 3.9 1.7 0.4 0</row>
				<row>4.6 3.4 1.4 0.3 0</row>
				<row>5 3.4 1.5 0.2 0</row>
				<row>4.4 2.9 1.4 0.2 0</row>
				<row>4.9 3.1 1.5 0.1 0</row>
				<row>5.4 3.7 1.5 0.2 0</row>
				<row>4.8 3.4 1.6 0.2 0</row>
				<row>4.8 3 1.4 0.1 0</row>
				<row>4.3 3 1.1 0.1 0</row>
				<row>5.8 4 1.2 0.2 0</row>
				<row>5.7 4.4 1.5 0.4 0</row>
				<row>5.4 3.9 1.3 0.4 0</row>
				<row>5.1 3.5 1.4 0.3 0</row>
				<row>5.7 3.8 1.7 0.3 0</row>
				<row>5.1 3.8 1.5 0.3 0</row>
				<row>5.4 3.4 1.7 0.2 0</row>
				<row>5.1 3.7 1.5 0.4 0</row>
				<row>4.6 3.6 1 0.2 0</row>
				<row>5.1 3.3 1.7 0.5 0</row>
				<row>4.8 3.4 1.9 0.2 0</row>
				<row>5 3 1.6 0.2 0</row>
				<row>5 3.4 1.6 0.4 0</row>
				<row>5.2 3.5 1.5 0.2 0</row>
				<row>5.2 3.4 1.4 0.2 0</row>
				<row>4.7 3.2 1.6 0.2 0</row>
				<row>4.8 3.1 1.6 0.2 0</row>
				<row>5.4 3.4 1.5 0.4 0</row>
				<row>5.2 4.1 1.5 0.1 0</row>
				<row>5.5 4.2 1.4 0.2 0</row>
				<row>4.9 3.1 1.5 0.1 0</row>
				<row>5 3.2 1.2 0.2 0</row>
				<row>5.5 3.5 1.3 0.2 0</row>
				<row>4.9 3.1 1.5 0.1 0</row>
				<row>4.4 3 1.3 0.2 0</row>
				<row>5.1 3.4 1.5 0.2 0</row>
				<row>5 3.5 1.3 0.3 0</row>
				<row>4.5 2.3 1.3 0.3 0</row>
				<row>4.4 3.2 1.3 0.2 0</row>
				<row>5 3.5 1.6 0.6 0</row>
				<row>5.1 3.8 1.9 0.4 0</row>
				<row>4.8 3 1.4 0.3 0</row>
				<row>5.1 3.8 1.6 0.2 0</row>
				<row>4.6 3.2 1.4 0.2 0</row>
				<row>5.3 3.7 1.5 0.2 0</row>
				<row>5 3.3 1.4 0.2 0</row>
				<row>7 3.2 4.7 1.4 1</row>
				<row>6.4 3.2 4.5 1.5 1</row>
				<row>6.9 3.1 4.9 1.5 1</row>
				<row>5.5 2.3 4 1.3 1</row>
				<row>6.5 2.8 4.6 1.5 1</row>
				<row>5.7 2.8 4.5 1.3 1</row>
				<row>6.3 3.3 4.7 1.6 1</row>
				<row>4.9 2.4 3.3 1 1</row>
				<row>6.6 2.9 4.6 1.3 1</row>
				<row>5.2 2.7 3.9 1.4 1</row>
				<row>5 2 3.5 1 1</row>
				<row>5.9 3 4.2 1.5 1</row>
				<row>6 2.2 4 1 1</row>
				<row>6.1 2.9 4.7 1.4 1</row>
				<row>5.6 2.9 3.6 1.3 1</row>
				<row>6.7 3.1 4.4 1.4 1</row>
				<row>5.6 3 4.5 1.5 1</row>
				<row>5.8 2.7 4.1 1 1</row>
				<row>6.2 2.2 4.5 1.5 1</row>
				<row>5.6 2.5 3.9 1.1 1</row>
				<row>5.9 3.2 4.8 1.8 1</row>
				<row>6.1 2.8 4 1.3 1</row>
				<row>6.3 2.5 4.9 1.5 1</row>
				<row>6.1 2.8 4.7 1.2 1</row>
				<row>6.4 2.9 4.3 1.3 1</row>
				<row>6.6 3 4.4 1.4 1</row>
				<row>6.8 2.8 4.8 1.4 1</row>
				<row>6.7 3 5 1.7 1</row>
				<row>6 2.9 4.5 1.5 1</row>
				<row>5.7 2.6 3.5 1 1</row>
				<row>5.5 2.4 3.8 1.1 1</row>
				<row>5.5 2.4 3.7 1 1</row>
				<row>5.8 2.7 3.9 1.2 1</row>
				<row>6 2.7 5.1 1.6 1</row>
				<row>5.4 3 4.5 1.5 1</row>
				<row>6 3.4 4.5 1.6 1</row>
				<row>6.7 3.1 4.7 1.5 1</row>
				<row>6.3 2.3 4.4 1.3 1</row>
				<row>5.6 3 4.1 1.3 1</row>
				<row>5.5 2.5 4 1.3 1</row>
				<row>5.5 2.6 4.4 1.2 1</row>
				<row>6.1 3 4.6 1.4 1</row>
				<row>5.8 2.6 4 1.2 1</row>
				<row>5 2.3 3.3 1 1</row>
				<row>5.6 2.7 4.2 1.3 1</row>
				<row>5.7 3 4.2 1.2 1</row>
				<row>5.7 2.9 4.2 1.3 1</row>
				<row>6.2 2.9 4.3 1.3 1</row>
				<row>5.1 2.5 3 1.1 1</row>
				<row>5.7 2.8 4.1 1.3 1</row>
				<row>6.3 3.3 6 2.5 2</row>
				<row>5.8 2.7 5.1 1.9 2</row>
				<row>7.1 3 5.9 2.1 2</row>
				<row>6.3 2.9 5.6 1.8 2</row>
				<row>6.5 3 5.8 2.2 2</row>
				<row>7.6 3 6.6 2.1 2</row>
				<row>4.9 2.5 4.5 1.7 2</row>
				<row>7.3 2.9 6.3 1.8 2</row>
				<row>6.7 2.5 5.8 1.8 2</row>
				<row>7.2 3.6 6.1 2.5 2</row>
				<row>6.5 3.2 5.1 2 2</row>
				<row>6.4 2.7 5.3 1.9 2</row>
				<row>6.8 3 5.5 2.1 2</row>
				<row>5.7 2.5 5 2 2</row>
				<row>5.8 2.8 5.1 2.4 2</row>
				<row>6.4 3.2 5.3 2.3 2</row>
				<row>6.5 3 5.5 1.8 2</row>
				<row>7.7 3.8 6.7 2.2 2</row>
				<row>7.7 2.6 6.9 2.3 2</row>
				<row>6 2.2 5 1.5 2</row>
				<row>6.9 3.2 5.7 2.3 2</row>
				<row>5.6 2.8 4.9 2 2</row>
				<row>7.7 2.8 6.7 2 2</row>
				<row>6.3 2.7 4.9 1.8 2</row>
				<row>6.7 3.3 5.7 2.1 2</row>
				<row>7.2 3.2 6 1.8 2</row>
				<row>6.2 2.8 4.8 1.8 2</row>
				<row>6.1 3 4.9 1.8 2</row>
				<row>6.4 2.8 5.6 2.1 2</row>
				<row>7.2 3 5.8 1.6 2</row>
				<row>7.4 2.8 6.1 1.9 2</row>
				<row>7.9 3.8 6.4 2 2</row>
				<row>6.4 2.8 5.6 2.2 2</row>
				<row>6.3 2.8 5.1 1.5 2</row>
				<row>6.1 2.6 5.6 1.4 2</row>
				<row>7.7 3 6.1 2.3 2</row>
				<row>6.3 3.4 5.6 2.4 2</row>
				<row>6.4 3.1 5.5 1.8 2</row>
				<row>6 3 4.8 1.8 2</row>
				<row>6.9 3.1 5.4 2.1 2</row>
				<row>6.7 3.1 5.6 2.4 2</row>
				<row>6.9 3.1 5.1 2.3 2</row>
				<row>5.8 2.7 5.1 1.9 2</row>
				<row>6.8 3.2 5.9 2.3 2</row>
				<row>6.7 3.3 5.7 2.5 2</row>
				<row>6.7 3 5.2 2.3 2</row>
				<row>6.3 2.5 5 1.9 2</row>
				<row>6.5 3 5.2 2 2</row>
				<row>6.2 3.4 5.4 2.3 2</row>
				<row>5.9 3 5.1 1.8 2</row>
			</data>
		</training>
		<validation>
			<num_data>0</num_data>
			<num_cols>0</num_cols>
			<num_outputs>1</num_outputs>
			<num_classes>0</num_classes>
			<data_type>0</data_type>
			<list_separator></list_separator>
		</validation>
		<test>
			<num_data>0</num_data>
			<num_cols>0</num_cols>
			<num_outputs>0</num_outputs>
			<num_classes>0</num_classes>
			<data_type>0</data_type>
			<list_separator></list_separator>
		</test>
		<variables_utilization>1 1 1 1 </variables_utilization>
		<parameters>
			<mutation_probability>0.01</mutation_probability>
			<crossover_probability>0.9</crossover_probability>
			<crossover_type>0</crossover_type>
			<chromosome_length>100</chromosome_length>
			<subpopulation_size>100</subpopulation_size>
			<num_subpopulations>8</num_subpopulations>
			<tournament_size>2</tournament_size>
			<number_of_generations>100</number_of_generations>
			<problem_type>2</problem_type>
			<random_seed>0</random_seed>
			<operators_probability>0.5</operators_probability>
			<variables_probability>0.4</variables_probability>
			<constants_probability>0.1</constants_probability>
			<num_runs>10</num_runs>
			<use_validation_data>0</use_validation_data>
			<simplified>0</simplified>
			<num_threads>8</num_threads>
			<random_subset_selection_size_percent>100</random_subset_selection_size_percent>
			<error_measure>3</error_measure>
			<num_generations_for_which_random_subset_is_kept_fixed>1</num_generations_for_which_random_subset_is_kept_fixed>
			<time_series_mode>0</time_series_mode>
			<num_predictions>10</num_predictions>
			<window_size>2</window_size>
			<data_type>0</data_type>
		</parameters>
		<constants>
			<data_type>0</data_type>
			<type>1</type>
			<num_automatic_constants>5</num_automatic_constants>
			<min_interval>-1</min_interval>
			<max_interval>1</max_interval>
			<stddev>0.1</stddev>
			<evolve>1</evolve>
			<can_evolve_outside_initial_interval>0</can_evolve_outside_initial_interval>
			<num_user_defined_constants>0</num_user_defined_constants>
		</constants>
		<operators>
			<use_addition>1</use_addition>
			<use_subtraction>1</use_subtraction>
			<use_multiplication>1</use_multiplication>
			<use_division>1</use_division>
			<use_power>0</use_power>
			<use_sqrt>0</use_sqrt>
			<use_exp>0</use_exp>
			<use_pow10>0</use_pow10>
			<use_ln>0</use_ln>
			<use_log10>0</use_log10>
			<use_log2>0</use_log2>
			<use_floor>0</use_floor>
			<use_ceil>0</use_ceil>
			<use_abs>0</use_abs>
			<use_inv>0</use_inv>
			<use_neg>0</use_neg>
			<use_x2>0</use_x2>
			<use_min>0</use_min>
			<use_max>0</use_max>
			<use_not>0</use_not>
			<use_and>0</use_and>
			<use_or>0</use_or>
			<use_xor>0</use_xor>
			<use_nand>0</use_nand>
			<use_nor>0</use_nor>
			<use_sin>0</use_sin>
			<use_cos>0</use_cos>
			<use_tan>0</use_tan>
			<use_asin>0</use_asin>
			<use_acos>0</use_acos>
			<use_atan>0</use_atan>
			<use_iflz>1</use_iflz>
			<use_ifalbcd>1</use_ifalbcd>
			<use_if_a_or_b_cd>0</use_if_a_or_b_cd>
			<use_if_a_xor_b_cd>0</use_if_a_xor_b_cd>
			<use_fmod>0</use_fmod>
		</operators>
		<results>
			<run>
				<running_time>6.12165</running_time>
				<best_training_error>32.6667 24 4 4 4 4 4 4 4 4 3.33333 3.33333 3.33333 3.33333 2.66667 2.66667 2.66667 2.66667 2.66667 2.66667 2.66667 2.66667 2.66667 2.66667 2.66667 2.66667 2.66667 2.66667 2.66667 2.66667 2.66667 2.66667 2.66667 2 2 1.33333 1.33333 1.33333 1.33333 1.33333 1.33333 1.33333 1.33333 1.33333 1.33333 1.33333 1.33333 1.33333 1.33333 1.33333 1.33333 1.33333 1.33333 1.33333 1.33333 1.33333 1.33333 1.33333 1.33333 1.33333 0 0 0 0 0 0 0 0 0 0 0 0 0 0 0 0 0 0 0 0 0 0 0 0 0 0 0 0 0 0 0 0 0 0 0 0 0 0 0 0 </best_training_error>
				<average_training_error>66.5492 57.4567 50.7333 43.86 38.3333 34.8983 33.0583 32.29 31.5133 30.6975 29.2483 27.1342 24.3108 21.9325 19.4567 17.4925 16.2267 15.0158 13.9933 12.8 11.5767 10.0542 8.69417 7.57083 6.53583 5.52 4.64833 4.29917 4.07 3.89833 3.80583 3.64667 3.50417 3.375 3.28583 3.20167 3.13333 3.07667 3.01333 2.99333 2.95417 2.91833 2.86667 2.79667 2.73417 2.62833 2.56333 2.5075 2.45833 2.37917 2.32 2.25667 2.2125 2.165 2.0925 2.03667 1.98167 1.96417 1.945 1.91167 1.88083 1.86333 1.82583 1.80667 1.795 1.78833 1.76333 1.73 1.665 1.6175 1.59083 1.54 1.46833 1.44667 1.3975 1.33667 1.31083 1.29167 1.26917 1.22 1.155 1.14 1.1175 1.0825 1.05083 1.0225 0.978333 0.919167 0.901667 0.891667 0.871667 0.846667 0.825833 0.7625 0.664167 0.55 0.495833 0.486667 0.48 0.460833 </average_training_error>
				<best_validation_error>-1</best_validation_error>
				<test_error>-1</test_error>
				<best_training_num_incorrect>32.666667 24.000000 4.000000 4.000000 4.000000 4.000000 4.000000 4.000000 4.000000 4.000000 3.333333 3.333333 3.333333 3.333333 2.666667 2.666667 2.666667 2.666667 2.666667 2.666667 2.666667 2.666667 2.666667 2.666667 2.666667 2.666667 2.666667 2.666667 2.666667 2.666667 2.666667 2.666667 2.666667 2.000000 2.000000 1.333333 1.333333 1.333333 1.333333 1.333333 1.333333 1.333333 1.333333 1.333333 1.333333 1.333333 1.333333 1.333333 1.333333 1.333333 1.333333 1.333333 1.333333 1.333333 1.333333 1.333333 1.333333 1.333333 1.333333 1.333333 0.000000 0.000000 0.000000 0.000000 0.000000 0.000000 0.000000 0.000000 0.000000 0.000000 0.000000 0.000000 0.000000 0.000000 0.000000 0.000000 0.000000 0.000000 0.000000 0.000000 0.000000 0.000000 0.000000 0.000000 0.000000 0.000000 0.000000 0.000000 0.000000 0.000000 0.000000 0.000000 0.000000 0.000000 0.000000 0.000000 0.000000 0.000000 0.000000 0.000000 </best_training_num_incorrect>
				<average_training_num_incorrect>33.166667 30.000000 21.416667 17.500000 13.916667 9.750000 9.750000 9.750000 9.083333 9.083333 6.833333 5.000000 4.916667 4.416667 4.083333 4.083333 4.083333 3.916667 3.916667 3.333333 3.250000 3.250000 3.166667 3.083333 3.083333 3.000000 3.000000 3.000000 3.000000 3.000000 3.000000 3.000000 3.000000 2.833333 2.666667 2.583333 2.583333 2.583333 2.500000 2.500000 2.416667 2.416667 2.333333 2.333333 2.250000 2.250000 2.250000 2.166667 2.166667 2.000000 2.000000 2.000000 1.916667 1.916667 1.833333 1.833333 1.666667 1.666667 1.666667 1.666667 1.500000 1.500000 1.500000 1.500000 1.333333 1.333333 1.333333 1.333333 1.333333 1.333333 1.333333 1.166667 1.166667 1.083333 1.083333 1.083333 1.083333 1.083333 0.916667 0.916667 0.916667 0.916667 0.916667 0.916667 0.833333 0.500000 0.500000 0.500000 0.500000 0.500000 0.500000 0.500000 0.416667 0.416667 0.416667 0.333333 0.333333 0.333333 0.166667 0.166667 </average_training_num_incorrect>
				<best_validation_num_incorrect>-1</best_validation_num_incorrect>
				<test_num_incorrect>-1</test_num_incorrect>
				<last_generation>99</last_generation>
				<num_generations>100</num_generations>
				<program>
					<code_length>100</code_length>
					<num_variables>4</num_variables>
					<num_outputs>0</num_outputs>
					<problem_type>2</problem_type>
					<data_type>0</data_type>
					<error_measure>3</error_measure>
					<code>
						<i>3</i>
						<i>4294967293 0 0 0 0</i>
						<i>2</i>
						<i>4294967295 1 0 1 1</i>
						<i>4294967271 0 0 0 3</i>
						<i>5</i>
						<i>4294967293 5 2 2 5</i>
						<i>0</i>
						<i>4</i>
						<i>4294967271 5 5 3 8</i>
						<i>4294967270 3 2 6 0</i>
						<i>4294967293 6 0 5 4</i>
						<i>3</i>
						<i>4294967292 7 9 10 0</i>
						<i>4294967270 2 13 6 3</i>
						<i>4294967293 12 10 3 14</i>
						<i>4294967271 6 6 7 9</i>
						<i>3</i>
						<i>3</i>
						<i>4294967295 18 2 3 13</i>
						<i>4294967294 18 16 9 17</i>
						<i>4294967292 8 2 15 12</i>
						<i>3</i>
						<i>4294967295 22 6 0 0</i>
						<i>8</i>
						<i>4294967294 8 1 14 8</i>
						<i>4294967293 16 10 8 12</i>
						<i>4294967292 13 5 20 8</i>
						<i>4294967295 9 25 0 20</i>
						<i>4294967295 6 19 0 12</i>
						<i>0</i>
						<i>0</i>
						<i>4294967271 18 8 2 14</i>
						<i>4294967294 25 9 4 27</i>
						<i>4294967271 16 30 33 23</i>
						<i>2</i>
						<i>4</i>
						<i>1</i>
						<i>4294967295 14 20 34 31</i>
						<i>3</i>
						<i>4294967294 17 3 29 36</i>
						<i>1</i>
						<i>4294967271 2 25 35 12</i>
						<i>4294967295 0 39 39 35</i>
						<i>0</i>
						<i>4294967293 17 28 24 12</i>
						<i>4294967294 18 13 10 24</i>
						<i>2</i>
						<i>4294967292 35 46 36 4</i>
						<i>4294967295 44 15 30 41</i>
						<i>4294967271 46 44 29 42</i>
						<i>3</i>
						<i>4294967292 6 3 13 34</i>
						<i>2</i>
						<i>1</i>
						<i>2</i>
						<i>4294967293 15 53 21 11</i>
						<i>4294967271 1 33 35 2</i>
						<i>8</i>
						<i>1</i>
						<i>3</i>
						<i>4294967293 3 54 10 0</i>
						<i>4294967271 34 57 48 54</i>
						<i>4294967270 14 59 52 62</i>
						<i>1</i>
						<i>0</i>
						<i>1</i>
						<i>2</i>
						<i>3</i>
						<i>4294967295 68 24 36 67</i>
						<i>3</i>
						<i>1</i>
						<i>1</i>
						<i>4294967294 60 26 55 53</i>
						<i>3</i>
						<i>4294967294 61 68 18 58</i>
						<i>4294967271 10 37 38 37</i>
						<i>4294967270 10 36 68 6</i>
						<i>2</i>
						<i>3</i>
						<i>4294967271 34 35 74 33</i>
						<i>4294967293 59 41 11 33</i>
						<i>6</i>
						<i>4294967295 44 39 38 79</i>
						<i>0</i>
						<i>6</i>
						<i>4294967292 56 79 26 12</i>
						<i>4294967271 49 83 49 75</i>
						<i>4294967295 73 75 71 1</i>
						<i>4294967271 31 65 47 2</i>
						<i>2</i>
						<i>4294967271 46 74 0 61</i>
						<i>2</i>
						<i>6</i>
						<i>4294967292 7 93 9 39</i>
						<i>4294967293 82 55 22 50</i>
						<i>1</i>
						<i>4294967292 7 46 33 19</i>
						<i>4294967271 47 15 62 94</i>
						<i>4294967292 27 60 40 36</i>
					</code>
					<best_genes></best_genes>
					<max_index_best_genes>0</max_index_best_genes>
					<error>0</error>
					<num_incorrectly_classified>0.000000</num_incorrectly_classified>
					<binary_classification_threshold>0</binary_classification_threshold>
					<num_constants>5</num_constants>
					<constants>0.142142 0.411852 0.406781 -0.236633 0.11041 </constants>
					<num_classes>3</num_classes>
					<class_centers>0 0 0 </class_centers>
					<class_labels>0 1 2 </class_labels>
				</program>
			</run>
			<run>
				<running_time>6.02129</running_time>
				<best_training_error>11.3333 11.3333 11.3333 5.33333 5.33333 5.33333 5.33333 2.66667 2.66667 2.66667 2.66667 2.66667 2.66667 2.66667 2.66667 2.66667 2.66667 2.66667 2.66667 2.66667 2.66667 2.66667 2.66667 2 2 2 2 2 2 2 2 2 2 2 2 2 2 2 2 2 2 2 2 2 2 2 2 2 2 2 2 2 2 2 2 2 2 2 2 2 2 2 2 2 2 2 2 2 2 2 2 2 2 2 2 2 2 2 2 2 2 2 2 2 2 2 2 2 2 2 2 2 2 2 2 2 2 2 2 2 </best_training_error>
				<average_training_error>67.1467 57.755 51.775 44.6642 38.6008 35.36 33.5225 32.2892 31.6067 31.055 30.1033 29.4542 27.9792 26.1483 23.2217 19.4017 16.8975 14.3467 11.0308 7.94667 6.32833 5.3875 4.95417 4.71333 4.325 4.14417 3.88333 3.58917 3.18833 2.75167 2.64917 2.64083 2.63 2.60417 2.5475 2.46583 2.37417 2.335 2.32 2.3175 2.31083 2.29667 2.27833 2.2475 2.18333 2.12917 2.08417 2.06583 2.055 2.03167 2 2 2 2 2 2 2 2 2 2 2 2 2 2 2 2 2 2 2 2 2 2 2 2 2 2 2 2 2 2 2 2 2 2 2 2 2 2 2 2 2 2 2 2 2 2 2 2 2 2 </average_training_error>
				<best_validation_error>-1</best_validation_error>
				<test_error>-1</test_error>
				<best_training_num_incorrect>11.333333 11.333333 11.333333 5.333333 5.333333 5.333333 5.333333 2.666667 2.666667 2.666667 2.666667 2.666667 2.666667 2.666667 2.666667 2.666667 2.666667 2.666667 2.666667 2.666667 2.666667 2.666667 2.666667 2.000000 2.000000 2.000000 2.000000 2.000000 2.000000 2.000000 2.000000 2.000000 2.000000 2.000000 2.000000 2.000000 2.000000 2.000000 2.000000 2.000000 2.000000 2.000000 2.000000 2.000000 2.000000 2.000000 2.000000 2.000000 2.000000 2.000000 2.000000 2.000000 2.000000 2.000000 2.000000 2.000000 2.000000 2.000000 2.000000 2.000000 2.000000 2.000000 2.000000 2.000000 2.000000 2.000000 2.000000 2.000000 2.000000 2.000000 2.000000 2.000000 2.000000 2.000000 2.000000 2.000000 2.000000 2.000000 2.000000 2.000000 2.000000 2.000000 2.000000 2.000000 2.000000 2.000000 2.000000 2.000000 2.000000 2.000000 2.000000 2.000000 2.000000 2.000000 2.000000 2.000000 2.000000 2.000000 2.000000 2.000000 </best_training_num_incorrect>
				<average_training_num_incorrect>29.750000 27.333333 24.500000 18.083333 15.333333 14.500000 12.500000 9.000000 8.166667 7.250000 5.833333 5.583333 5.250000 4.583333 4.583333 4.250000 3.666667 3.666667 3.500000 3.500000 2.833333 2.833333 2.833333 2.750000 2.666667 2.666667 2.500000 2.416667 2.250000 2.250000 2.250000 2.250000 2.250000 2.166667 2.083333 2.083333 2.083333 2.083333 2.083333 2.083333 2.000000 2.000000 2.000000 2.000000 2.000000 2.000000 2.000000 2.000000 2.000000 2.000000 2.000000 2.000000 2.000000 2.000000 2.000000 2.000000 2.000000 2.000000 2.000000 2.000000 2.000000 2.000000 2.000000 2.000000 2.000000 2.000000 2.000000 2.000000 2.000000 2.000000 2.000000 2.000000 2.000000 2.000000 2.000000 2.000000 2.000000 2.000000 2.000000 2.000000 2.000000 2.000000 2.000000 2.000000 2.000000 2.000000 2.000000 2.000000 2.000000 2.000000 2.000000 2.000000 2.000000 2.000000 2.000000 2.000000 2.000000 2.000000 2.000000 2.000000 </average_training_num_incorrect>
				<best_validation_num_incorrect>-1</best_validation_num_incorrect>
				<test_num_incorrect>-1</test_num_incorrect>
				<last_generation>99</last_generation>
				<num_generations>100</num_generations>
				<program>
					<code_length>100</code_length>
					<num_variables>4</num_variables>
					<num_outputs>0</num_outputs>
					<problem_type>2</problem_type>
					<data_type>0</data_type>
					<error_measure>3</error_measure>
					<code>
						<i>3</i>
						<i>2</i>
						<i>6</i>
						<i>4294967271 1 2 0 2</i>
						<i>2</i>
						<i>4294967270 2 2 3 0</i>
						<i>4294967292 3 3 0 1</i>
						<i>4294967271 2 6 6 3</i>
						<i>4294967293 1 6 0 2</i>
						<i>4294967271 7 3 2 2</i>
						<i>3</i>
						<i>4</i>
						<i>1</i>
						<i>1</i>
						<i>0</i>
						<i>1</i>
						<i>4294967270 8 9 14 10</i>
						<i>3</i>
						<i>4</i>
						<i>4294967295 5 7 8 0</i>
						<i>2</i>
						<i>2</i>
						<i>1</i>
						<i>8</i>
						<i>1</i>
						<i>4294967270 19 9 7 10</i>
						<i>2</i>
						<i>3</i>
						<i>1</i>
						<i>4294967270 23 25 8 24</i>
						<i>4294967292 6 7 21 5</i>
						<i>4294967271 3 23 4 22</i>
						<i>4294967270 23 22 31 12</i>
						<i>0</i>
						<i>3</i>
						<i>4294967293 20 19 14 13</i>
						<i>4294967295 25 19 21 4</i>
						<i>4294967295 15 26 35 24</i>
						<i>5</i>
						<i>1</i>
						<i>4294967292 15 8 30 15</i>
						<i>3</i>
						<i>4294967293 6 33 13 30</i>
						<i>4294967294 42 7 7 38</i>
						<i>4294967270 8 37 22 27</i>
						<i>3</i>
						<i>3</i>
						<i>5</i>
						<i>4294967295 36 12 1 31</i>
						<i>1</i>
						<i>2</i>
						<i>1</i>
						<i>1</i>
						<i>2</i>
						<i>0</i>
						<i>0</i>
						<i>4294967270 28 45 45 55</i>
						<i>4294967292 48 0 25 14</i>
						<i>3</i>
						<i>4294967271 8 44 55 2</i>
						<i>4294967293 34 33 48 51</i>
						<i>3</i>
						<i>4294967295 16 1 37 33</i>
						<i>4294967292 45 13 54 12</i>
						<i>4294967292 25 43 60 31</i>
						<i>4294967294 49 10 41 7</i>
						<i>4294967293 61 24 28 43</i>
						<i>4294967292 4 30 41 32</i>
						<i>1</i>
						<i>4294967270 41 9 56 29</i>
						<i>4294967295 37 43 53 33</i>
						<i>4294967271 31 51 52 29</i>
						<i>0</i>
						<i>1</i>
						<i>1</i>
						<i>4294967292 48 74 26 26</i>
						<i>6</i>
						<i>7</i>
						<i>2</i>
						<i>2</i>
						<i>2</i>
						<i>8</i>
						<i>2</i>
						<i>4294967295 41 10 69 43</i>
						<i>4294967292 0 28 43 43</i>
						<i>4294967271 17 75 61 83</i>
						<i>0</i>
						<i>4294967271 0 65 2 71</i>
						<i>4294967292 86 11 61 36</i>
						<i>8</i>
						<i>5</i>
						<i>1</i>
						<i>4294967270 13 56 42 63</i>
						<i>5</i>
						<i>1</i>
						<i>2</i>
						<i>4294967295 94 50 54 26</i>
						<i>4294967292 0 22 72 41</i>
						<i>4294967295 55 12 69 11</i>
						<i>3</i>
					</code>
					<best_genes></best_genes>
					<max_index_best_genes>0</max_index_best_genes>
					<error>2</error>
					<num_incorrectly_classified>2.000000</num_incorrectly_classified>
					<binary_classification_threshold>0</binary_classification_threshold>
					<num_constants>5</num_constants>
					<constants>-0.580917 0.477781 0.0518685 0.436666 0.771062 </constants>
					<num_classes>3</num_classes>
					<class_centers>0 0 0 </class_centers>
					<class_labels>0 1 2 </class_labels>
				</program>
			</run>
			<run>
				<running_time>6.3589</running_time>
				<best_training_error>20 15.3333 15.3333 4 4 4 4 4 4 4 4 4 4 4 4 4 3.33333 3.33333 3.33333 2.66667 2.66667 2.66667 2.66667 2.66667 2.66667 2.66667 2.66667 2.66667 2.66667 2 2 2 2 2 2 2 2 2 2 2 2 2 2 2 2 2 1.33333 1.33333 1.33333 1.33333 1.33333 1.33333 1.33333 1.33333 1.33333 1.33333 1.33333 1.33333 1.33333 1.33333 1.33333 1.33333 1.33333 1.33333 1.33333 1.33333 1.33333 1.33333 1.33333 1.33333 1.33333 1.33333 1.33333 1.33333 1.33333 1.33333 1.33333 1.33333 1.33333 1.33333 1.33333 1.33333 1.33333 1.33333 1.33333 1.33333 1.33333 1.33333 1.33333 1.33333 1.33333 1.33333 1.33333 1.33333 1.33333 1.33333 1.33333 1.33333 1.33333 1.33333 </best_training_error>
				<average_training_error>66.9892 57.1808 50.6275 42.8175 37.5108 34.4667 33.1717 32.2533 31.5283 31.1158 30.2492 29.0858 27.7933 26.3617 24.1308 21.5392 17.8083 14.555 12.5808 11.0542 9.55583 8.565 7.41083 6.35333 5.42917 4.91083 4.505 4.16417 3.95417 3.65333 3.40667 3.21833 3.10917 3.0225 2.9725 2.92833 2.8975 2.88583 2.86917 2.83417 2.7575 2.67 2.615 2.58417 2.53333 2.4775 2.42167 2.4 2.3875 2.35833 2.30917 2.21583 2.12083 2.08917 2.07833 2.06167 2.02833 1.96917 1.91417 1.9125 1.91 1.90417 1.9 1.89667 1.88917 1.87083 1.8425 1.795 1.75833 1.74667 1.74583 1.74333 1.7375 1.73 1.715 1.7 1.67583 1.6625 1.66083 1.66 1.65833 1.65417 1.65167 1.64833 1.64167 1.63333 1.62083 1.60167 1.58 1.57917 1.5775 1.57667 1.57583 1.57167 1.56583 1.55917 1.54583 1.535 1.52083 1.50083 </average_training_error>
				<best_validation_error>-1</best_validation_error>
				<test_error>-1</test_error>
				<best_training_num_incorrect>20.000000 15.333333 15.333333 4.000000 4.000000 4.000000 4.000000 4.000000 4.000000 4.000000 4.000000 4.000000 4.000000 4.000000 4.000000 4.000000 3.333333 3.333333 3.333333 2.666667 2.666667 2.666667 2.666667 2.666667 2.666667 2.666667 2.666667 2.666667 2.666667 2.000000 2.000000 2.000000 2.000000 2.000000 2.000000 2.000000 2.000000 2.000000 2.000000 2.000000 2.000000 2.000000 2.000000 2.000000 2.000000 2.000000 1.333333 1.333333 1.333333 1.333333 1.333333 1.333333 1.333333 1.333333 1.333333 1.333333 1.333333 1.333333 1.333333 1.333333 1.333333 1.333333 1.333333 1.333333 1.333333 1.333333 1.333333 1.333333 1.333333 1.333333 1.333333 1.333333 1.333333 1.333333 1.333333 1.333333 1.333333 1.333333 1.333333 1.333333 1.333333 1.333333 1.333333 1.333333 1.333333 1.333333 1.333333 1.333333 1.333333 1.333333 1.333333 1.333333 1.333333 1.333333 1.333333 1.333333 1.333333 1.333333 1.333333 1.333333 </best_training_num_incorrect>
				<average_training_num_incorrect>30.083333 24.500000 21.000000 18.416667 15.916667 15.250000 14.416667 10.500000 9.750000 9.750000 9.750000 8.583333 8.416667 8.000000 6.750000 6.083333 4.666667 4.166667 4.000000 3.750000 3.500000 3.416667 3.333333 3.250000 3.250000 3.166667 3.083333 3.083333 3.000000 2.916667 2.916667 2.750000 2.750000 2.750000 2.500000 2.500000 2.416667 2.416667 2.416667 2.416667 2.333333 2.333333 2.333333 2.333333 2.333333 2.250000 2.083333 2.083333 2.083333 2.083333 2.083333 2.083333 1.916667 1.916667 1.916667 1.916667 1.916667 1.750000 1.750000 1.750000 1.750000 1.750000 1.666667 1.666667 1.666667 1.666667 1.666667 1.666667 1.666667 1.666667 1.666667 1.666667 1.666667 1.583333 1.583333 1.583333 1.583333 1.583333 1.583333 1.583333 1.583333 1.500000 1.500000 1.500000 1.500000 1.500000 1.500000 1.500000 1.500000 1.500000 1.500000 1.500000 1.500000 1.500000 1.416667 1.416667 1.416667 1.416667 1.416667 1.416667 </average_training_num_incorrect>
				<best_validation_num_incorrect>-1</best_validation_num_incorrect>
				<test_num_incorrect>-1</test_num_incorrect>
				<last_generation>99</last_generation>
				<num_generations>100</num_generations>
				<program>
					<code_length>100</code_length>
					<num_variables>4</num_variables>
					<num_outputs>0</num_outputs>
					<problem_type>2</problem_type>
					<data_type>0</data_type>
					<error_measure>3</error_measure>
					<code>
						<i>3</i>
						<i>4294967271 0 0 0 0</i>
						<i>4294967270 0 0 1 1</i>
						<i>1</i>
						<i>4294967295 0 2 0 0</i>
						<i>4294967294 3 0 4 0</i>
						<i>4294967293 4 1 5 5</i>
						<i>4294967293 0 2 6 2</i>
						<i>4294967270 6 5 1 3</i>
						<i>3</i>
						<i>4294967270 4 4 8 8</i>
						<i>4294967292 3 3 4 7</i>
						<i>4294967292 9 7 1 2</i>
						<i>3</i>
						<i>2</i>
						<i>0</i>
						<i>4</i>
						<i>4294967294 8 6 7 6</i>
						<i>0</i>
						<i>4</i>
						<i>4294967293 15 8 4 6</i>
						<i>4294967292 12 9 18 18</i>
						<i>4294967294 14 3 11 9</i>
						<i>6</i>
						<i>2</i>
						<i>0</i>
						<i>3</i>
						<i>1</i>
						<i>4294967292 10 12 25 26</i>
						<i>0</i>
						<i>4294967294 17 1 11 17</i>
						<i>7</i>
						<i>3</i>
						<i>4294967293 29 31 13 25</i>
						<i>6</i>
						<i>4294967292 16 21 22 21</i>
						<i>2</i>
						<i>4294967295 20 28 2 7</i>
						<i>4294967295 7 2 2 3</i>
						<i>0</i>
						<i>3</i>
						<i>4294967292 2 31 10 18</i>
						<i>4294967293 5 36 16 37</i>
						<i>4294967271 22 9 27 18</i>
						<i>1</i>
						<i>2</i>
						<i>0</i>
						<i>2</i>
						<i>2</i>
						<i>4294967270 48 31 27 38</i>
						<i>4294967294 39 25 41 16</i>
						<i>4294967271 44 11 1 45</i>
						<i>2</i>
						<i>4294967271 20 23 12 33</i>
						<i>4294967270 33 28 42 29</i>
						<i>4294967270 35 41 10 21</i>
						<i>1</i>
						<i>4294967294 34 46 17 48</i>
						<i>8</i>
						<i>3</i>
						<i>4294967295 35 27 31 15</i>
						<i>4294967295 11 28 30 27</i>
						<i>4294967295 8 51 7 59</i>
						<i>6</i>
						<i>1</i>
						<i>0</i>
						<i>2</i>
						<i>3</i>
						<i>4294967294 51 62 5 52</i>
						<i>4294967271 60 23 57 34</i>
						<i>4</i>
						<i>4294967271 59 34 1 11</i>
						<i>1</i>
						<i>4294967270 30 23 31 67</i>
						<i>2</i>
						<i>4294967295 42 47 12 69</i>
						<i>4294967270 23 32 22 17</i>
						<i>4294967293 36 62 6 73</i>
						<i>0</i>
						<i>2</i>
						<i>4294967295 6 52 66 1</i>
						<i>1</i>
						<i>0</i>
						<i>8</i>
						<i>4294967270 5 55 43 10</i>
						<i>0</i>
						<i>0</i>
						<i>4294967294 1 20 19 24</i>
						<i>4294967295 52 14 66 11</i>
						<i>2</i>
						<i>4294967294 72 32 8 36</i>
						<i>3</i>
						<i>4294967293 33 50 34 11</i>
						<i>2</i>
						<i>0</i>
						<i>4294967293 49 24 89 20</i>
						<i>4294967271 61 75 35 48</i>
						<i>4294967295 79 96 71 68</i>
						<i>0</i>
						<i>4294967294 96 41 77 74</i>
					</code>
					<best_genes></best_genes>
					<max_index_best_genes>0</max_index_best_genes>
					<error>1.33333</error>
					<num_incorrectly_classified>1.333333</num_incorrectly_classified>
					<binary_classification_threshold>0</binary_classification_threshold>
					<num_constants>5</num_constants>
					<constants>-0.982169 -0.0961116 -0.221688 0.687342 0.476591 </constants>
					<num_classes>3</num_classes>
					<class_centers>0 0 0 </class_centers>
					<class_labels>0 1 2 </class_labels>
				</program>
			</run>
			<run>
				<running_time>6.55605</running_time>
				<best_training_error>13.3333 10.6667 4 4 4 4 4 2 2 2 2 2 2 2 2 2 2 2 2 2 2 2 2 2 2 2 2 2 2 2 2 2 2 1.33333 1.33333 1.33333 1.33333 1.33333 1.33333 0.666667 0.666667 0.666667 0.666667 0.666667 0.666667 0.666667 0.666667 0.666667 0.666667 0.666667 0.666667 0.666667 0.666667 0.666667 0.666667 0.666667 0.666667 0.666667 0.666667 0.666667 0.666667 0.666667 0.666667 0.666667 0.666667 0.666667 0.666667 0.666667 0.666667 0.666667 0.666667 0.666667 0.666667 0.666667 0.666667 0.666667 0.666667 0.666667 0.666667 0.666667 0.666667 0.666667 0.666667 0.666667 0.666667 0.666667 0.666667 0.666667 0.666667 0.666667 0.666667 0.666667 0.666667 0.666667 0.666667 0.666667 0.666667 0.666667 0.666667 0.666667 </best_training_error>
				<average_training_error>67.1483 57.5092 51.8125 45.2275 39.2358 35.6483 33.6742 32.3117 31.4792 30.615 29.5933 28.1292 25.9825 23.2208 20.4933 17.5992 14.7575 12.0358 9.61333 7.57417 6.31333 5.57917 5.04 4.485 4.15 3.89 3.74667 3.585 3.45333 3.32583 3.05 2.66417 2.56583 2.555 2.53833 2.50083 2.46833 2.44333 2.39333 2.31083 2.23583 2.18917 2.12333 2.03333 1.9825 1.91583 1.84 1.80167 1.7825 1.73917 1.69 1.63417 1.5575 1.48083 1.46917 1.445 1.39833 1.315 1.25667 1.22833 1.15333 1.08917 1.08 1.07583 1.07417 1.07167 1.06667 1.05583 1.03583 1.00583 0.996667 0.995 0.9925 0.988333 0.976667 0.965833 0.945 0.915 0.908333 0.906667 0.905 0.891667 0.870833 0.8425 0.830833 0.829167 0.8275 0.824167 0.820833 0.8175 0.81 0.799167 0.788333 0.7625 0.7375 0.7325 0.725833 0.7125 0.69 0.666667 </average_training_error>
				<best_validation_error>-1</best_validation_error>
				<test_error>-1</test_error>
				<best_training_num_incorrect>13.333333 10.666667 4.000000 4.000000 4.000000 4.000000 4.000000 2.000000 2.000000 2.000000 2.000000 2.000000 2.000000 2.000000 2.000000 2.000000 2.000000 2.000000 2.000000 2.000000 2.000000 2.000000 2.000000 2.000000 2.000000 2.000000 2.000000 2.000000 2.000000 2.000000 2.000000 2.000000 2.000000 1.333333 1.333333 1.333333 1.333333 1.333333 1.333333 0.666667 0.666667 0.666667 0.666667 0.666667 0.666667 0.666667 0.666667 0.666667 0.666667 0.666667 0.666667 0.666667 0.666667 0.666667 0.666667 0.666667 0.666667 0.666667 0.666667 0.666667 0.666667 0.666667 0.666667 0.666667 0.666667 0.666667 0.666667 0.666667 0.666667 0.666667 0.666667 0.666667 0.666667 0.666667 0.666667 0.666667 0.666667 0.666667 0.666667 0.666667 0.666667 0.666667 0.666667 0.666667 0.666667 0.666667 0.666667 0.666667 0.666667 0.666667 0.666667 0.666667 0.666667 0.666667 0.666667 0.666667 0.666667 0.666667 0.666667 0.666667 </best_training_num_incorrect>
				<average_training_num_incorrect>29.333333 26.500000 20.666667 19.833333 15.250000 12.166667 11.500000 10.583333 10.500000 10.250000 10.250000 9.333333 6.666667 4.500000 4.250000 3.833333 3.750000 3.750000 3.750000 3.416667 3.416667 3.333333 2.833333 2.583333 2.583333 2.500000 2.333333 2.333333 2.333333 2.333333 2.333333 2.333333 2.333333 2.250000 2.250000 2.166667 2.166667 1.916667 1.916667 1.750000 1.750000 1.750000 1.750000 1.666667 1.583333 1.500000 1.500000 1.416667 1.416667 1.333333 1.250000 1.166667 1.083333 1.083333 1.083333 1.083333 1.083333 1.000000 1.000000 1.000000 1.000000 1.000000 1.000000 0.916667 0.916667 0.916667 0.916667 0.916667 0.916667 0.916667 0.916667 0.833333 0.833333 0.833333 0.833333 0.833333 0.833333 0.833333 0.833333 0.833333 0.833333 0.750000 0.750000 0.750000 0.750000 0.750000 0.666667 0.666667 0.666667 0.666667 0.666667 0.666667 0.666667 0.666667 0.666667 0.666667 0.666667 0.666667 0.666667 0.666667 </average_training_num_incorrect>
				<best_validation_num_incorrect>-1</best_validation_num_incorrect>
				<test_num_incorrect>-1</test_num_incorrect>
				<last_generation>99</last_generation>
				<num_generations>100</num_generations>
				<program>
					<code_length>100</code_length>
					<num_variables>4</num_variables>
					<num_outputs>0</num_outputs>
					<problem_type>2</problem_type>
					<data_type>0</data_type>
					<error_measure>3</error_measure>
					<code>
						<i>3</i>
						<i>2</i>
						<i>4294967293 1 0 0 1</i>
						<i>0</i>
						<i>3</i>
						<i>0</i>
						<i>4294967292 5 0 3 0</i>
						<i>0</i>
						<i>1</i>
						<i>4294967295 4 2 1 5</i>
						<i>1</i>
						<i>1</i>
						<i>2</i>
						<i>4294967292 3 10 8 0</i>
						<i>0</i>
						<i>4294967294 9 10 3 14</i>
						<i>4294967271 13 1 12 5</i>
						<i>0</i>
						<i>7</i>
						<i>4294967294 2 9 14 10</i>
						<i>4294967271 15 8 13 11</i>
						<i>0</i>
						<i>4294967293 18 18 15 21</i>
						<i>1</i>
						<i>0</i>
						<i>2</i>
						<i>4294967294 3 24 21 25</i>
						<i>4294967270 17 8 19 0</i>
						<i>4294967295 1 15 0 13</i>
						<i>0</i>
						<i>4294967293 21 18 25 14</i>
						<i>4294967293 13 24 19 25</i>
						<i>4294967294 16 8 28 20</i>
						<i>2</i>
						<i>3</i>
						<i>0</i>
						<i>4294967270 27 1 6 9</i>
						<i>4294967295 8 27 13 10</i>
						<i>3</i>
						<i>4294967295 17 36 5 31</i>
						<i>2</i>
						<i>0</i>
						<i>4294967294 13 33 39 27</i>
						<i>5</i>
						<i>2</i>
						<i>2</i>
						<i>4294967292 19 10 40 5</i>
						<i>2</i>
						<i>4294967292 37 41 2 43</i>
						<i>4294967295 40 0 41 34</i>
						<i>4294967293 4 47 12 2</i>
						<i>0</i>
						<i>1</i>
						<i>4294967295 13 19 45 8</i>
						<i>4294967270 46 53 32 17</i>
						<i>4294967292 27 38 16 23</i>
						<i>4294967271 20 24 4 54</i>
						<i>4294967271 40 56 15 49</i>
						<i>4294967294 34 2 50 44</i>
						<i>4294967270 25 58 50 56</i>
						<i>4294967270 44 4 17 25</i>
						<i>5</i>
						<i>3</i>
						<i>2</i>
						<i>6</i>
						<i>4294967293 57 54 42 48</i>
						<i>4294967295 34 38 59 55</i>
						<i>0</i>
						<i>1</i>
						<i>4294967295 17 52 13 40</i>
						<i>1</i>
						<i>4294967292 1 70 24 12</i>
						<i>2</i>
						<i>3</i>
						<i>8</i>
						<i>4294967294 66 4 2 7</i>
						<i>4</i>
						<i>1</i>
						<i>1</i>
						<i>4294967270 73 46 56 76</i>
						<i>4294967271 71 73 67 1</i>
						<i>4294967270 7 6 37 27</i>
						<i>4294967292 42 59 34 47</i>
						<i>4294967294 56 16 51 71</i>
						<i>4294967295 76 39 82 41</i>
						<i>4294967292 20 24 5 29</i>
						<i>4294967294 40 11 80 42</i>
						<i>4294967295 22 19 44 68</i>
						<i>4294967294 10 61 67 61</i>
						<i>4294967271 86 38 78 83</i>
						<i>1</i>
						<i>3</i>
						<i>4294967294 11 62 52 35</i>
						<i>2</i>
						<i>1</i>
						<i>4294967271 43 62 46 79</i>
						<i>6</i>
						<i>2</i>
						<i>1</i>
						<i>4294967292 87 89 73 84</i>
					</code>
					<best_genes></best_genes>
					<max_index_best_genes>0</max_index_best_genes>
					<error>0.666667</error>
					<num_incorrectly_classified>0.666667</num_incorrectly_classified>
					<binary_classification_threshold>0</binary_classification_threshold>
					<num_constants>5</num_constants>
					<constants>-0.223305 0.0644694 -0.245574 -0.301251 -0.0403607 </constants>
					<num_classes>3</num_classes>
					<class_centers>0 0 0 </class_centers>
					<class_labels>0 1 2 </class_labels>
				</program>
			</run>
			<run>
				<running_time>6.64394</running_time>
				<best_training_error>26 13.3333 8.66667 3.33333 3.33333 3.33333 3.33333 3.33333 3.33333 3.33333 3.33333 3.33333 2.66667 2.66667 2.66667 2.66667 2.66667 2 2 2 2 2 1.33333 1.33333 1.33333 1.33333 1.33333 1.33333 1.33333 1.33333 1.33333 1.33333 1.33333 1.33333 1.33333 1.33333 1.33333 1.33333 1.33333 1.33333 1.33333 1.33333 1.33333 1.33333 1.33333 1.33333 1.33333 1.33333 1.33333 1.33333 1.33333 1.33333 1.33333 1.33333 1.33333 1.33333 1.33333 1.33333 1.33333 1.33333 1.33333 1.33333 1.33333 1.33333 1.33333 1.33333 1.33333 1.33333 1.33333 1.33333 1.33333 1.33333 1.33333 1.33333 1.33333 1.33333 1.33333 1.33333 1.33333 1.33333 1.33333 1.33333 1.33333 1.33333 1.33333 1.33333 1.33333 1.33333 1.33333 1.33333 1.33333 1.33333 1.33333 1.33333 1.33333 1.33333 1.33333 1.33333 1.33333 1.33333 </best_training_error>
				<average_training_error>67.7383 57.2867 50.3592 43.1708 37.3992 34.4617 32.8108 31.6708 30.8608 30.0675 29.035 27.7125 25.7217 23.2008 19.6367 15.8058 12.4783 10.7358 9.21 7.68417 6.43417 5.31917 4.54833 4.16833 3.90583 3.65417 3.36917 3.09333 2.93667 2.80667 2.60667 2.4975 2.35167 2.2675 2.2275 2.1425 2.05083 1.9325 1.7925 1.70667 1.66583 1.665 1.6625 1.66 1.65833 1.65417 1.65167 1.64083 1.62167 1.58667 1.57833 1.57583 1.5725 1.56417 1.54833 1.52417 1.4975 1.49583 1.4925 1.49083 1.48667 1.47583 1.46917 1.455 1.42667 1.41583 1.415 1.41417 1.41083 1.40833 1.40417 1.39667 1.37667 1.345 1.33333 1.33333 1.33333 1.33333 1.33333 1.33333 1.33333 1.33333 1.33333 1.33333 1.33333 1.33333 1.33333 1.33333 1.33333 1.33333 1.33333 1.33333 1.33333 1.33333 1.33333 1.33333 1.33333 1.33333 1.33333 1.33333 </average_training_error>
				<best_validation_error>-1</best_validation_error>
				<test_error>-1</test_error>
				<best_training_num_incorrect>26.000000 13.333333 8.666667 3.333333 3.333333 3.333333 3.333333 3.333333 3.333333 3.333333 3.333333 3.333333 2.666667 2.666667 2.666667 2.666667 2.666667 2.000000 2.000000 2.000000 2.000000 2.000000 1.333333 1.333333 1.333333 1.333333 1.333333 1.333333 1.333333 1.333333 1.333333 1.333333 1.333333 1.333333 1.333333 1.333333 1.333333 1.333333 1.333333 1.333333 1.333333 1.333333 1.333333 1.333333 1.333333 1.333333 1.333333 1.333333 1.333333 1.333333 1.333333 1.333333 1.333333 1.333333 1.333333 1.333333 1.333333 1.333333 1.333333 1.333333 1.333333 1.333333 1.333333 1.333333 1.333333 1.333333 1.333333 1.333333 1.333333 1.333333 1.333333 1.333333 1.333333 1.333333 1.333333 1.333333 1.333333 1.333333 1.333333 1.333333 1.333333 1.333333 1.333333 1.333333 1.333333 1.333333 1.333333 1.333333 1.333333 1.333333 1.333333 1.333333 1.333333 1.333333 1.333333 1.333333 1.333333 1.333333 1.333333 1.333333 </best_training_num_incorrect>
				<average_training_num_incorrect>32.416667 28.916667 22.500000 12.916667 10.500000 9.083333 9.083333 7.500000 7.500000 7.333333 6.250000 5.916667 5.166667 3.750000 3.666667 3.666667 3.666667 3.416667 3.250000 3.000000 2.833333 2.833333 2.750000 2.666667 2.583333 2.333333 2.083333 2.000000 2.000000 2.000000 2.000000 1.833333 1.666667 1.666667 1.666667 1.666667 1.666667 1.666667 1.666667 1.583333 1.583333 1.583333 1.583333 1.583333 1.583333 1.583333 1.583333 1.500000 1.500000 1.500000 1.416667 1.416667 1.416667 1.416667 1.416667 1.416667 1.416667 1.416667 1.416667 1.416667 1.416667 1.416667 1.416667 1.416667 1.333333 1.333333 1.333333 1.333333 1.333333 1.333333 1.333333 1.333333 1.333333 1.333333 1.333333 1.333333 1.333333 1.333333 1.333333 1.333333 1.333333 1.333333 1.333333 1.333333 1.333333 1.333333 1.333333 1.333333 1.333333 1.333333 1.333333 1.333333 1.333333 1.333333 1.333333 1.333333 1.333333 1.333333 1.333333 1.333333 </average_training_num_incorrect>
				<best_validation_num_incorrect>-1</best_validation_num_incorrect>
				<test_num_incorrect>-1</test_num_incorrect>
				<last_generation>99</last_generation>
				<num_generations>100</num_generations>
				<program>
					<code_length>100</code_length>
					<num_variables>4</num_variables>
					<num_outputs>0</num_outputs>
					<problem_type>2</problem_type>
					<data_type>0</data_type>
					<error_measure>3</error_measure>
					<code>
						<i>0</i>
						<i>3</i>
						<i>1</i>
						<i>4294967294 2 2 0 1</i>
						<i>3</i>
						<i>2</i>
						<i>3</i>
						<i>2</i>
						<i>0</i>
						<i>4294967294 0 0 7 2</i>
						<i>4294967295 6 2 0 8</i>
						<i>5</i>
						<i>3</i>
						<i>2</i>
						<i>4294967294 9 1 1 13</i>
						<i>8</i>
						<i>4294967292 10 11 6 0</i>
						<i>2</i>
						<i>4294967295 1 14 6 17</i>
						<i>7</i>
						<i>4294967270 7 13 10 6</i>
						<i>3</i>
						<i>3</i>
						<i>0</i>
						<i>4294967292 8 17 9 3</i>
						<i>4294967270 6 15 8 9</i>
						<i>1</i>
						<i>0</i>
						<i>0</i>
						<i>8</i>
						<i>4294967271 11 6 29 3</i>
						<i>1</i>
						<i>4294967293 17 6 11 11</i>
						<i>3</i>
						<i>4294967295 27 24 15 9</i>
						<i>4294967294 11 27 9 14</i>
						<i>7</i>
						<i>1</i>
						<i>1</i>
						<i>4294967270 7 23 3 28</i>
						<i>0</i>
						<i>6</i>
						<i>1</i>
						<i>7</i>
						<i>4</i>
						<i>4294967292 8 6 14 12</i>
						<i>3</i>
						<i>0</i>
						<i>4294967270 23 29 14 13</i>
						<i>4294967294 11 12 11 33</i>
						<i>0</i>
						<i>4294967293 46 35 7 34</i>
						<i>0</i>
						<i>4294967294 1 20 46 6</i>
						<i>4294967270 4 26 16 3</i>
						<i>3</i>
						<i>4294967271 25 41 7 15</i>
						<i>0</i>
						<i>8</i>
						<i>4294967270 16 5 6 24</i>
						<i>4294967294 43 41 4 32</i>
						<i>4294967295 37 43 30 0</i>
						<i>4294967270 11 39 19 18</i>
						<i>2</i>
						<i>4294967295 32 30 38 29</i>
						<i>4294967270 48 22 13 17</i>
						<i>0</i>
						<i>0</i>
						<i>4294967294 62 16 64 3</i>
						<i>7</i>
						<i>1</i>
						<i>4294967271 62 27 2 38</i>
						<i>0</i>
						<i>0</i>
						<i>2</i>
						<i>3</i>
						<i>0</i>
						<i>4294967292 43 22 50 5</i>
						<i>1</i>
						<i>1</i>
						<i>0</i>
						<i>4294967270 24 43 79 80</i>
						<i>5</i>
						<i>1</i>
						<i>1</i>
						<i>1</i>
						<i>1</i>
						<i>4294967293 9 24 57 51</i>
						<i>0</i>
						<i>7</i>
						<i>4294967271 32 72 13 68</i>
						<i>4294967293 58 82 81 86</i>
						<i>4</i>
						<i>1</i>
						<i>2</i>
						<i>4294967270 87 65 19 88</i>
						<i>4294967271 89 15 19 60</i>
						<i>0</i>
						<i>4294967271 18 92 16 70</i>
						<i>4294967270 71 90 9 42</i>
					</code>
					<best_genes></best_genes>
					<max_index_best_genes>0</max_index_best_genes>
					<error>1.33333</error>
					<num_incorrectly_classified>1.333333</num_incorrectly_classified>
					<binary_classification_threshold>0</binary_classification_threshold>
					<num_constants>5</num_constants>
					<constants>-0.917948 0.57138 0.951301 -0.538885 -0.0927188 </constants>
					<num_classes>3</num_classes>
					<class_centers>0 0 0 </class_centers>
					<class_labels>0 1 2 </class_labels>
				</program>
			</run>
			<run>
				<running_time>7.48216</running_time>
				<best_training_error>13.3333 13.3333 9.33333 9.33333 9.33333 9.33333 5.33333 5.33333 5.33333 3.33333 3.33333 3.33333 2 2 2 2 2 2 2 2 2 2 2 2 2 2 2 2 2 2 2 2 2 2 2 2 2 2 2 2 2 2 2 2 2 2 2 2 2 2 2 2 2 2 2 2 2 2 2 2 2 2 2 2 2 2 2 2 2 2 2 2 2 2 2 2 2 2 2 2 2 2 2 2 2 2 2 2 2 2 2 1.33333 1.33333 1.33333 1.33333 1.33333 1.33333 1.33333 1.33333 1.33333 </best_training_error>
				<average_training_error>65.8467 56.9992 50.4358 43.1342 37.6775 34.2733 32.6833 31.7667 31.0583 30.2167 29.1467 27.3158 24.8833 22.5467 19.6833 16.9983 14.4017 12.1183 10.035 8.555 7.52417 6.5075 5.75083 5.14167 4.785 4.34 3.78417 3.28083 2.96583 2.78333 2.7575 2.7275 2.67833 2.64417 2.6 2.54 2.49583 2.43333 2.40333 2.39833 2.38833 2.36417 2.33583 2.29 2.21 2.165 2.16417 2.16333 2.16167 2.15833 2.15167 2.1475 2.1375 2.11333 2.08333 2.0825 2.08167 2.08 2.07917 2.07667 2.07167 2.0675 2.0575 2.03917 2.005 2 2 2 2 2 2 2 2 2 2 2 2 2 2 2 2 2 2 2 2 2 2 2 2 2 2 1.99917 1.99833 1.9975 1.99333 1.985 1.97417 1.94833 1.9125 1.91167 </average_training_error>
				<best_validation_error>-1</best_validation_error>
				<test_error>-1</test_error>
				<best_training_num_incorrect>13.333333 13.333333 9.333333 9.333333 9.333333 9.333333 5.333333 5.333333 5.333333 3.333333 3.333333 3.333333 2.000000 2.000000 2.000000 2.000000 2.000000 2.000000 2.000000 2.000000 2.000000 2.000000 2.000000 2.000000 2.000000 2.000000 2.000000 2.000000 2.000000 2.000000 2.000000 2.000000 2.000000 2.000000 2.000000 2.000000 2.000000 2.000000 2.000000 2.000000 2.000000 2.000000 2.000000 2.000000 2.000000 2.000000 2.000000 2.000000 2.000000 2.000000 2.000000 2.000000 2.000000 2.000000 2.000000 2.000000 2.000000 2.000000 2.000000 2.000000 2.000000 2.000000 2.000000 2.000000 2.000000 2.000000 2.000000 2.000000 2.000000 2.000000 2.000000 2.000000 2.000000 2.000000 2.000000 2.000000 2.000000 2.000000 2.000000 2.000000 2.000000 2.000000 2.000000 2.000000 2.000000 2.000000 2.000000 2.000000 2.000000 2.000000 2.000000 1.333333 1.333333 1.333333 1.333333 1.333333 1.333333 1.333333 1.333333 1.333333 </best_training_num_incorrect>
				<average_training_num_incorrect>27.000000 26.333333 20.166667 15.083333 15.083333 15.083333 13.500000 10.416667 9.500000 8.083333 7.416667 6.583333 5.833333 5.083333 4.750000 4.750000 4.500000 4.083333 3.500000 2.916667 2.833333 2.833333 2.833333 2.833333 2.666667 2.583333 2.583333 2.583333 2.500000 2.500000 2.500000 2.500000 2.416667 2.333333 2.333333 2.250000 2.250000 2.166667 2.166667 2.166667 2.166667 2.166667 2.166667 2.083333 2.083333 2.083333 2.083333 2.083333 2.083333 2.083333 2.083333 2.083333 2.083333 2.083333 2.000000 2.000000 2.000000 2.000000 2.000000 2.000000 2.000000 2.000000 2.000000 2.000000 2.000000 2.000000 2.000000 2.000000 2.000000 2.000000 2.000000 2.000000 2.000000 2.000000 2.000000 2.000000 2.000000 2.000000 2.000000 2.000000 2.000000 2.000000 2.000000 2.000000 2.000000 2.000000 2.000000 2.000000 2.000000 2.000000 2.000000 1.916667 1.916667 1.916667 1.916667 1.833333 1.833333 1.833333 1.833333 1.833333 </average_training_num_incorrect>
				<best_validation_num_incorrect>-1</best_validation_num_incorrect>
				<test_num_incorrect>-1</test_num_incorrect>
				<last_generation>99</last_generation>
				<num_generations>100</num_generations>
				<program>
					<code_length>100</code_length>
					<num_variables>4</num_variables>
					<num_outputs>0</num_outputs>
					<problem_type>2</problem_type>
					<data_type>0</data_type>
					<error_measure>3</error_measure>
					<code>
						<i>2</i>
						<i>0</i>
						<i>4294967292 0 0 1 1</i>
						<i>3</i>
						<i>3</i>
						<i>4294967292 2 0 3 3</i>
						<i>0</i>
						<i>4294967295 5 3 0 6</i>
						<i>4294967295 2 2 7 3</i>
						<i>4294967271 2 8 6 1</i>
						<i>4294967271 8 2 9 5</i>
						<i>4294967271 1 10 2 5</i>
						<i>4294967270 2 11 6 0</i>
						<i>3</i>
						<i>4294967294 6 10 5 5</i>
						<i>1</i>
						<i>4294967294 10 6 13 10</i>
						<i>1</i>
						<i>2</i>
						<i>0</i>
						<i>4294967270 17 4 7 13</i>
						<i>4294967271 2 1 13 7</i>
						<i>3</i>
						<i>3</i>
						<i>8</i>
						<i>4294967294 19 3 1 8</i>
						<i>4294967293 24 16 7 2</i>
						<i>4294967294 7 8 3 7</i>
						<i>4294967293 22 25 2 8</i>
						<i>4294967293 5 1 7 17</i>
						<i>4294967292 13 11 18 28</i>
						<i>0</i>
						<i>4294967270 17 31 17 8</i>
						<i>4294967271 31 28 31 27</i>
						<i>4294967295 29 19 17 14</i>
						<i>4294967270 28 8 0 9</i>
						<i>0</i>
						<i>4294967293 22 23 12 0</i>
						<i>3</i>
						<i>4294967270 10 7 14 25</i>
						<i>0</i>
						<i>2</i>
						<i>2</i>
						<i>4294967294 27 26 10 5</i>
						<i>4294967270 39 4 20 32</i>
						<i>4294967294 10 25 1 27</i>
						<i>4294967292 27 32 23 13</i>
						<i>1</i>
						<i>4294967292 10 13 39 36</i>
						<i>3</i>
						<i>4294967294 3 7 16 19</i>
						<i>2</i>
						<i>4294967271 34 29 51 20</i>
						<i>4294967271 40 45 42 47</i>
						<i>4294967271 2 37 7 43</i>
						<i>4294967295 18 37 52 49</i>
						<i>1</i>
						<i>4294967270 48 42 9 52</i>
						<i>4294967294 4 28 49 11</i>
						<i>4294967295 37 20 13 38</i>
						<i>4294967270 24 0 12 33</i>
						<i>2</i>
						<i>4294967292 50 19 24 13</i>
						<i>2</i>
						<i>4294967270 42 51 13 60</i>
						<i>0</i>
						<i>3</i>
						<i>2</i>
						<i>2</i>
						<i>2</i>
						<i>2</i>
						<i>4294967294 9 55 34 52</i>
						<i>0</i>
						<i>1</i>
						<i>4294967271 40 0 10 19</i>
						<i>2</i>
						<i>0</i>
						<i>4294967293 11 1 32 46</i>
						<i>5</i>
						<i>4294967270 8 52 68 58</i>
						<i>4294967293 3 53 62 36</i>
						<i>4</i>
						<i>4294967294 71 69 24 13</i>
						<i>4294967294 77 76 13 4</i>
						<i>1</i>
						<i>1</i>
						<i>3</i>
						<i>0</i>
						<i>2</i>
						<i>4294967271 18 6 67 86</i>
						<i>6</i>
						<i>4294967294 33 8 6 65</i>
						<i>3</i>
						<i>3</i>
						<i>0</i>
						<i>4294967270 63 49 60 0</i>
						<i>4294967293 41 90 36 28</i>
						<i>3</i>
						<i>3</i>
						<i>3</i>
					</code>
					<best_genes></best_genes>
					<max_index_best_genes>0</max_index_best_genes>
					<error>1.33333</error>
					<num_incorrectly_classified>1.333333</num_incorrectly_classified>
					<binary_classification_threshold>0</binary_classification_threshold>
					<num_constants>5</num_constants>
					<constants>0.846272 -0.339226 -0.528248 0.473254 -0.114406 </constants>
					<num_classes>3</num_classes>
					<class_centers>0 0 0 </class_centers>
					<class_labels>0 1 2 </class_labels>
				</program>
			</run>
			<run>
				<running_time>7.52474</running_time>
				<best_training_error>21.3333 21.3333 12 10 4.66667 4.66667 4.66667 4.66667 4.66667 4.66667 4 4 3.33333 3.33333 2.66667 2.66667 2.66667 2.66667 2.66667 2.66667 2.66667 2.66667 2.66667 2.66667 2.66667 2.66667 2.66667 2 2 2 2 2 2 2 2 2 1.33333 1.33333 1.33333 1.33333 1.33333 1.33333 1.33333 1.33333 1.33333 1.33333 1.33333 1.33333 1.33333 1.33333 1.33333 1.33333 1.33333 1.33333 1.33333 1.33333 1.33333 1.33333 1.33333 1.33333 1.33333 1.33333 1.33333 1.33333 1.33333 1.33333 1.33333 1.33333 1.33333 1.33333 1.33333 1.33333 1.33333 1.33333 1.33333 1.33333 1.33333 1.33333 1.33333 1.33333 1.33333 1.33333 1.33333 1.33333 1.33333 1.33333 1.33333 1.33333 1.33333 1.33333 1.33333 1.33333 1.33333 1.33333 1.33333 1.33333 1.33333 1.33333 1.33333 1.33333 </best_training_error>
				<average_training_error>65.6075 57.3125 51.3892 44.4817 38.3425 35.1183 33.2808 32.0817 31.4058 30.5692 29.2967 27.765 25.99 23.4683 20.0775 16.3275 12.905 10.0675 7.9375 6.75917 5.91 5.29417 4.84667 4.50833 4.2225 3.95917 3.65083 3.455 3.2975 3.14583 3.10083 3.04667 2.96417 2.87667 2.74417 2.6775 2.6 2.51583 2.45583 2.425 2.37667 2.31083 2.25667 2.20583 2.15667 2.13917 2.11333 2.07333 1.99667 1.93583 1.90667 1.89 1.8575 1.79833 1.75667 1.725 1.70833 1.67917 1.65667 1.64917 1.63917 1.62333 1.59917 1.56167 1.55083 1.52417 1.49667 1.4925 1.48917 1.48583 1.4725 1.455 1.42667 1.41417 1.4125 1.41 1.40583 1.4025 1.38833 1.37333 1.34333 1.33333 1.33333 1.33333 1.33333 1.33333 1.33333 1.33333 1.33333 1.33333 1.33333 1.33333 1.33333 1.33333 1.33333 1.33333 1.33333 1.33333 1.33333 1.33333 </average_training_error>
				<best_validation_error>-1</best_validation_error>
				<test_error>-1</test_error>
				<best_training_num_incorrect>21.333333 21.333333 12.000000 10.000000 4.666667 4.666667 4.666667 4.666667 4.666667 4.666667 4.000000 4.000000 3.333333 3.333333 2.666667 2.666667 2.666667 2.666667 2.666667 2.666667 2.666667 2.666667 2.666667 2.666667 2.666667 2.666667 2.666667 2.000000 2.000000 2.000000 2.000000 2.000000 2.000000 2.000000 2.000000 2.000000 1.333333 1.333333 1.333333 1.333333 1.333333 1.333333 1.333333 1.333333 1.333333 1.333333 1.333333 1.333333 1.333333 1.333333 1.333333 1.333333 1.333333 1.333333 1.333333 1.333333 1.333333 1.333333 1.333333 1.333333 1.333333 1.333333 1.333333 1.333333 1.333333 1.333333 1.333333 1.333333 1.333333 1.333333 1.333333 1.333333 1.333333 1.333333 1.333333 1.333333 1.333333 1.333333 1.333333 1.333333 1.333333 1.333333 1.333333 1.333333 1.333333 1.333333 1.333333 1.333333 1.333333 1.333333 1.333333 1.333333 1.333333 1.333333 1.333333 1.333333 1.333333 1.333333 1.333333 1.333333 </best_training_num_incorrect>
				<average_training_num_incorrect>29.833333 29.333333 24.666667 18.583333 15.916667 14.916667 9.916667 7.916667 7.583333 5.833333 5.083333 5.083333 4.750000 4.750000 4.583333 4.250000 4.000000 3.833333 3.250000 3.250000 3.250000 3.166667 3.166667 3.166667 3.166667 3.166667 2.916667 2.666667 2.666667 2.500000 2.416667 2.416667 2.416667 2.416667 2.416667 2.333333 2.250000 2.250000 2.250000 2.166667 2.166667 2.166667 2.083333 1.916667 1.916667 1.916667 1.916667 1.916667 1.666667 1.666667 1.666667 1.666667 1.666667 1.583333 1.583333 1.583333 1.583333 1.500000 1.500000 1.416667 1.416667 1.416667 1.416667 1.416667 1.416667 1.416667 1.416667 1.416667 1.416667 1.416667 1.416667 1.333333 1.333333 1.333333 1.333333 1.333333 1.333333 1.333333 1.333333 1.333333 1.333333 1.333333 1.333333 1.333333 1.333333 1.333333 1.333333 1.333333 1.333333 1.333333 1.333333 1.333333 1.333333 1.333333 1.333333 1.333333 1.333333 1.333333 1.333333 1.333333 </average_training_num_incorrect>
				<best_validation_num_incorrect>-1</best_validation_num_incorrect>
				<test_num_incorrect>-1</test_num_incorrect>
				<last_generation>99</last_generation>
				<num_generations>100</num_generations>
				<program>
					<code_length>100</code_length>
					<num_variables>4</num_variables>
					<num_outputs>0</num_outputs>
					<problem_type>2</problem_type>
					<data_type>0</data_type>
					<error_measure>3</error_measure>
					<code>
						<i>8</i>
						<i>1</i>
						<i>6</i>
						<i>1</i>
						<i>3</i>
						<i>2</i>
						<i>4294967293 1 2 3 1</i>
						<i>3</i>
						<i>4294967270 1 1 1 7</i>
						<i>0</i>
						<i>0</i>
						<i>4</i>
						<i>3</i>
						<i>3</i>
						<i>1</i>
						<i>1</i>
						<i>2</i>
						<i>4294967270 16 6 14 9</i>
						<i>3</i>
						<i>4294967293 15 13 7 10</i>
						<i>4</i>
						<i>4294967295 11 4 2 11</i>
						<i>4294967294 0 0 18 20</i>
						<i>0</i>
						<i>1</i>
						<i>4294967271 22 5 2 7</i>
						<i>0</i>
						<i>4294967271 23 6 5 10</i>
						<i>4294967295 6 10 5 22</i>
						<i>3</i>
						<i>4294967295 21 3 5 4</i>
						<i>4</i>
						<i>7</i>
						<i>7</i>
						<i>4294967270 27 30 10 19</i>
						<i>4294967270 2 19 0 19</i>
						<i>0</i>
						<i>4294967271 15 23 34 4</i>
						<i>2</i>
						<i>4294967294 36 16 31 19</i>
						<i>1</i>
						<i>1</i>
						<i>3</i>
						<i>4294967294 22 42 5 36</i>
						<i>3</i>
						<i>3</i>
						<i>4294967295 27 4 24 31</i>
						<i>0</i>
						<i>2</i>
						<i>1</i>
						<i>1</i>
						<i>4294967292 11 7 6 32</i>
						<i>4294967270 24 7 32 49</i>
						<i>0</i>
						<i>4294967294 42 2 25 25</i>
						<i>3</i>
						<i>0</i>
						<i>4294967294 29 0 22 8</i>
						<i>4294967270 54 23 21 16</i>
						<i>2</i>
						<i>4294967270 54 7 47 29</i>
						<i>4294967270 47 39 5 19</i>
						<i>6</i>
						<i>4294967294 55 5 41 21</i>
						<i>4294967295 62 39 47 48</i>
						<i>4294967294 7 22 8 42</i>
						<i>4294967292 26 18 39 3</i>
						<i>0</i>
						<i>4294967293 8 63 9 8</i>
						<i>4294967292 1 27 30 26</i>
						<i>3</i>
						<i>4294967292 38 39 24 36</i>
						<i>2</i>
						<i>4294967270 49 24 71 63</i>
						<i>2</i>
						<i>4294967293 25 62 28 45</i>
						<i>4294967295 61 50 39 53</i>
						<i>6</i>
						<i>3</i>
						<i>4294967292 21 15 39 19</i>
						<i>3</i>
						<i>0</i>
						<i>4294967292 64 23 2 53</i>
						<i>4294967294 57 78 0 16</i>
						<i>2</i>
						<i>4294967295 37 62 0 7</i>
						<i>4294967294 66 32 85 33</i>
						<i>4294967271 29 60 23 39</i>
						<i>4294967295 33 48 68 39</i>
						<i>4294967293 48 18 8 16</i>
						<i>4294967271 31 53 5 65</i>
						<i>4294967295 83 9 83 63</i>
						<i>3</i>
						<i>3</i>
						<i>1</i>
						<i>0</i>
						<i>4294967270 93 88 58 94</i>
						<i>4294967292 81 17 66 54</i>
						<i>1</i>
						<i>4294967270 41 85 0 72</i>
					</code>
					<best_genes></best_genes>
					<max_index_best_genes>0</max_index_best_genes>
					<error>1.33333</error>
					<num_incorrectly_classified>1.333333</num_incorrectly_classified>
					<binary_classification_threshold>0</binary_classification_threshold>
					<num_constants>5</num_constants>
					<constants>-0.203829 -0.698578 0.609447 0.712675 -0.905036 </constants>
					<num_classes>3</num_classes>
					<class_centers>0 0 0 </class_centers>
					<class_labels>0 1 2 </class_labels>
				</program>
			</run>
			<run>
				<running_time>7.00759</running_time>
				<best_training_error>21.3333 14 14 5.33333 5.33333 5.33333 5.33333 3.33333 3.33333 3.33333 3.33333 3.33333 3.33333 3.33333 3.33333 3.33333 3.33333 3.33333 3.33333 3.33333 3.33333 3.33333 3.33333 3.33333 2.66667 2.66667 2.66667 2.66667 2.66667 2.66667 2.66667 2 2 1.33333 1.33333 1.33333 1.33333 1.33333 1.33333 1.33333 1.33333 1.33333 1.33333 1.33333 1.33333 1.33333 1.33333 1.33333 1.33333 1.33333 1.33333 1.33333 1.33333 1.33333 1.33333 1.33333 1.33333 1.33333 1.33333 1.33333 1.33333 1.33333 1.33333 1.33333 1.33333 1.33333 1.33333 1.33333 1.33333 1.33333 1.33333 1.33333 1.33333 1.33333 1.33333 1.33333 1.33333 1.33333 1.33333 1.33333 1.33333 1.33333 1.33333 0.666667 0.666667 0.666667 0.666667 0.666667 0.666667 0.666667 0.666667 0.666667 0.666667 0.666667 0.666667 0.666667 0.666667 0.666667 0.666667 0.666667 </best_training_error>
				<average_training_error>65.5883 56.3483 50.0925 43.87 38.7242 35.3892 33.6325 32.2617 31.5817 31.0533 30.2558 29.3733 28.215 26.5658 24.7167 22.075 19.5433 17.3742 15.0867 12.6567 10.4642 8.80167 7.43667 6.22167 5.52 5.19333 4.78333 4.5325 4.22 3.98833 3.79167 3.59 3.38167 3.23417 3.08167 3.0125 2.9225 2.7825 2.69833 2.64333 2.565 2.4775 2.41667 2.3475 2.31667 2.28583 2.24917 2.15917 2.07833 2.07333 2.07 2.0625 2.055 2.035 2.0125 1.9425 1.83833 1.825 1.8225 1.8175 1.8125 1.79583 1.7875 1.7625 1.7 1.58583 1.56667 1.555 1.54833 1.52917 1.49167 1.45833 1.4275 1.415 1.41417 1.4125 1.41083 1.4075 1.40583 1.39833 1.38917 1.37083 1.33917 1.3325 1.33083 1.32833 1.32417 1.31333 1.3025 1.275 1.21917 1.1825 1.13667 1.11083 1.0825 1.08167 1.08 1.07667 1.0725 1.06667 </average_training_error>
				<best_validation_error>-1</best_validation_error>
				<test_error>-1</test_error>
				<best_training_num_incorrect>21.333333 14.000000 14.000000 5.333333 5.333333 5.333333 5.333333 3.333333 3.333333 3.333333 3.333333 3.333333 3.333333 3.333333 3.333333 3.333333 3.333333 3.333333 3.333333 3.333333 3.333333 3.333333 3.333333 3.333333 2.666667 2.666667 2.666667 2.666667 2.666667 2.666667 2.666667 2.000000 2.000000 1.333333 1.333333 1.333333 1.333333 1.333333 1.333333 1.333333 1.333333 1.333333 1.333333 1.333333 1.333333 1.333333 1.333333 1.333333 1.333333 1.333333 1.333333 1.333333 1.333333 1.333333 1.333333 1.333333 1.333333 1.333333 1.333333 1.333333 1.333333 1.333333 1.333333 1.333333 1.333333 1.333333 1.333333 1.333333 1.333333 1.333333 1.333333 1.333333 1.333333 1.333333 1.333333 1.333333 1.333333 1.333333 1.333333 1.333333 1.333333 1.333333 1.333333 0.666667 0.666667 0.666667 0.666667 0.666667 0.666667 0.666667 0.666667 0.666667 0.666667 0.666667 0.666667 0.666667 0.666667 0.666667 0.666667 0.666667 </best_training_num_incorrect>
				<average_training_num_incorrect>30.000000 27.750000 26.000000 18.333333 17.416667 15.250000 14.750000 10.666667 10.500000 8.833333 8.250000 5.750000 5.750000 5.750000 5.250000 4.750000 4.750000 4.333333 3.666667 3.583333 3.416667 3.416667 3.416667 3.416667 3.333333 3.333333 3.250000 3.166667 3.166667 3.000000 3.000000 2.916667 2.833333 2.666667 2.583333 2.416667 2.416667 2.416667 2.416667 2.166667 2.166667 2.166667 2.083333 2.083333 2.083333 2.083333 2.083333 1.833333 1.833333 1.833333 1.750000 1.750000 1.750000 1.500000 1.500000 1.500000 1.500000 1.500000 1.500000 1.500000 1.500000 1.500000 1.500000 1.416667 1.416667 1.416667 1.416667 1.416667 1.416667 1.416667 1.333333 1.333333 1.333333 1.333333 1.333333 1.333333 1.333333 1.333333 1.333333 1.333333 1.333333 1.333333 1.333333 1.250000 1.166667 1.166667 1.166667 1.166667 1.166667 1.083333 1.083333 1.083333 1.083333 1.000000 1.000000 1.000000 0.916667 0.916667 0.916667 0.916667 </average_training_num_incorrect>
				<best_validation_num_incorrect>-1</best_validation_num_incorrect>
				<test_num_incorrect>-1</test_num_incorrect>
				<last_generation>99</last_generation>
				<num_generations>100</num_generations>
				<program>
					<code_length>100</code_length>
					<num_variables>4</num_variables>
					<num_outputs>0</num_outputs>
					<problem_type>2</problem_type>
					<data_type>0</data_type>
					<error_measure>3</error_measure>
					<code>
						<i>2</i>
						<i>3</i>
						<i>4294967294 1 0 0 0</i>
						<i>4294967293 2 0 2 0</i>
						<i>0</i>
						<i>3</i>
						<i>0</i>
						<i>3</i>
						<i>7</i>
						<i>3</i>
						<i>4294967294 1 7 6 8</i>
						<i>4294967271 7 6 0 10</i>
						<i>4294967271 3 7 10 7</i>
						<i>0</i>
						<i>4294967294 7 10 9 7</i>
						<i>8</i>
						<i>4294967295 8 7 7 15</i>
						<i>0</i>
						<i>1</i>
						<i>4</i>
						<i>4294967270 18 19 9 4</i>
						<i>2</i>
						<i>1</i>
						<i>2</i>
						<i>3</i>
						<i>3</i>
						<i>4294967294 19 2 3 5</i>
						<i>3</i>
						<i>4294967295 7 24 15 3</i>
						<i>1</i>
						<i>0</i>
						<i>4294967292 26 0 20 30</i>
						<i>4294967294 0 16 26 15</i>
						<i>1</i>
						<i>4294967293 13 0 26 25</i>
						<i>4294967293 10 5 8 12</i>
						<i>4294967294 26 3 31 27</i>
						<i>1</i>
						<i>1</i>
						<i>4294967294 14 18 21 37</i>
						<i>0</i>
						<i>1</i>
						<i>4294967294 26 3 11 11</i>
						<i>7</i>
						<i>3</i>
						<i>2</i>
						<i>3</i>
						<i>4294967295 14 6 35 44</i>
						<i>4294967292 20 12 29 18</i>
						<i>2</i>
						<i>2</i>
						<i>6</i>
						<i>5</i>
						<i>4294967293 42 44 48 18</i>
						<i>6</i>
						<i>2</i>
						<i>4294967292 42 28 7 43</i>
						<i>6</i>
						<i>4294967270 24 51 33 31</i>
						<i>4294967271 14 23 53 55</i>
						<i>3</i>
						<i>2</i>
						<i>3</i>
						<i>4294967293 9 52 56 51</i>
						<i>1</i>
						<i>4294967295 49 0 36 30</i>
						<i>4294967293 38 40 19 10</i>
						<i>4294967295 57 21 26 16</i>
						<i>1</i>
						<i>1</i>
						<i>0</i>
						<i>4294967294 33 34 46 7</i>
						<i>4294967293 61 41 7 47</i>
						<i>3</i>
						<i>3</i>
						<i>4294967292 28 13 12 50</i>
						<i>6</i>
						<i>0</i>
						<i>1</i>
						<i>4294967293 68 65 39 20</i>
						<i>4294967292 46 78 51 41</i>
						<i>4294967270 10 23 44 77</i>
						<i>0</i>
						<i>4294967271 76 71 2 55</i>
						<i>2</i>
						<i>7</i>
						<i>0</i>
						<i>1</i>
						<i>1</i>
						<i>0</i>
						<i>4294967294 63 53 32 57</i>
						<i>3</i>
						<i>1</i>
						<i>4294967295 68 89 80 48</i>
						<i>4294967295 60 12 68 14</i>
						<i>1</i>
						<i>4294967295 71 2 65 16</i>
						<i>2</i>
						<i>2</i>
						<i>4294967271 13 3 94 67</i>
					</code>
					<best_genes></best_genes>
					<max_index_best_genes>0</max_index_best_genes>
					<error>0.666667</error>
					<num_incorrectly_classified>0.666667</num_incorrectly_classified>
					<binary_classification_threshold>0</binary_classification_threshold>
					<num_constants>5</num_constants>
					<constants>-0.379368 0.72423 0.762146 -0.029774 0.556857 </constants>
					<num_classes>3</num_classes>
					<class_centers>0 0 0 </class_centers>
					<class_labels>0 1 2 </class_labels>
				</program>
			</run>
			<run>
				<running_time>7.11008</running_time>
				<best_training_error>5.33333 5.33333 5.33333 5.33333 5.33333 5.33333 4.66667 4.66667 4.66667 4.66667 4.66667 3.33333 3.33333 3.33333 2.66667 2.66667 2.66667 2.66667 2.66667 2 2 2 2 0.666667 0.666667 0.666667 0.666667 0.666667 0.666667 0.666667 0.666667 0.666667 0.666667 0.666667 0.666667 0.666667 0.666667 0.666667 0.666667 0.666667 0.666667 0.666667 0.666667 0.666667 0.666667 0.666667 0.666667 0.666667 0.666667 0.666667 0.666667 0.666667 0.666667 0.666667 0.666667 0.666667 0.666667 0.666667 0.666667 0.666667 0.666667 0.666667 0.666667 0.666667 0.666667 0.666667 0.666667 0.666667 0.666667 0.666667 0.666667 0.666667 0.666667 0.666667 0.666667 0.666667 0.666667 0.666667 0.666667 0.666667 0.666667 0.666667 0.666667 0.666667 0.666667 0.666667 0.666667 0.666667 0.666667 0.666667 0.666667 0.666667 0.666667 0.666667 0.666667 0.666667 0.666667 0.666667 0.666667 0.666667 </best_training_error>
				<average_training_error>65.895 56.5292 50.2692 43.58 38.1575 34.75 33.2325 32.0783 31.4742 30.8675 29.6092 27.7617 25.5383 22.8475 20.725 18.4625 14.8617 12.7058 10.8983 9.57417 8.525 7.525 6.4025 5.39083 4.5525 3.845 3.49917 3.37417 3.2425 3.02917 2.86083 2.73917 2.66 2.53917 2.415 2.35333 2.2775 2.18917 2.12333 2.09583 2.04583 1.95083 1.85583 1.79833 1.74583 1.68333 1.61083 1.52417 1.49167 1.485 1.4675 1.4375 1.37167 1.2725 1.19667 1.14667 1.09 1.05667 1.03083 0.98 0.918333 0.9125 0.910833 0.91 0.9075 0.906667 0.900833 0.895833 0.8825 0.86 0.8325 0.831667 0.830833 0.829167 0.8275 0.825 0.820833 0.8175 0.814167 0.803333 0.783333 0.753333 0.745833 0.745 0.743333 0.740833 0.739167 0.735 0.73 0.720833 0.7 0.666667 0.666667 0.666667 0.666667 0.666667 0.666667 0.666667 0.666667 0.666667 </average_training_error>
				<best_validation_error>-1</best_validation_error>
				<test_error>-1</test_error>
				<best_training_num_incorrect>5.333333 5.333333 5.333333 5.333333 5.333333 5.333333 4.666667 4.666667 4.666667 4.666667 4.666667 3.333333 3.333333 3.333333 2.666667 2.666667 2.666667 2.666667 2.666667 2.000000 2.000000 2.000000 2.000000 0.666667 0.666667 0.666667 0.666667 0.666667 0.666667 0.666667 0.666667 0.666667 0.666667 0.666667 0.666667 0.666667 0.666667 0.666667 0.666667 0.666667 0.666667 0.666667 0.666667 0.666667 0.666667 0.666667 0.666667 0.666667 0.666667 0.666667 0.666667 0.666667 0.666667 0.666667 0.666667 0.666667 0.666667 0.666667 0.666667 0.666667 0.666667 0.666667 0.666667 0.666667 0.666667 0.666667 0.666667 0.666667 0.666667 0.666667 0.666667 0.666667 0.666667 0.666667 0.666667 0.666667 0.666667 0.666667 0.666667 0.666667 0.666667 0.666667 0.666667 0.666667 0.666667 0.666667 0.666667 0.666667 0.666667 0.666667 0.666667 0.666667 0.666667 0.666667 0.666667 0.666667 0.666667 0.666667 0.666667 0.666667 </best_training_num_incorrect>
				<average_training_num_incorrect>26.166667 23.916667 16.250000 13.250000 11.916667 11.916667 11.250000 10.083333 9.500000 9.166667 7.833333 7.333333 7.250000 7.083333 5.333333 4.916667 4.416667 4.083333 3.833333 3.083333 3.083333 3.083333 2.666667 2.416667 2.416667 2.416667 2.250000 2.250000 2.250000 2.166667 2.083333 2.083333 2.000000 2.000000 1.833333 1.833333 1.750000 1.666667 1.666667 1.666667 1.583333 1.500000 1.500000 1.500000 1.416667 1.416667 1.416667 1.250000 1.250000 1.166667 1.166667 1.166667 1.000000 0.916667 0.833333 0.833333 0.833333 0.833333 0.833333 0.833333 0.833333 0.833333 0.833333 0.833333 0.833333 0.833333 0.833333 0.833333 0.833333 0.750000 0.750000 0.750000 0.750000 0.750000 0.750000 0.750000 0.666667 0.666667 0.666667 0.666667 0.666667 0.666667 0.666667 0.666667 0.666667 0.666667 0.666667 0.666667 0.666667 0.666667 0.666667 0.666667 0.666667 0.666667 0.666667 0.666667 0.666667 0.666667 0.666667 0.666667 </average_training_num_incorrect>
				<best_validation_num_incorrect>-1</best_validation_num_incorrect>
				<test_num_incorrect>-1</test_num_incorrect>
				<last_generation>99</last_generation>
				<num_generations>100</num_generations>
				<program>
					<code_length>100</code_length>
					<num_variables>4</num_variables>
					<num_outputs>0</num_outputs>
					<problem_type>2</problem_type>
					<data_type>0</data_type>
					<error_measure>3</error_measure>
					<code>
						<i>8</i>
						<i>4294967295 0 0 0 0</i>
						<i>4294967293 0 1 1 1</i>
						<i>2</i>
						<i>4294967294 0 3 3 0</i>
						<i>5</i>
						<i>4294967293 3 0 4 0</i>
						<i>3</i>
						<i>5</i>
						<i>4294967295 5 1 2 1</i>
						<i>2</i>
						<i>4294967271 7 3 1 2</i>
						<i>3</i>
						<i>4294967293 7 3 8 4</i>
						<i>4294967271 2 9 3 13</i>
						<i>2</i>
						<i>3</i>
						<i>1</i>
						<i>2</i>
						<i>3</i>
						<i>4294967270 7 12 11 3</i>
						<i>1</i>
						<i>6</i>
						<i>4294967295 5 4 5 3</i>
						<i>0</i>
						<i>4294967294 22 11 10 12</i>
						<i>2</i>
						<i>3</i>
						<i>8</i>
						<i>4294967270 6 19 1 1</i>
						<i>1</i>
						<i>0</i>
						<i>2</i>
						<i>2</i>
						<i>4294967295 8 31 29 5</i>
						<i>4294967293 7 31 8 11</i>
						<i>4294967295 31 30 11 15</i>
						<i>4294967292 21 27 34 13</i>
						<i>4294967294 15 12 11 6</i>
						<i>3</i>
						<i>4294967292 18 28 10 31</i>
						<i>4294967294 20 28 6 23</i>
						<i>2</i>
						<i>3</i>
						<i>3</i>
						<i>4294967294 20 42 27 6</i>
						<i>4294967271 27 37 45 36</i>
						<i>4294967270 8 22 0 41</i>
						<i>4294967295 44 47 10 37</i>
						<i>2</i>
						<i>4294967295 34 22 29 6</i>
						<i>4294967295 34 37 42 19</i>
						<i>3</i>
						<i>4294967292 21 22 13 9</i>
						<i>0</i>
						<i>4294967270 46 43 31 14</i>
						<i>4294967293 31 43 37 10</i>
						<i>2</i>
						<i>1</i>
						<i>4294967271 1 16 40 11</i>
						<i>4294967270 56 3 38 58</i>
						<i>3</i>
						<i>3</i>
						<i>1</i>
						<i>0</i>
						<i>0</i>
						<i>0</i>
						<i>4294967295 45 2 5 28</i>
						<i>4294967270 33 17 9 60</i>
						<i>4294967271 30 55 29 2</i>
						<i>5</i>
						<i>7</i>
						<i>3</i>
						<i>3</i>
						<i>4294967295 3 14 28 55</i>
						<i>4294967292 40 62 57 67</i>
						<i>4294967295 36 39 2 37</i>
						<i>1</i>
						<i>4294967270 12 71 13 49</i>
						<i>2</i>
						<i>4294967292 37 4 9 43</i>
						<i>1</i>
						<i>1</i>
						<i>4294967293 19 47 27 24</i>
						<i>1</i>
						<i>4294967294 41 76 76 1</i>
						<i>4294967293 49 69 22 45</i>
						<i>4294967293 3 23 59 71</i>
						<i>4294967271 11 6 25 61</i>
						<i>4294967294 33 20 85 1</i>
						<i>2</i>
						<i>4294967271 66 48 8 35</i>
						<i>4294967293 38 17 39 24</i>
						<i>5</i>
						<i>4294967270 22 13 38 24</i>
						<i>4294967292 1 42 54 36</i>
						<i>3</i>
						<i>1</i>
						<i>2</i>
						<i>4294967271 76 70 93 63</i>
					</code>
					<best_genes></best_genes>
					<max_index_best_genes>0</max_index_best_genes>
					<error>0.666667</error>
					<num_incorrectly_classified>0.666667</num_incorrectly_classified>
					<binary_classification_threshold>0</binary_classification_threshold>
					<num_constants>5</num_constants>
					<constants>0.558863 -0.0562908 -0.658169 -0.0997855 -0.931046 </constants>
					<num_classes>3</num_classes>
					<class_centers>0 0 0 </class_centers>
					<class_labels>0 1 2 </class_labels>
				</program>
			</run>
			<run>
				<running_time>7.78062</running_time>
				<best_training_error>26 22.6667 22.6667 5.33333 5.33333 5.33333 5.33333 5.33333 5.33333 4 4 4 4 4 4 4 3.33333 3.33333 2.66667 2.66667 2.66667 2.66667 2.66667 2.66667 2.66667 2.66667 2.66667 2.66667 2.66667 2 2 2 2 2 2 2 2 2 2 2 2 2 2 2 2 2 2 2 2 2 2 2 2 2 2 2 1.33333 1.33333 1.33333 1.33333 1.33333 1.33333 1.33333 1.33333 1.33333 1.33333 1.33333 1.33333 1.33333 1.33333 1.33333 1.33333 1.33333 1.33333 1.33333 1.33333 1.33333 1.33333 1.33333 1.33333 1.33333 1.33333 1.33333 1.33333 1.33333 1.33333 1.33333 1.33333 1.33333 1.33333 1.33333 1.33333 1.33333 1.33333 1.33333 1.33333 1.33333 1.33333 1.33333 1.33333 </best_training_error>
				<average_training_error>67.1433 56.9775 50.63 43.17 37.7275 34.6067 32.8642 31.9725 31.2617 30.5475 29.4108 27.9367 25.865 23.2308 21.5525 19.7133 17.7758 16.0167 13.5492 10.965 9.79833 8.7425 8.02667 7.15667 6.47333 5.92333 5.25583 4.73 4.20917 3.96167 3.82667 3.63917 3.44917 3.26083 3.10417 3.08 3.02583 2.99167 2.93833 2.89083 2.84167 2.78667 2.72167 2.68583 2.64 2.57917 2.51083 2.47833 2.46917 2.4525 2.41667 2.37417 2.32333 2.2725 2.22917 2.22167 2.19833 2.18333 2.15667 2.15083 2.135 2.12 2.08333 2.03667 2.005 1.95167 1.89333 1.83833 1.83 1.82833 1.8225 1.81167 1.79417 1.75833 1.7375 1.72667 1.71417 1.68417 1.6625 1.6575 1.64667 1.62667 1.5975 1.5825 1.58167 1.57917 1.57667 1.57333 1.56917 1.56667 1.56083 1.54833 1.5225 1.49917 1.49833 1.49667 1.49583 1.49417 1.49167 1.49 </average_training_error>
				<best_validation_error>-1</best_validation_error>
				<test_error>-1</test_error>
				<best_training_num_incorrect>26.000000 22.666667 22.666667 5.333333 5.333333 5.333333 5.333333 5.333333 5.333333 4.000000 4.000000 4.000000 4.000000 4.000000 4.000000 4.000000 3.333333 3.333333 2.666667 2.666667 2.666667 2.666667 2.666667 2.666667 2.666667 2.666667 2.666667 2.666667 2.666667 2.000000 2.000000 2.000000 2.000000 2.000000 2.000000 2.000000 2.000000 2.000000 2.000000 2.000000 2.000000 2.000000 2.000000 2.000000 2.000000 2.000000 2.000000 2.000000 2.000000 2.000000 2.000000 2.000000 2.000000 2.000000 2.000000 2.000000 1.333333 1.333333 1.333333 1.333333 1.333333 1.333333 1.333333 1.333333 1.333333 1.333333 1.333333 1.333333 1.333333 1.333333 1.333333 1.333333 1.333333 1.333333 1.333333 1.333333 1.333333 1.333333 1.333333 1.333333 1.333333 1.333333 1.333333 1.333333 1.333333 1.333333 1.333333 1.333333 1.333333 1.333333 1.333333 1.333333 1.333333 1.333333 1.333333 1.333333 1.333333 1.333333 1.333333 1.333333 </best_training_num_incorrect>
				<average_training_num_incorrect>30.666667 27.750000 27.583333 17.500000 15.833333 14.000000 11.833333 11.833333 11.833333 9.916667 8.500000 8.250000 7.583333 6.583333 6.166667 6.166667 5.750000 5.333333 5.000000 4.250000 4.000000 3.416667 3.250000 3.166667 3.083333 3.083333 3.083333 3.083333 3.000000 2.916667 2.750000 2.666667 2.666667 2.666667 2.666667 2.666667 2.583333 2.583333 2.500000 2.500000 2.416667 2.416667 2.333333 2.250000 2.250000 2.250000 2.166667 2.166667 2.166667 2.166667 2.166667 2.166667 2.166667 2.083333 2.083333 2.083333 1.916667 1.916667 1.916667 1.916667 1.916667 1.833333 1.833333 1.833333 1.833333 1.833333 1.833333 1.666667 1.666667 1.666667 1.666667 1.666667 1.666667 1.666667 1.666667 1.583333 1.583333 1.583333 1.583333 1.583333 1.583333 1.583333 1.500000 1.500000 1.500000 1.500000 1.500000 1.500000 1.500000 1.500000 1.500000 1.416667 1.416667 1.416667 1.416667 1.416667 1.416667 1.416667 1.333333 1.333333 </average_training_num_incorrect>
				<best_validation_num_incorrect>-1</best_validation_num_incorrect>
				<test_num_incorrect>-1</test_num_incorrect>
				<last_generation>99</last_generation>
				<num_generations>100</num_generations>
				<program>
					<code_length>100</code_length>
					<num_variables>4</num_variables>
					<num_outputs>0</num_outputs>
					<problem_type>2</problem_type>
					<data_type>0</data_type>
					<error_measure>3</error_measure>
					<code>
						<i>5</i>
						<i>1</i>
						<i>1</i>
						<i>1</i>
						<i>1</i>
						<i>3</i>
						<i>7</i>
						<i>3</i>
						<i>4294967294 3 0 5 4</i>
						<i>4294967271 5 6 8 3</i>
						<i>4294967271 8 5 6 0</i>
						<i>4294967271 5 2 5 4</i>
						<i>4294967270 1 2 0 9</i>
						<i>4294967293 8 8 9 9</i>
						<i>1</i>
						<i>0</i>
						<i>4294967293 5 3 15 10</i>
						<i>1</i>
						<i>6</i>
						<i>3</i>
						<i>2</i>
						<i>0</i>
						<i>2</i>
						<i>6</i>
						<i>4294967292 9 20 5 11</i>
						<i>4294967295 10 18 14 4</i>
						<i>0</i>
						<i>0</i>
						<i>3</i>
						<i>4294967270 9 11 10 7</i>
						<i>3</i>
						<i>0</i>
						<i>1</i>
						<i>1</i>
						<i>4294967295 27 17 24 7</i>
						<i>7</i>
						<i>3</i>
						<i>4294967295 3 23 7 3</i>
						<i>3</i>
						<i>4294967292 31 19 19 13</i>
						<i>5</i>
						<i>4294967293 11 22 26 12</i>
						<i>5</i>
						<i>4294967293 19 35 38 4</i>
						<i>5</i>
						<i>4294967292 9 33 21 37</i>
						<i>3</i>
						<i>4294967295 45 41 21 39</i>
						<i>4294967295 42 11 1 3</i>
						<i>4294967271 15 22 30 13</i>
						<i>3</i>
						<i>8</i>
						<i>4294967293 5 50 6 11</i>
						<i>1</i>
						<i>4</i>
						<i>3</i>
						<i>3</i>
						<i>1</i>
						<i>4294967294 19 21 8 47</i>
						<i>4294967294 48 35 20 15</i>
						<i>4294967294 51 27 9 47</i>
						<i>4294967294 11 49 1 30</i>
						<i>4294967292 39 57 25 39</i>
						<i>6</i>
						<i>5</i>
						<i>3</i>
						<i>2</i>
						<i>6</i>
						<i>3</i>
						<i>4294967295 52 50 44 19</i>
						<i>1</i>
						<i>1</i>
						<i>4294967295 23 58 45 9</i>
						<i>6</i>
						<i>4</i>
						<i>4294967270 5 35 42 48</i>
						<i>4294967293 75 70 1 43</i>
						<i>4294967294 69 48 22 54</i>
						<i>3</i>
						<i>6</i>
						<i>1</i>
						<i>2</i>
						<i>6</i>
						<i>2</i>
						<i>4294967292 42 40 7 9</i>
						<i>4294967270 0 61 19 62</i>
						<i>4294967295 31 82 9 35</i>
						<i>3</i>
						<i>2</i>
						<i>2</i>
						<i>4</i>
						<i>3</i>
						<i>4294967270 78 90 85 6</i>
						<i>4294967292 80 77 1 26</i>
						<i>4294967294 23 81 20 18</i>
						<i>3</i>
						<i>4294967295 12 54 51 74</i>
						<i>2</i>
						<i>4294967271 2 42 51 35</i>
						<i>4294967294 2 28 16 65</i>
					</code>
					<best_genes></best_genes>
					<max_index_best_genes>0</max_index_best_genes>
					<error>1.33333</error>
					<num_incorrectly_classified>1.333333</num_incorrectly_classified>
					<binary_classification_threshold>0</binary_classification_threshold>
					<num_constants>5</num_constants>
					<constants>-0.300076 0.0944448 0.0205734 -0.148136 -0.894184 </constants>
					<num_classes>3</num_classes>
					<class_centers>0 0 0 </class_centers>
					<class_labels>0 1 2 </class_labels>
				</program>
			</run>
		</results>
	</algorithm>
</project>
