<?xml version="1.0"?>
<project>
	<mepx_version>2022.07.03.0-beta</mepx_version>
	<problem_description>- classification problem;
- just to test other class labels

Predicts breast cancer.

- taken from PROBEN1

class 0 has been replaced by -1
class 1 has been replaced by 2

References:

Lutz Prechelt, Proben1: A Set of Neural Network Benchmark Problems and Benchmarking Rules, 1994</problem_description>
	<algorithm>
		<training>
			<num_data>350</num_data>
			<num_cols>10</num_cols>
			<num_outputs>1</num_outputs>
			<num_classes>2</num_classes>
			<data_type>0</data_type>
			<list_separator></list_separator>
			<data>
				<row>0.2 0.1 0.1 0.1 0.2 0.1 0.2 0.1 0.1 2</row>
				<row>0.2 0.1 0.1 0.1 0.2 0.1 0.3 0.1 0.1 2</row>
				<row>0.5 0.1 0.1 0.1 0.2 0.1 0.2 0.1 0.1 2</row>
				<row>0.5 0.4 0.6 0.8 0.4 0.1 0.8 1 0.1 -1</row>
				<row>0.5 0.3 0.3 0.1 0.2 0.1 0.2 0.1 0.1 2</row>
				<row>0.2 0.3 0.1 0.1 0.3 0.1 0.1 0.1 0.1 2</row>
				<row>0.3 0.5 0.7 0.8 0.8 0.9 0.7 1 0.7 -1</row>
				<row>1 0.5 0.6 1 0.6 1 0.7 0.7 1 -1</row>
				<row>1 0.9 0.8 0.7 0.6 0.4 0.7 1 0.3 -1</row>
				<row>0.4 0.1 0.1 0.1 0.2 0.1 0.3 0.1 0.1 2</row>
				<row>0.5 0.1 0.1 0.1 0.2 0.1 0.3 0.1 0.1 2</row>
				<row>0.8 1 1 0.1 0.3 0.6 0.3 0.9 0.1 -1</row>
				<row>0.1 0.1 0.3 0.1 0.2 0.1 0.2 0.1 0.1 2</row>
				<row>0.1 0.1 0.1 0.2 0.1 0.1 0.1 0.1 0.1 2</row>
				<row>0.3 0.4 0.5 0.2 0.6 0.8 0.4 0.1 0.1 -1</row>
				<row>0.4 0.3 0.3 0.1 0.2 0.1 0.3 0.3 0.1 2</row>
				<row>0.3 0.3 0.2 0.1 0.3 0.1 0.3 0.6 0.1 2</row>
				<row>0.2 0.1 0.1 0.1 0.2 0.1 0.1 0.1 0.1 2</row>
				<row>0.1 0.1 0.1 0.1 0.2 0.1 0.2 0.1 0.1 2</row>
				<row>0.1 0.1 0.1 0.1 0.2 0.1 0.1 0.1 0.1 2</row>
				<row>0.8 1 1 1 0.5 1 0.8 1 0.6 -1</row>
				<row>0.8 0.7 0.4 0.4 0.5 0.3 0.5 1 0.1 -1</row>
				<row>0.1 0.1 0.1 0.1 0.1 0.1 0.2 0.1 0.1 2</row>
				<row>0.2 0.1 0.1 0.1 0.2 0.1 0.1 0.1 0.1 2</row>
				<row>1 0.8 0.8 0.4 1 1 0.8 0.1 0.1 -1</row>
				<row>0.5 0.1 0.1 0.2 0.2 0.1 0.2 0.1 0.1 2</row>
				<row>0.3 0.1 0.1 0.1 0.2 0.1 0.2 0.1 0.2 2</row>
				<row>0.3 0.1 0.1 0.1 0.2 0.1 0.3 0.1 0.1 2</row>
				<row>0.5 0.3 0.3 0.3 0.6 1 0.3 0.1 0.1 -1</row>
				<row>0.4 0.8 0.6 0.3 0.4 1 0.7 0.1 0.1 -1</row>
				<row>0.4 0.3 0.2 0.1 0.3 0.1 0.2 0.1 0.1 2</row>
				<row>0.1 0.1 0.1 0.1 0.2 0.1 0.1 0.1 0.1 2</row>
				<row>0.8 0.5 0.5 0.5 0.2 1 0.4 0.3 0.1 -1</row>
				<row>0.3 0.3 0.5 0.2 0.3 1 0.7 0.1 0.1 -1</row>
				<row>0.2 0.3 0.1 0.1 0.2 0.1 0.2 0.1 0.1 2</row>
				<row>0.3 0.1 0.1 0.1 0.2 0.5 0.1 0.1 0.1 2</row>
				<row>0.3 0.2 0.1 0.1 0.2 0.2 0.3 0.1 0.1 2</row>
				<row>0.2 0.7 1 1 0.7 1 0.4 0.9 0.4 -1</row>
				<row>0.1 0.1 0.2 0.1 0.2 0.1 0.2 0.1 0.1 2</row>
				<row>0.1 0.1 0.1 0.1 0.1 0.1 0.2 0.1 0.1 2</row>
				<row>0.5 1 1 1 1 0.2 1 1 1 -1</row>
				<row>0.4 0.1 0.2 0.1 0.2 0.1 0.2 0.1 0.1 2</row>
				<row>0.1 0.1 0.1 0.1 0.2 0.1 0.1 0.1 0.1 2</row>
				<row>0.5 0.1 0.1 0.1 0.2 0.1 0.2 0.1 0.1 2</row>
				<row>0.3 0.7 0.7 0.4 0.4 0.9 0.4 0.8 0.1 -1</row>
				<row>0.1 0.1 0.1 0.1 0.1 0.1 0.3 0.1 0.1 2</row>
				<row>0.4 0.1 0.1 0.1 0.2 0.1 0.2 0.1 0.1 2</row>
				<row>0.6 0.8 0.7 0.5 0.6 0.8 0.8 0.9 0.2 -1</row>
				<row>1 0.7 0.7 0.4 0.5 1 0.5 0.7 0.2 -1</row>
				<row>0.1 0.1 0.1 0.1 0.2 0.1 0.1 0.1 0.1 2</row>
				<row>0.8 1 0.4 0.4 0.8 1 0.8 0.2 0.1 -1</row>
				<row>0.1 0.1 0.1 0.1 0.2 0.1 0.2 0.1 0.1 2</row>
				<row>0.1 0.1 0.1 0.1 0.2 0.1 0.1 0.1 0.8 2</row>
				<row>0.5 0.1 0.1 0.1 0.2 0.1 0.1 0.1 0.1 2</row>
				<row>0.1 0.1 0.4 0.1 0.2 0.1 0.2 0.1 0.1 2</row>
				<row>0.5 0.1 0.1 0.1 0.2 0.1 0.2 0.1 0.1 2</row>
				<row>0.3 0.1 0.1 0.1 0.2 0.1 0.2 0.1 0.1 2</row>
				<row>0.1 0.1 0.1 0.1 0.2 0.1 0.2 0.1 0.1 2</row>
				<row>0.1 0.1 0.1 0.1 0.1 0.35 0.1 0.1 0.1 2</row>
				<row>0.8 1 1 0.8 0.7 1 0.9 0.7 0.1 -1</row>
				<row>1 0.5 0.8 1 0.3 1 0.5 0.1 0.3 -1</row>
				<row>1 1 1 0.2 1 1 0.5 0.3 0.3 -1</row>
				<row>1 0.8 0.8 0.2 0.8 1 0.4 0.8 1 -1</row>
				<row>1 0.5 0.5 0.3 0.6 0.7 0.7 1 0.1 -1</row>
				<row>0.1 0.1 0.1 0.1 0.2 0.1 0.2 0.1 0.1 2</row>
				<row>0.2 0.1 0.1 0.2 0.2 0.1 0.1 0.1 0.1 2</row>
				<row>0.1 0.1 0.2 0.2 0.2 0.1 0.3 0.1 0.1 2</row>
				<row>0.5 0.1 0.1 0.1 0.2 0.1 0.3 0.1 0.1 2</row>
				<row>0.5 0.1 0.1 0.1 0.2 0.35 0.3 0.1 0.1 2</row>
				<row>0.4 0.2 0.3 0.5 0.3 0.8 0.7 0.6 0.1 -1</row>
				<row>0.2 0.1 0.1 0.1 0.1 0.1 0.1 0.1 0.1 2</row>
				<row>1 1 1 1 0.6 1 0.8 0.1 0.5 -1</row>
				<row>0.8 0.6 0.5 0.4 0.3 1 0.6 0.1 0.1 -1</row>
				<row>0.4 0.1 0.1 0.1 0.2 0.2 0.3 0.2 0.1 2</row>
				<row>0.5 0.1 0.1 0.6 0.3 0.1 0.1 0.1 0.1 2</row>
				<row>0.1 0.1 0.1 0.1 0.2 0.1 0.2 0.1 0.1 2</row>
				<row>0.3 0.1 0.1 0.1 0.2 0.1 0.2 0.1 0.1 2</row>
				<row>0.3 0.1 0.1 0.1 0.2 0.1 0.2 0.1 0.1 2</row>
				<row>0.3 0.1 0.1 0.1 0.1 0.1 0.1 0.1 0.1 2</row>
				<row>0.5 0.1 0.3 0.1 0.2 0.1 0.2 0.1 0.1 2</row>
				<row>0.3 0.4 0.4 1 0.5 0.1 0.3 0.3 0.1 -1</row>
				<row>0.1 0.1 0.1 0.1 0.2 0.1 0.1 0.1 0.1 2</row>
				<row>0.7 0.8 0.7 0.2 0.4 0.8 0.3 0.8 0.2 -1</row>
				<row>1 0.5 0.7 0.3 0.3 0.7 0.3 0.3 0.8 -1</row>
				<row>0.1 0.1 0.1 0.1 0.2 0.1 0.2 0.1 0.1 2</row>
				<row>0.2 0.5 0.7 0.6 0.4 1 0.7 0.6 0.1 -1</row>
				<row>0.9 0.8 0.8 0.5 0.6 0.2 0.4 1 0.4 -1</row>
				<row>0.5 1 1 1 0.4 1 0.5 0.6 0.3 -1</row>
				<row>0.3 0.1 0.1 0.1 0.2 0.1 0.3 0.1 0.1 2</row>
				<row>0.1 0.1 0.1 0.1 0.2 0.1 0.1 0.1 0.1 2</row>
				<row>0.5 0.5 0.5 0.8 1 0.8 0.7 0.3 0.7 -1</row>
				<row>0.1 0.1 0.1 0.1 0.2 0.1 0.1 0.1 0.1 2</row>
				<row>0.4 0.1 0.1 0.1 0.2 0.1 0.1 0.1 0.1 2</row>
				<row>0.2 0.1 0.1 0.1 0.2 0.1 0.3 0.1 0.1 2</row>
				<row>0.1 0.2 0.2 0.1 0.2 0.1 0.2 0.1 0.1 2</row>
				<row>0.4 0.3 0.1 0.1 0.2 0.1 0.4 0.8 0.1 2</row>
				<row>0.3 0.3 0.2 0.6 0.3 0.3 0.3 0.5 0.1 2</row>
				<row>0.3 1 0.8 0.7 0.6 0.9 0.9 0.3 0.8 -1</row>
				<row>0.8 0.3 0.4 0.9 0.3 1 0.3 0.3 0.1 -1</row>
				<row>1 0.8 0.4 0.4 0.4 1 0.3 1 0.4 -1</row>
				<row>0.1 0.1 0.1 0.1 0.2 0.1 0.1 0.1 0.1 2</row>
				<row>0.8 0.4 0.6 0.3 0.3 0.1 0.4 0.3 0.1 2</row>
				<row>0.5 0.6 0.6 0.8 0.6 1 0.4 1 0.4 -1</row>
				<row>0.1 0.1 0.1 0.1 0.2 0.1 0.3 0.1 0.1 2</row>
				<row>0.1 0.1 0.1 0.2 0.2 0.1 0.2 0.1 0.1 2</row>
				<row>0.1 0.1 0.1 0.1 0.2 0.2 0.2 0.1 0.1 2</row>
				<row>0.5 0.1 0.3 0.1 0.2 0.1 0.1 0.1 0.1 2</row>
				<row>0.8 0.3 0.5 0.4 0.5 1 0.1 0.6 0.2 -1</row>
				<row>0.5 1 1 0.3 0.8 0.1 0.5 1 0.3 -1</row>
				<row>1 1 1 0.7 1 1 0.8 0.2 0.1 -1</row>
				<row>0.4 0.2 0.2 0.1 0.2 0.1 0.2 0.1 0.1 2</row>
				<row>0.2 0.3 0.1 0.1 0.5 0.1 0.1 0.1 0.1 2</row>
				<row>0.5 0.2 0.2 0.2 0.2 0.1 0.1 0.1 0.2 2</row>
				<row>0.4 0.1 0.1 0.1 0.2 0.1 0.1 0.1 0.1 2</row>
				<row>0.5 0.1 0.1 0.1 0.2 0.2 0.2 0.1 0.1 2</row>
				<row>0.3 1 0.7 0.8 0.5 0.8 0.7 0.4 0.1 -1</row>
				<row>0.3 0.1 0.1 0.1 0.2 0.1 0.1 0.1 0.1 2</row>
				<row>0.5 0.4 0.5 0.1 0.8 0.1 0.3 0.6 0.1 2</row>
				<row>0.5 0.1 0.1 0.1 0.1 0.1 0.3 0.1 0.1 2</row>
				<row>0.5 0.1 0.1 0.1 0.2 0.1 0.2 0.1 0.1 2</row>
				<row>0.5 1 0.6 0.1 1 0.4 0.4 1 1 -1</row>
				<row>0.5 0.1 0.1 0.1 0.3 0.2 0.2 0.2 0.1 2</row>
				<row>0.8 0.4 0.4 0.1 0.2 0.9 0.3 0.3 0.1 -1</row>
				<row>0.5 0.1 0.1 0.1 0.2 0.1 0.3 0.1 0.2 2</row>
				<row>0.4 0.8 0.8 0.5 0.4 0.5 1 0.4 0.1 -1</row>
				<row>0.9 0.1 0.2 0.6 0.4 1 0.7 0.7 0.2 -1</row>
				<row>0.8 0.5 0.6 0.2 0.3 1 0.6 0.6 0.1 -1</row>
				<row>0.1 0.1 0.1 0.1 0.1 0.1 0.3 0.1 0.1 2</row>
				<row>0.3 0.1 0.1 0.1 0.2 0.3 0.3 0.1 0.1 2</row>
				<row>0.4 1 0.8 0.5 0.4 0.1 1 0.1 0.1 -1</row>
				<row>0.2 0.1 0.1 0.1 0.2 0.1 0.3 0.1 0.1 2</row>
				<row>0.5 0.1 0.3 0.1 0.2 0.1 0.3 0.1 0.1 2</row>
				<row>1 0.3 0.5 0.1 1 0.5 0.3 1 0.2 -1</row>
				<row>0.4 0.6 0.5 0.6 0.7 0.35 0.4 0.9 0.1 2</row>
				<row>0.3 0.1 0.1 0.2 0.3 0.4 0.1 0.1 0.1 2</row>
				<row>0.5 0.2 0.2 0.2 0.2 0.1 0.2 0.2 0.1 2</row>
				<row>0.5 0.5 0.5 0.6 0.3 1 0.3 0.1 0.1 -1</row>
				<row>0.5 0.6 0.7 0.8 0.8 1 0.3 1 0.3 -1</row>
				<row>0.6 1 1 1 0.8 1 1 1 0.7 -1</row>
				<row>0.4 0.2 0.2 0.1 0.2 0.1 0.2 0.1 0.1 2</row>
				<row>0.3 0.2 0.2 0.2 0.2 0.1 0.4 0.2 0.1 2</row>
				<row>0.5 0.1 0.1 0.6 0.3 0.1 0.2 0.1 0.1 2</row>
				<row>0.7 0.8 0.3 0.7 0.4 0.5 0.7 0.8 0.2 -1</row>
				<row>0.1 0.1 0.1 0.1 0.2 0.1 0.2 0.1 0.2 2</row>
				<row>0.8 0.4 0.4 0.5 0.4 0.7 0.7 0.8 0.2 2</row>
				<row>0.5 0.6 0.5 0.6 1 0.1 0.3 0.1 0.1 -1</row>
				<row>0.7 0.9 0.4 1 1 0.3 0.5 0.3 0.3 -1</row>
				<row>0.3 0.3 0.2 0.2 0.3 0.1 0.1 0.2 0.3 2</row>
				<row>0.2 0.1 0.1 0.1 0.2 0.1 0.1 0.1 0.1 2</row>
				<row>0.3 0.1 0.1 0.1 0.2 0.1 0.3 0.1 0.1 2</row>
				<row>0.2 0.1 0.1 0.1 0.2 0.1 0.1 0.1 0.1 2</row>
				<row>0.5 0.1 0.1 0.1 0.2 0.1 0.1 0.1 0.1 2</row>
				<row>0.5 0.1 0.1 0.1 0.2 0.1 0.3 0.2 0.1 2</row>
				<row>0.5 1 0.8 1 0.8 1 0.3 0.6 0.3 -1</row>
				<row>0.5 0.1 0.1 0.1 0.2 0.1 0.1 0.1 0.1 2</row>
				<row>0.4 0.1 0.1 0.1 0.2 0.1 0.2 0.1 0.1 2</row>
				<row>0.4 0.1 0.1 0.1 0.2 0.1 0.2 0.1 0.1 2</row>
				<row>0.8 0.7 0.8 0.5 1 1 0.7 0.2 0.1 -1</row>
				<row>0.1 0.1 0.1 0.1 0.1 0.35 0.2 0.1 0.1 2</row>
				<row>0.1 0.1 0.1 0.1 0.2 0.1 0.2 0.3 0.1 2</row>
				<row>0.2 0.1 0.1 0.1 0.2 0.1 0.1 0.1 0.1 2</row>
				<row>0.5 0.1 0.1 0.2 0.2 0.2 0.3 0.1 0.1 2</row>
				<row>0.3 0.1 0.1 0.3 0.8 0.1 0.5 0.8 0.1 2</row>
				<row>0.2 0.1 0.1 0.1 0.2 0.1 0.2 0.1 0.1 2</row>
				<row>0.7 0.6 0.3 0.2 0.5 1 0.7 0.4 0.6 -1</row>
				<row>0.4 1 0.4 0.7 0.3 1 0.9 1 0.1 -1</row>
				<row>0.1 0.1 0.1 0.1 0.2 0.1 0.3 0.1 0.1 2</row>
				<row>0.1 0.1 0.1 0.1 0.2 0.1 0.1 0.1 0.1 2</row>
				<row>0.1 0.1 0.1 0.1 1 0.1 0.1 0.1 0.1 2</row>
				<row>0.4 0.1 0.1 0.1 0.2 0.1 0.3 0.1 0.1 2</row>
				<row>0.5 0.3 0.4 0.1 0.4 0.1 0.3 0.1 0.1 2</row>
				<row>1 0.5 0.5 0.6 0.8 0.8 0.7 0.1 0.1 -1</row>
				<row>1 1 1 0.4 0.8 0.1 0.8 1 0.1 -1</row>
				<row>0.8 1 1 1 0.6 1 1 1 1 -1</row>
				<row>0.3 0.1 0.1 0.1 0.2 0.1 0.1 0.1 0.1 2</row>
				<row>0.6 1 0.5 0.5 0.4 1 0.6 1 0.1 -1</row>
				<row>0.8 0.3 0.8 0.3 0.4 0.9 0.8 0.9 0.8 -1</row>
				<row>0.3 0.1 0.1 0.1 0.2 0.1 0.2 0.1 0.1 2</row>
				<row>1 0.4 0.3 0.1 0.3 0.3 0.6 0.5 0.2 -1</row>
				<row>0.3 0.1 0.1 0.1 0.2 0.2 0.3 0.1 0.1 2</row>
				<row>0.3 0.1 0.3 0.1 0.3 0.4 0.1 0.1 0.1 2</row>
				<row>0.2 0.1 0.1 0.1 0.2 0.1 0.1 0.1 0.5 2</row>
				<row>0.8 0.2 0.1 0.1 0.5 0.1 0.1 0.1 0.1 2</row>
				<row>0.4 0.1 0.1 0.1 0.2 0.1 0.2 0.1 0.1 2</row>
				<row>1 0.3 0.5 0.4 0.3 0.7 0.3 0.5 0.3 -1</row>
				<row>0.1 0.1 0.1 0.1 0.2 0.1 0.1 0.1 0.1 2</row>
				<row>0.1 0.1 0.1 0.1 0.2 1 0.3 0.1 0.1 2</row>
				<row>0.1 0.1 0.1 0.1 0.2 0.1 0.2 0.1 0.1 2</row>
				<row>1 0.4 0.3 0.2 0.3 1 0.5 0.3 0.2 -1</row>
				<row>0.2 0.5 0.3 0.3 0.6 0.7 0.7 0.5 0.1 -1</row>
				<row>0.3 0.1 0.1 0.1 0.2 0.1 0.1 0.1 0.1 2</row>
				<row>0.4 0.1 0.1 0.1 0.2 0.1 0.2 0.1 0.1 2</row>
				<row>0.6 0.6 0.7 1 0.3 1 0.8 1 0.2 -1</row>
				<row>0.2 0.1 0.1 0.1 0.1 0.1 0.2 0.1 0.1 2</row>
				<row>0.3 0.3 0.2 0.1 0.2 0.3 0.3 0.1 0.1 2</row>
				<row>0.3 0.1 0.1 0.1 0.2 0.1 0.2 0.1 0.1 2</row>
				<row>0.4 0.4 0.4 0.4 0.6 0.5 0.7 0.3 0.1 2</row>
				<row>0.2 0.1 0.1 0.1 0.2 0.1 0.1 0.1 0.1 2</row>
				<row>0.1 0.1 0.3 0.2 0.2 0.1 0.3 0.1 0.1 2</row>
				<row>0.5 0.1 0.2 1 0.4 0.5 0.2 0.1 0.1 2</row>
				<row>0.2 0.1 0.1 0.1 0.2 0.1 0.1 0.1 0.1 2</row>
				<row>0.4 0.1 0.1 0.1 0.2 0.1 0.1 0.1 0.1 2</row>
				<row>0.3 0.1 0.4 0.1 0.2 0.1 0.1 0.1 0.1 2</row>
				<row>0.3 0.1 0.1 0.1 0.2 0.1 0.2 0.1 0.1 2</row>
				<row>0.1 0.1 0.3 0.1 0.2 0.1 0.1 0.1 0.1 2</row>
				<row>0.3 0.1 0.1 0.1 0.2 0.1 0.1 0.1 0.1 2</row>
				<row>0.3 0.1 0.1 0.1 0.2 0.1 0.3 0.1 0.1 2</row>
				<row>0.3 0.1 0.2 0.1 0.2 0.1 0.2 0.1 0.1 2</row>
				<row>0.1 0.1 0.1 0.3 0.2 0.1 0.1 0.1 0.1 2</row>
				<row>0.3 0.2 0.2 0.3 0.2 0.1 0.1 0.1 0.1 2</row>
				<row>0.5 0.3 0.3 0.1 0.3 0.3 0.3 0.3 0.3 -1</row>
				<row>0.6 0.6 0.6 0.5 0.4 1 0.7 0.6 0.2 -1</row>
				<row>0.1 0.1 0.1 0.1 0.5 0.1 0.3 0.1 0.1 2</row>
				<row>0.5 0.8 0.8 0.8 0.5 1 0.7 0.8 0.1 -1</row>
				<row>0.1 0.1 0.1 0.1 0.2 0.1 0.2 0.1 0.1 2</row>
				<row>0.5 0.1 0.1 0.1 0.2 0.1 0.2 0.2 0.1 2</row>
				<row>0.4 0.5 0.5 1 0.4 1 0.7 0.5 0.8 -1</row>
				<row>0.3 0.1 0.1 0.4 0.3 0.1 0.2 0.2 0.1 2</row>
				<row>1 0.8 1 1 0.6 0.1 0.3 0.1 1 -1</row>
				<row>0.6 0.2 0.1 0.1 0.1 0.1 0.7 0.1 0.1 2</row>
				<row>0.1 0.6 0.8 1 0.8 1 0.5 0.7 0.1 -1</row>
				<row>0.4 0.1 0.1 0.1 0.2 0.1 0.3 0.1 0.1 2</row>
				<row>0.9 0.5 0.5 0.2 0.2 0.2 0.5 0.1 0.1 -1</row>
				<row>0.3 0.1 0.1 0.1 0.1 0.1 0.2 0.1 0.1 2</row>
				<row>0.3 0.6 0.6 0.6 0.5 1 0.6 0.8 0.3 -1</row>
				<row>0.2 0.1 0.1 0.1 0.1 0.1 0.3 0.1 0.1 2</row>
				<row>0.1 0.1 0.1 0.1 0.2 0.1 0.3 0.1 0.1 2</row>
				<row>1 1 0.9 0.3 0.7 0.5 0.3 0.5 0.1 -1</row>
				<row>0.4 0.1 0.1 0.1 0.2 0.1 0.2 0.1 0.1 2</row>
				<row>0.3 0.1 0.1 0.1 0.2 0.1 0.2 0.1 0.1 2</row>
				<row>0.1 0.1 0.1 0.1 0.3 0.1 0.1 0.1 0.1 2</row>
				<row>0.3 0.1 0.1 0.1 0.2 0.1 0.2 0.3 0.1 2</row>
				<row>0.1 0.1 0.1 0.1 0.2 0.1 0.2 0.1 0.1 2</row>
				<row>1 0.3 0.4 0.5 0.3 1 0.4 0.1 0.1 -1</row>
				<row>0.3 0.1 0.1 0.3 0.2 0.1 0.1 0.1 0.1 2</row>
				<row>0.7 0.4 0.4 0.3 0.4 1 0.6 0.9 0.1 -1</row>
				<row>0.8 0.8 0.8 0.1 0.2 0.35 0.6 1 0.1 -1</row>
				<row>0.1 0.1 0.1 0.1 0.2 0.1 0.3 0.1 0.1 2</row>
				<row>0.3 0.1 0.2 0.1 0.2 0.1 0.2 0.1 0.1 2</row>
				<row>0.5 1 1 1 0.6 1 0.6 0.5 0.2 -1</row>
				<row>0.6 0.8 0.7 0.8 0.6 0.8 0.8 0.9 0.1 -1</row>
				<row>0.3 0.1 0.1 0.1 0.2 0.1 0.2 0.1 0.1 2</row>
				<row>0.6 0.3 0.3 0.5 0.3 1 0.3 0.5 0.3 2</row>
				<row>0.5 0.1 0.1 0.1 0.2 0.2 0.3 0.3 0.1 2</row>
				<row>0.8 0.6 0.7 0.3 0.3 1 0.3 0.4 0.2 -1</row>
				<row>0.5 0.3 0.3 0.2 0.3 0.1 0.3 0.1 0.1 2</row>
				<row>0.1 0.1 0.1 0.1 0.2 0.1 0.2 0.1 0.1 2</row>
				<row>0.1 0.1 0.1 0.1 0.2 0.1 0.3 0.1 0.1 2</row>
				<row>0.4 0.1 0.1 0.1 0.2 0.1 0.1 0.1 0.1 2</row>
				<row>0.2 0.1 0.1 0.1 0.3 0.1 0.2 0.1 0.1 2</row>
				<row>0.1 0.1 0.3 0.1 0.1 0.1 0.2 0.1 0.1 2</row>
				<row>0.8 1 0.8 0.8 0.4 0.8 0.7 0.7 0.1 -1</row>
				<row>0.7 0.1 0.2 0.3 0.2 0.1 0.2 0.1 0.1 2</row>
				<row>0.5 0.1 0.1 0.1 0.2 0.1 0.2 0.1 0.1 2</row>
				<row>0.1 0.1 0.1 0.1 0.2 0.1 0.3 0.1 0.1 2</row>
				<row>0.1 0.1 0.1 0.1 0.2 0.1 0.1 0.1 0.1 2</row>
				<row>0.1 0.1 0.1 0.1 0.1 0.1 0.1 0.3 0.1 2</row>
				<row>0.6 1 1 0.2 0.8 1 0.7 0.3 0.3 -1</row>
				<row>0.5 0.1 0.2 0.1 0.2 0.1 0.1 0.1 0.1 2</row>
				<row>0.7 0.5 0.6 1 0.4 1 0.5 0.3 0.1 -1</row>
				<row>0.3 0.1 0.1 0.1 0.2 0.35 0.3 0.1 0.1 2</row>
				<row>0.3 0.1 0.1 0.1 0.2 0.1 0.2 0.1 0.1 2</row>
				<row>0.5 0.3 0.5 0.5 0.3 0.3 0.4 1 0.1 -1</row>
				<row>0.1 0.1 0.1 0.1 0.2 0.1 0.2 0.1 0.1 2</row>
				<row>0.3 0.1 0.1 0.1 0.2 0.1 0.3 0.1 0.1 2</row>
				<row>0.5 0.7 0.9 0.8 0.6 1 0.8 1 0.1 -1</row>
				<row>1 0.4 0.2 0.1 0.3 0.2 0.4 0.3 1 -1</row>
				<row>0.8 1 1 0.8 0.5 1 0.7 0.8 0.1 -1</row>
				<row>0.8 1 0.3 0.2 0.6 0.4 0.3 1 0.1 -1</row>
				<row>1 0.1 0.1 0.1 0.2 1 0.5 0.4 0.1 -1</row>
				<row>0.2 0.1 0.1 0.1 0.2 0.1 0.3 0.1 0.1 2</row>
				<row>0.3 0.6 0.4 1 0.3 0.3 0.3 0.4 0.1 -1</row>
				<row>0.3 0.1 0.1 0.1 0.2 0.2 0.7 0.1 0.1 2</row>
				<row>0.3 0.3 0.1 0.1 0.2 0.1 0.1 0.1 0.1 2</row>
				<row>0.3 0.1 0.1 0.1 0.2 0.1 0.1 0.1 0.1 2</row>
				<row>0.7 0.4 0.7 0.4 0.3 0.7 0.7 0.6 0.1 -1</row>
				<row>0.1 0.1 0.1 0.1 0.2 0.1 0.1 0.1 0.1 2</row>
				<row>0.9 1 1 0.1 1 0.8 0.3 0.3 0.1 -1</row>
				<row>0.8 0.7 0.8 0.7 0.5 0.5 0.5 1 0.2 -1</row>
				<row>0.4 0.2 0.4 0.3 0.2 0.2 0.2 0.1 0.1 2</row>
				<row>1 0.6 0.4 0.1 0.3 0.4 0.3 0.2 0.3 -1</row>
				<row>0.7 0.4 0.6 0.4 0.6 0.1 0.4 0.3 0.1 -1</row>
				<row>0.1 0.1 0.1 0.1 0.1 0.1 0.3 0.1 0.1 2</row>
				<row>0.1 0.1 0.1 0.1 0.2 0.1 0.3 0.1 0.1 2</row>
				<row>0.1 0.1 0.1 0.1 0.2 0.1 0.2 0.1 0.1 2</row>
				<row>0.5 0.1 0.3 0.1 0.2 0.1 0.2 0.1 0.1 2</row>
				<row>0.1 0.1 0.1 0.1 0.2 0.1 0.3 0.1 0.1 2</row>
				<row>1 0.4 0.7 0.2 0.2 0.8 0.6 0.1 0.1 -1</row>
				<row>0.5 0.7 0.4 0.1 0.6 0.1 0.7 1 0.3 -1</row>
				<row>0.3 0.1 0.1 0.1 0.2 0.1 0.1 0.1 0.1 2</row>
				<row>0.5 0.3 0.4 0.1 0.8 1 0.4 0.9 0.1 -1</row>
				<row>0.1 0.1 0.1 0.1 0.2 0.1 0.1 0.1 0.1 2</row>
				<row>0.3 0.1 0.1 0.1 0.2 0.1 0.2 0.1 0.1 2</row>
				<row>0.6 0.9 0.7 0.5 0.5 0.8 0.4 0.2 0.1 2</row>
				<row>0.2 0.1 0.1 0.1 0.2 0.1 0.2 0.2 0.1 2</row>
				<row>1 1 1 1 1 0.1 0.8 0.8 0.8 -1</row>
				<row>0.3 0.1 0.1 0.1 0.2 0.1 0.1 0.1 0.1 2</row>
				<row>0.4 0.1 0.2 0.1 0.2 0.1 0.3 0.1 0.1 2</row>
				<row>0.5 0.1 0.1 0.1 0.2 0.1 0.2 0.1 0.1 2</row>
				<row>0.6 1 1 1 1 1 0.8 1 1 -1</row>
				<row>1 1 0.8 0.6 0.4 0.5 0.8 1 0.1 -1</row>
				<row>0.5 0.3 0.3 0.3 0.2 0.3 0.4 0.4 0.1 -1</row>
				<row>0.1 0.1 0.3 0.1 0.2 0.1 0.1 0.1 0.1 2</row>
				<row>0.5 0.3 0.1 0.2 0.2 0.1 0.2 0.1 0.1 2</row>
				<row>0.1 0.1 0.3 0.1 0.2 0.35 0.2 0.1 0.1 2</row>
				<row>1 0.3 0.6 0.2 0.3 0.5 0.4 1 0.2 -1</row>
				<row>0.5 0.1 0.1 0.3 0.2 0.1 0.1 0.1 0.1 2</row>
				<row>0.1 0.1 0.1 0.1 0.2 0.5 0.5 0.1 0.1 2</row>
				<row>0.1 0.3 0.3 0.2 0.2 0.1 0.7 0.2 0.1 2</row>
				<row>0.1 0.2 0.2 0.1 0.2 0.1 0.1 0.1 0.1 2</row>
				<row>0.5 0.1 0.2 0.1 0.2 0.1 0.1 0.1 0.1 2</row>
				<row>0.1 0.1 0.1 0.1 0.1 0.1 0.2 0.1 0.1 2</row>
				<row>0.3 0.1 0.1 0.1 0.2 0.1 0.1 0.1 0.1 2</row>
				<row>0.7 0.5 0.6 0.3 0.3 0.8 0.7 0.4 0.1 -1</row>
				<row>0.1 0.3 0.1 0.2 0.2 0.2 0.5 0.3 0.2 2</row>
				<row>0.4 0.1 0.1 0.1 0.3 0.1 0.1 0.1 0.1 2</row>
				<row>0.3 0.1 0.1 0.1 0.2 0.1 0.1 0.1 0.1 2</row>
				<row>0.7 0.2 0.4 0.1 0.6 1 0.5 0.4 0.3 -1</row>
				<row>0.1 0.1 0.1 0.1 0.2 0.1 0.2 0.1 0.1 2</row>
				<row>1 1 1 1 0.3 1 1 0.6 0.1 -1</row>
				<row>0.5 0.4 0.4 0.5 0.7 1 0.3 0.2 0.1 2</row>
				<row>0.4 0.1 0.1 0.3 0.1 0.5 0.2 0.1 0.1 -1</row>
				<row>1 1 1 0.6 0.8 0.4 0.8 0.5 0.1 -1</row>
				<row>1 1 0.8 1 0.6 0.5 1 0.3 0.1 -1</row>
				<row>0.3 0.1 0.1 0.1 0.2 0.1 0.3 0.1 0.1 2</row>
				<row>0.5 0.1 0.1 0.1 0.2 0.1 0.2 0.1 0.1 2</row>
				<row>0.4 0.1 0.1 0.1 0.3 0.1 0.2 0.2 0.1 2</row>
				<row>0.2 0.1 0.1 0.2 0.2 0.1 0.3 0.1 0.1 2</row>
				<row>0.1 0.1 0.1 0.1 0.2 0.1 0.3 0.1 0.1 2</row>
				<row>0.5 0.1 0.1 0.2 0.1 0.1 0.2 0.1 0.1 2</row>
				<row>0.1 0.1 0.1 0.1 0.2 0.3 0.3 0.1 0.1 2</row>
				<row>0.1 0.1 0.1 0.1 0.2 0.1 0.1 0.1 0.1 2</row>
				<row>1 0.4 0.6 0.4 0.5 1 0.7 0.1 0.1 -1</row>
				<row>0.8 0.8 0.9 0.4 0.5 1 0.7 0.8 0.1 -1</row>
				<row>0.8 1 1 0.7 1 1 0.7 0.3 0.8 -1</row>
				<row>0.5 0.7 0.7 0.1 0.5 0.8 0.3 0.4 0.1 2</row>
				<row>1 1 1 0.1 0.6 0.1 0.2 0.8 0.1 -1</row>
				<row>0.2 0.1 0.1 0.1 0.2 0.1 0.3 0.1 0.1 2</row>
				<row>1 0.3 0.3 1 0.2 1 0.7 0.3 0.3 -1</row>
				<row>0.6 0.8 0.8 0.1 0.3 0.4 0.3 0.7 0.1 2</row>
				<row>0.8 1 1 1 0.8 1 1 0.7 0.3 -1</row>
				<row>0.3 0.1 0.1 0.1 0.2 0.35 0.3 0.1 0.1 2</row>
				<row>0.1 0.1 0.1 0.1 0.2 0.1 0.1 0.1 0.1 2</row>
				<row>0.5 0.1 0.1 0.1 0.2 0.1 0.2 0.2 0.1 2</row>
				<row>0.1 0.1 0.1 0.1 0.2 0.4 0.1 0.1 0.1 2</row>
				<row>0.5 0.4 0.6 0.7 0.9 0.7 0.8 1 0.1 -1</row>
				<row>0.1 0.1 0.1 0.2 0.2 0.1 0.3 0.1 0.1 2</row>
				<row>0.4 0.1 0.1 0.1 0.2 0.1 0.3 0.1 0.1 2</row>
				<row>0.4 0.1 0.1 0.1 0.2 0.1 0.1 0.1 0.1 2</row>
				<row>0.8 0.2 0.4 0.1 0.5 0.1 0.5 0.4 0.4 -1</row>
			</data>
		</training>
		<validation>
			<num_data>175</num_data>
			<num_cols>10</num_cols>
			<num_outputs>1</num_outputs>
			<num_classes>175</num_classes>
			<data_type>0</data_type>
			<list_separator></list_separator>
			<data>
				<row>0.1 0.2 0.3 0.1 0.2 0.1 0.1 0.1 0.1 2</row>
				<row>1 0.7 0.7 0.6 0.4 1 0.4 0.1 0.2 -1</row>
				<row>0.1 0.1 0.1 0.1 0.2 0.1 0.3 0.1 0.1 2</row>
				<row>0.5 0.3 0.2 0.1 0.3 0.1 0.1 0.1 0.1 2</row>
				<row>1 1 1 1 1 1 0.4 1 1 -1</row>
				<row>0.1 0.1 0.1 0.1 0.2 0.2 0.1 0.1 0.1 2</row>
				<row>0.5 0.1 0.2 0.1 0.2 0.1 0.2 0.1 0.1 2</row>
				<row>0.4 0.4 0.4 0.2 0.2 0.3 0.2 0.1 0.1 2</row>
				<row>0.6 0.2 0.3 0.1 0.2 0.1 0.1 0.1 0.1 2</row>
				<row>0.8 0.4 1 0.5 0.4 0.4 0.7 1 0.1 -1</row>
				<row>0.1 0.2 0.3 0.1 0.2 0.1 0.3 0.1 0.1 2</row>
				<row>0.3 0.2 0.2 0.1 0.2 0.1 0.2 0.3 0.1 2</row>
				<row>1 0.5 0.7 0.4 0.4 1 0.8 0.9 0.1 -1</row>
				<row>0.6 0.3 0.3 0.3 0.3 0.2 0.6 0.1 0.1 2</row>
				<row>0.1 0.1 0.1 0.1 0.2 0.1 0.1 0.1 0.1 2</row>
				<row>1 1 1 0.8 0.6 0.8 0.7 1 0.1 -1</row>
				<row>0.1 0.1 0.1 0.1 0.2 0.5 0.1 0.1 0.1 2</row>
				<row>1 0.5 1 0.3 0.5 0.8 0.7 0.8 0.3 -1</row>
				<row>0.1 0.1 0.1 0.1 0.1 0.1 0.1 0.1 0.1 2</row>
				<row>0.8 0.9 0.9 0.5 0.3 0.5 0.7 0.7 0.1 -1</row>
				<row>0.1 0.1 0.1 0.1 0.2 0.1 0.1 0.1 0.1 2</row>
				<row>0.5 0.1 0.1 0.1 0.2 0.1 0.2 0.1 0.1 2</row>
				<row>0.3 0.3 0.5 0.2 0.3 1 0.7 0.1 0.1 -1</row>
				<row>0.1 0.2 0.1 0.3 0.2 0.1 0.2 0.1 0.1 2</row>
				<row>0.4 0.1 0.3 0.3 0.2 0.1 0.1 0.1 0.1 2</row>
				<row>0.4 0.1 0.1 0.1 0.2 0.3 0.1 0.1 0.1 2</row>
				<row>0.7 0.5 1 1 1 1 0.4 1 0.3 -1</row>
				<row>0.2 0.1 0.1 0.1 0.2 0.1 0.2 0.1 0.1 2</row>
				<row>0.3 0.2 0.2 0.2 0.2 0.1 0.3 0.2 0.1 2</row>
				<row>0.3 0.1 0.1 0.1 0.1 0.1 0.2 0.1 0.1 2</row>
				<row>0.5 0.3 0.1 0.1 0.2 0.1 0.1 0.1 0.1 2</row>
				<row>0.8 0.8 0.9 0.6 0.6 0.3 1 1 0.1 -1</row>
				<row>0.3 0.1 0.1 0.1 0.2 0.1 0.2 0.2 0.1 2</row>
				<row>1 0.5 0.5 0.6 0.3 1 0.7 0.9 0.2 -1</row>
				<row>0.4 0.1 0.1 0.1 0.2 0.1 0.3 0.6 0.1 2</row>
				<row>1 0.4 0.5 0.4 0.3 0.5 0.7 0.3 0.1 -1</row>
				<row>0.5 0.3 0.5 0.1 0.8 1 0.5 0.3 0.1 -1</row>
				<row>0.1 0.1 0.1 0.1 0.2 0.1 0.3 0.1 0.1 2</row>
				<row>0.7 0.8 0.8 0.7 0.3 1 0.7 0.2 0.3 -1</row>
				<row>0.2 0.1 0.1 0.1 0.2 0.5 0.1 0.1 0.1 2</row>
				<row>0.6 0.6 0.6 0.9 0.6 0.35 0.7 0.8 0.1 2</row>
				<row>0.4 0.5 0.5 0.8 0.6 1 1 0.7 0.1 -1</row>
				<row>0.1 0.1 0.1 0.1 0.2 0.1 0.2 0.1 0.1 2</row>
				<row>0.3 0.1 0.1 0.1 0.2 0.1 0.2 0.1 0.1 2</row>
				<row>1 1 1 0.3 1 1 0.9 1 0.1 -1</row>
				<row>0.8 1 0.5 0.3 0.8 0.4 0.4 1 0.3 -1</row>
				<row>0.5 0.1 0.3 0.1 0.2 0.1 0.2 0.1 0.1 2</row>
				<row>0.5 0.4 0.4 0.9 0.2 1 0.5 0.6 0.1 -1</row>
				<row>0.5 0.5 0.5 0.2 0.5 1 0.4 0.3 0.1 -1</row>
				<row>0.3 0.1 0.1 0.1 0.3 0.2 0.1 0.1 0.1 2</row>
				<row>1 0.7 0.7 0.3 0.8 0.5 0.7 0.4 0.3 -1</row>
				<row>0.4 0.8 0.7 1 0.4 1 0.7 0.5 0.1 -1</row>
				<row>0.5 0.1 0.1 0.1 0.2 0.1 0.1 0.1 0.1 2</row>
				<row>0.3 0.4 0.5 0.3 0.7 0.3 0.4 0.6 0.1 2</row>
				<row>0.6 0.1 0.1 0.3 0.2 0.1 0.1 0.1 0.1 2</row>
				<row>0.1 0.1 0.1 0.1 0.2 0.1 0.3 0.1 0.1 2</row>
				<row>0.3 0.1 0.1 0.1 0.2 0.1 0.2 0.1 0.1 2</row>
				<row>0.3 0.1 0.1 0.1 0.2 0.4 0.1 0.1 0.1 2</row>
				<row>0.5 0.4 0.6 0.6 0.4 1 0.4 0.3 0.1 -1</row>
				<row>0.4 0.1 0.1 0.1 0.2 0.1 0.2 0.1 0.1 2</row>
				<row>0.5 0.1 0.2 0.1 0.2 0.1 0.3 0.1 0.1 2</row>
				<row>0.3 0.2 0.1 0.1 0.2 0.1 0.2 0.2 0.1 2</row>
				<row>0.1 0.1 0.1 0.1 0.2 0.1 0.1 0.1 0.1 2</row>
				<row>0.4 0.8 0.6 0.4 0.3 0.4 1 0.6 0.1 -1</row>
				<row>0.5 0.2 0.2 0.2 0.3 0.1 0.1 0.3 0.1 2</row>
				<row>1 0.6 0.6 0.2 0.4 1 0.9 0.7 0.1 -1</row>
				<row>0.3 0.2 0.2 0.1 0.4 0.3 0.2 0.1 0.1 2</row>
				<row>0.6 1 0.2 0.8 1 0.2 0.7 0.8 1 -1</row>
				<row>1 0.4 0.4 1 0.2 1 0.5 0.3 0.3 -1</row>
				<row>0.1 0.1 0.1 0.3 0.2 0.1 0.1 0.1 0.1 2</row>
				<row>0.1 0.1 0.1 0.1 0.1 0.1 0.1 0.1 0.1 2</row>
				<row>0.3 0.1 0.1 0.1 0.2 0.1 0.2 0.1 0.1 2</row>
				<row>0.1 0.1 0.1 0.1 0.2 0.1 0.2 0.1 0.1 2</row>
				<row>0.1 0.1 0.1 0.1 0.2 0.1 0.1 0.1 0.1 2</row>
				<row>1 0.4 0.3 1 0.3 1 0.7 0.1 0.2 -1</row>
				<row>0.1 0.1 0.1 0.1 0.2 0.1 0.3 0.1 0.1 2</row>
				<row>0.3 0.1 0.1 0.3 0.2 0.1 0.2 0.1 0.1 2</row>
				<row>0.1 0.1 0.1 0.1 0.2 0.1 0.1 0.1 0.1 2</row>
				<row>0.5 0.1 0.1 0.1 0.2 0.1 0.1 0.1 0.1 2</row>
				<row>0.4 0.1 0.4 0.1 0.2 0.1 0.1 0.1 0.1 2</row>
				<row>0.8 0.8 0.7 0.4 1 1 0.7 0.8 0.7 -1</row>
				<row>0.1 0.1 0.2 0.1 0.3 0.35 0.1 0.1 0.1 2</row>
				<row>0.5 0.1 0.1 0.1 0.2 0.1 0.3 0.1 0.1 2</row>
				<row>0.6 0.1 0.1 0.1 0.2 0.1 0.3 0.1 0.1 2</row>
				<row>0.6 0.3 0.4 0.1 0.5 0.2 0.3 0.9 0.1 -1</row>
				<row>0.4 0.1 0.1 0.3 0.2 0.1 0.3 0.1 0.1 2</row>
				<row>0.2 0.1 0.1 0.1 0.2 0.1 0.1 0.1 0.1 2</row>
				<row>0.5 0.1 0.1 0.1 0.2 0.1 0.3 0.1 0.1 2</row>
				<row>0.5 0.8 0.7 0.7 1 1 0.5 0.7 0.1 -1</row>
				<row>0.6 0.1 0.3 0.2 0.2 0.1 0.1 0.1 0.1 2</row>
				<row>0.1 0.1 0.1 0.1 0.4 0.3 0.1 0.1 0.1 2</row>
				<row>0.2 0.1 0.3 0.2 0.2 0.1 0.2 0.1 0.1 2</row>
				<row>0.5 0.3 0.2 0.4 0.2 0.1 0.1 0.1 0.1 2</row>
				<row>0.6 0.1 0.3 0.1 0.4 0.5 0.5 1 0.1 -1</row>
				<row>0.4 0.1 0.1 0.1 0.2 0.1 0.3 0.1 0.1 2</row>
				<row>0.2 0.1 0.1 0.1 0.2 0.1 0.2 0.1 0.1 2</row>
				<row>0.1 0.1 0.1 0.1 0.2 0.1 0.3 0.1 0.1 2</row>
				<row>0.2 0.1 0.1 0.1 0.2 0.1 0.3 0.1 0.1 2</row>
				<row>0.7 0.6 1 0.5 0.3 1 0.9 1 0.2 -1</row>
				<row>0.2 0.1 0.1 0.1 0.2 0.1 0.1 0.1 0.1 2</row>
				<row>0.8 1 1 0.8 0.6 0.9 0.3 1 1 -1</row>
				<row>0.1 0.1 0.1 0.3 0.1 0.3 0.1 0.1 0.1 2</row>
				<row>0.3 0.1 0.1 0.1 0.2 0.1 0.1 0.1 0.1 2</row>
				<row>0.1 0.1 0.1 0.1 0.2 0.1 0.2 0.1 0.1 2</row>
				<row>1 0.4 0.6 0.1 0.2 1 0.5 0.3 0.1 -1</row>
				<row>0.1 0.1 0.1 0.1 0.1 0.1 0.3 0.1 0.1 2</row>
				<row>0.6 0.1 0.1 0.1 0.1 0.1 0.1 0.1 0.1 2</row>
				<row>0.1 0.1 0.1 0.1 0.3 0.2 0.2 0.1 0.1 2</row>
				<row>0.4 0.1 0.1 0.3 0.2 0.1 0.3 0.1 0.1 2</row>
				<row>0.3 0.1 0.1 0.1 0.2 0.1 0.3 0.1 0.1 2</row>
				<row>0.1 0.1 0.1 0.1 0.1 0.1 0.1 0.1 0.1 2</row>
				<row>0.5 0.1 0.1 0.1 0.2 0.1 0.3 0.1 0.1 2</row>
				<row>0.2 0.1 0.1 0.1 0.2 0.1 0.2 0.1 0.1 2</row>
				<row>1 0.3 0.3 0.1 0.2 1 0.7 0.6 0.1 -1</row>
				<row>0.1 0.1 0.1 0.1 0.2 0.1 0.2 0.1 0.1 2</row>
				<row>0.5 0.2 0.3 0.1 0.6 1 0.5 0.1 0.1 -1</row>
				<row>0.4 0.7 0.8 0.3 0.4 1 0.9 0.1 0.1 -1</row>
				<row>0.3 0.2 0.1 0.2 0.2 0.1 0.3 0.1 0.1 2</row>
				<row>0.1 0.1 0.1 0.1 0.2 0.1 0.3 0.1 0.1 2</row>
				<row>0.3 0.1 0.1 0.1 0.2 0.1 0.3 0.1 0.1 2</row>
				<row>0.1 0.1 0.1 0.1 0.2 0.1 0.3 0.2 0.1 2</row>
				<row>0.1 0.1 0.1 0.1 0.2 0.1 0.2 0.1 0.1 2</row>
				<row>0.2 0.1 0.1 0.1 0.2 0.1 0.2 0.1 0.1 2</row>
				<row>0.4 0.2 0.1 0.1 0.2 0.1 0.2 0.1 0.1 2</row>
				<row>0.5 0.2 0.2 0.2 0.2 0.2 0.3 0.2 0.2 2</row>
				<row>0.4 0.1 0.1 0.2 0.2 0.1 0.1 0.1 0.1 2</row>
				<row>0.5 0.3 0.4 0.3 0.4 0.5 0.4 0.7 0.1 2</row>
				<row>0.4 0.1 0.1 0.2 0.2 0.1 0.2 0.1 0.1 2</row>
				<row>0.3 0.1 0.2 0.1 0.2 0.1 0.3 0.1 0.1 2</row>
				<row>0.7 0.3 0.2 1 0.5 1 0.5 0.4 0.4 -1</row>
				<row>0.4 0.1 0.1 0.1 0.2 0.1 0.3 0.2 0.1 2</row>
				<row>0.1 0.1 0.1 0.1 0.1 0.1 0.1 0.1 0.1 2</row>
				<row>0.7 0.5 0.3 0.7 0.4 1 0.7 0.5 0.5 -1</row>
				<row>0.1 0.1 0.1 0.1 0.2 0.1 0.1 0.1 0.1 2</row>
				<row>0.8 0.7 0.5 1 0.7 0.9 0.5 0.5 0.4 -1</row>
				<row>0.5 0.1 0.2 0.1 0.2 0.1 0.3 0.1 0.1 2</row>
				<row>0.3 0.1 0.1 0.1 0.1 0.1 0.2 0.1 0.1 2</row>
				<row>0.3 0.1 0.1 0.1 0.2 0.1 0.2 0.1 0.1 2</row>
				<row>0.5 0.3 0.3 0.4 0.2 0.4 0.3 0.4 0.1 -1</row>
				<row>1 0.6 0.6 0.3 0.4 0.5 0.3 0.6 0.1 -1</row>
				<row>0.2 0.1 0.1 0.1 0.2 0.1 0.3 0.1 0.1 2</row>
				<row>0.1 0.1 0.1 0.1 0.1 0.1 0.3 0.1 0.1 2</row>
				<row>0.5 1 1 0.5 0.4 0.5 0.4 0.4 0.1 -1</row>
				<row>0.4 0.1 0.1 0.1 0.2 0.1 0.3 0.1 0.1 2</row>
				<row>0.4 0.1 0.1 0.1 0.2 0.1 0.1 0.2 0.1 2</row>
				<row>0.4 0.1 0.1 0.1 0.2 0.1 0.1 0.1 0.1 2</row>
				<row>0.3 0.1 0.1 0.1 0.2 0.1 0.2 0.1 0.1 2</row>
				<row>0.6 0.1 0.1 0.1 0.2 0.1 0.3 0.1 0.1 2</row>
				<row>0.8 0.4 0.7 0.1 0.3 1 0.3 0.9 0.2 -1</row>
				<row>0.8 1 1 1 0.7 0.5 0.4 0.8 0.7 -1</row>
				<row>1 0.6 0.4 0.3 1 1 0.9 1 0.1 -1</row>
				<row>1 0.8 0.7 0.4 0.3 1 0.7 0.9 0.1 -1</row>
				<row>1 0.8 1 0.1 0.3 1 0.5 0.1 0.1 -1</row>
				<row>0.8 0.7 0.6 0.4 0.4 1 0.5 0.1 0.1 -1</row>
				<row>0.8 0.2 0.3 0.1 0.6 0.3 0.7 0.1 0.1 -1</row>
				<row>0.1 0.1 0.1 0.1 0.2 0.1 0.1 0.1 0.1 2</row>
				<row>0.5 0.1 0.1 0.1 0.2 0.1 0.1 0.1 0.1 2</row>
				<row>0.1 0.1 0.1 0.1 0.1 0.1 0.2 0.1 0.1 2</row>
				<row>0.4 0.1 0.1 0.1 0.2 0.1 0.1 0.1 0.1 2</row>
				<row>0.5 0.1 0.3 0.3 0.2 0.2 0.2 0.3 0.1 2</row>
				<row>1 1 1 1 0.7 1 0.7 1 0.4 -1</row>
				<row>0.4 0.1 0.2 0.1 0.2 0.1 0.2 0.1 0.1 2</row>
				<row>0.1 0.5 0.8 0.6 0.5 0.8 0.7 1 0.1 -1</row>
				<row>0.4 0.1 0.1 0.1 0.1 0.1 0.2 0.1 0.1 2</row>
				<row>0.1 0.1 0.1 0.1 0.2 0.1 0.1 0.1 0.1 2</row>
				<row>0.5 0.5 0.7 0.8 0.6 1 0.7 0.4 0.1 -1</row>
				<row>0.1 0.1 0.1 0.1 0.1 0.1 0.2 0.1 0.1 2</row>
				<row>0.4 0.1 0.1 0.1 0.2 0.1 0.3 0.1 0.1 2</row>
				<row>0.4 0.1 0.1 0.1 0.2 0.1 0.3 0.1 0.1 2</row>
				<row>0.1 0.1 0.1 0.1 0.2 0.5 0.1 0.1 0.1 2</row>
				<row>1 0.9 0.7 0.3 0.4 0.2 0.7 0.7 0.1 -1</row>
				<row>0.2 0.1 0.1 0.1 0.2 0.1 0.3 0.1 0.1 2</row>
				<row>0.5 0.8 0.9 0.4 0.3 1 0.7 0.1 0.1 -1</row>
				<row>0.1 0.1 0.1 0.3 0.2 0.3 0.1 0.1 0.1 2</row>
				<row>0.4 0.1 0.1 0.1 0.2 0.1 0.1 0.1 0.1 2</row>
			</data>
		</validation>
		<test>
			<num_data>174</num_data>
			<num_cols>10</num_cols>
			<num_outputs>1</num_outputs>
			<num_classes>174</num_classes>
			<data_type>0</data_type>
			<list_separator></list_separator>
			<data>
				<row>0.4 0.2 0.1 0.1 0.2 0.1 0.1 0.1 0.1 2</row>
				<row>0.5 0.4 0.3 0.1 0.2 0.35 0.2 0.3 0.1 2</row>
				<row>0.4 0.1 0.1 0.1 0.2 0.3 0.2 0.1 0.1 2</row>
				<row>0.1 0.1 0.1 0.1 0.2 0.1 0.3 0.1 0.1 2</row>
				<row>1 0.6 0.3 0.6 0.4 1 0.7 0.8 0.4 -1</row>
				<row>0.5 0.2 0.2 0.2 0.1 0.1 0.2 0.1 0.1 2</row>
				<row>0.3 0.1 0.4 0.1 0.2 0.35 0.3 0.1 0.1 2</row>
				<row>0.5 1 1 0.6 1 1 1 0.6 0.5 -1</row>
				<row>0.4 0.1 0.1 0.1 0.2 0.1 0.2 0.1 0.1 2</row>
				<row>0.1 0.1 0.3 0.1 0.2 0.1 0.2 0.1 0.1 2</row>
				<row>0.1 0.1 0.1 0.2 0.1 0.3 0.1 0.1 0.7 2</row>
				<row>0.5 0.1 0.1 0.1 0.2 0.1 0.2 0.2 0.1 2</row>
				<row>0.3 0.1 0.1 0.1 0.2 0.1 0.2 0.1 0.1 2</row>
				<row>0.3 0.1 0.1 0.1 0.3 0.1 0.2 0.1 0.1 2</row>
				<row>1 0.2 0.2 0.1 0.2 0.6 0.1 0.1 0.2 -1</row>
				<row>0.5 1 1 1 1 1 1 0.1 0.1 -1</row>
				<row>0.5 0.1 0.1 0.3 0.2 0.1 0.1 0.1 0.1 2</row>
				<row>0.4 0.1 0.1 0.1 0.2 0.1 0.2 0.1 0.1 2</row>
				<row>0.5 0.1 0.1 0.3 0.4 0.1 0.3 0.2 0.1 2</row>
				<row>0.7 0.6 0.4 0.8 1 1 0.9 0.5 0.3 -1</row>
				<row>0.2 0.1 0.1 0.1 0.2 0.1 0.2 0.1 0.1 2</row>
				<row>0.5 0.2 0.3 0.4 0.2 0.7 0.3 0.6 0.1 -1</row>
				<row>0.9 1 1 0.1 1 0.8 0.3 0.3 0.1 -1</row>
				<row>0.4 0.1 0.2 0.1 0.2 0.1 0.2 0.1 0.1 2</row>
				<row>0.6 0.5 0.5 0.8 0.4 1 0.3 0.4 0.1 -1</row>
				<row>1 0.4 0.4 0.6 0.2 1 0.2 0.3 0.1 -1</row>
				<row>0.1 0.1 0.1 0.1 0.2 0.1 0.3 0.1 0.1 2</row>
				<row>1 0.8 0.8 0.2 0.3 0.4 0.8 0.7 0.8 -1</row>
				<row>1 0.4 0.4 1 0.6 1 0.5 0.5 0.1 -1</row>
				<row>0.8 0.6 0.4 0.3 0.5 0.9 0.3 0.1 0.1 -1</row>
				<row>0.7 0.6 0.6 0.3 0.2 1 0.7 0.1 0.1 -1</row>
				<row>0.2 0.1 0.2 0.1 0.2 0.1 0.3 0.1 0.1 2</row>
				<row>0.3 0.1 0.1 0.1 0.2 0.1 0.1 0.1 0.1 2</row>
				<row>0.2 0.1 0.1 0.1 0.2 0.1 0.3 0.1 0.1 2</row>
				<row>0.9 0.9 1 0.3 0.6 1 0.7 1 0.6 -1</row>
				<row>0.3 0.1 0.1 0.1 0.2 0.1 0.3 0.2 0.1 2</row>
				<row>0.1 0.1 0.1 0.1 0.2 0.1 0.3 0.1 0.1 2</row>
				<row>0.5 1 1 1 0.5 0.2 0.8 0.5 0.1 -1</row>
				<row>1 1 1 0.8 0.6 0.1 0.8 0.9 0.1 -1</row>
				<row>0.3 0.1 0.1 0.1 0.3 0.1 0.2 0.1 0.1 2</row>
				<row>0.5 0.8 0.8 1 0.5 1 0.8 1 0.3 -1</row>
				<row>0.1 0.1 0.3 0.1 0.2 0.1 0.1 0.1 0.1 2</row>
				<row>0.4 0.1 0.1 0.1 0.2 0.1 0.3 0.2 0.1 2</row>
				<row>0.6 1 0.7 0.7 0.6 0.4 0.8 1 0.2 -1</row>
				<row>0.3 0.1 0.1 0.1 0.1 0.1 0.2 0.1 0.1 2</row>
				<row>1 1 1 0.7 0.9 1 0.7 1 1 -1</row>
				<row>0.5 0.3 0.2 0.8 0.5 1 0.8 0.1 0.2 -1</row>
				<row>1 1 0.6 0.3 0.3 1 0.4 0.3 0.2 -1</row>
				<row>0.3 0.1 0.1 0.1 0.2 0.1 0.1 0.1 0.1 2</row>
				<row>0.9 0.4 0.5 1 0.6 1 0.4 0.8 0.1 -1</row>
				<row>0.1 0.1 0.1 0.1 0.1 0.35 0.2 0.1 0.1 2</row>
				<row>0.4 0.1 0.1 0.1 0.2 0.1 0.1 0.1 0.1 2</row>
				<row>0.8 0.3 0.3 0.1 0.2 0.2 0.3 0.2 0.1 2</row>
				<row>0.8 0.4 0.4 0.1 0.6 1 0.2 0.5 0.2 -1</row>
				<row>0.1 0.1 0.1 0.1 0.2 0.1 0.2 0.1 0.1 2</row>
				<row>0.3 0.1 0.1 0.1 0.1 0.1 0.2 0.1 0.1 2</row>
				<row>0.2 0.3 0.4 0.4 0.2 0.5 0.2 0.5 0.1 -1</row>
				<row>0.3 0.2 0.1 0.1 0.1 0.1 0.2 0.1 0.1 2</row>
				<row>0.3 0.3 0.6 0.4 0.5 0.8 0.4 0.4 0.1 -1</row>
				<row>0.1 0.1 0.1 0.1 0.2 0.35 0.2 0.1 0.1 2</row>
				<row>0.5 0.2 0.1 0.1 0.2 0.1 0.1 0.1 0.1 2</row>
				<row>0.1 0.1 0.1 0.1 0.2 0.1 0.1 0.1 0.1 2</row>
				<row>0.1 0.1 0.1 0.1 0.2 0.1 0.1 0.1 0.1 2</row>
				<row>0.3 0.1 0.3 0.1 0.2 0.35 0.2 0.1 0.1 2</row>
				<row>1 1 1 1 0.5 1 1 1 0.7 -1</row>
				<row>0.5 0.1 0.2 0.1 0.2 0.1 0.3 0.1 0.1 2</row>
				<row>0.3 0.1 0.1 0.1 0.2 0.1 0.2 0.1 0.1 2</row>
				<row>0.4 0.1 0.1 0.1 0.1 0.1 0.2 0.1 0.1 2</row>
				<row>0.3 0.1 0.1 0.1 0.2 0.1 0.2 0.1 0.1 2</row>
				<row>0.4 0.1 0.3 0.1 0.2 0.1 0.2 0.1 0.1 2</row>
				<row>1 1 1 0.3 1 0.8 0.8 0.1 0.1 -1</row>
				<row>0.4 0.1 0.1 0.3 0.1 0.1 0.2 0.1 0.1 2</row>
				<row>0.3 0.1 0.1 0.1 0.2 0.1 0.3 0.1 0.1 2</row>
				<row>0.5 0.1 0.1 0.1 0.1 0.1 0.1 0.1 0.1 2</row>
				<row>0.1 0.1 0.1 0.1 0.2 0.1 0.3 0.1 0.1 2</row>
				<row>0.5 0.2 0.4 0.1 0.1 0.1 0.1 0.1 0.1 2</row>
				<row>0.2 0.3 0.2 0.2 0.2 0.2 0.3 0.1 0.1 2</row>
				<row>0.5 1 1 0.3 0.7 0.3 0.8 1 0.2 -1</row>
				<row>0.8 0.4 0.5 0.1 0.2 0.35 0.7 0.3 0.1 -1</row>
				<row>0.9 1 1 1 1 1 1 1 0.1 -1</row>
				<row>0.4 0.4 0.2 0.1 0.2 0.5 0.2 0.1 0.2 2</row>
				<row>0.7 0.2 0.4 0.1 0.3 0.4 0.3 0.3 0.1 -1</row>
				<row>0.4 0.1 0.1 0.2 0.2 0.1 0.2 0.1 0.1 2</row>
				<row>0.8 0.6 0.4 1 1 0.1 0.3 0.5 0.1 -1</row>
				<row>0.5 0.1 0.1 0.1 0.2 0.1 0.1 0.1 0.1 2</row>
				<row>0.7 0.4 0.5 1 0.2 1 0.3 0.8 0.2 -1</row>
				<row>0.5 0.2 0.2 0.4 0.2 0.4 0.1 0.1 0.1 2</row>
				<row>0.3 0.2 0.2 0.3 0.2 0.3 0.3 0.1 0.1 2</row>
				<row>0.5 0.1 0.1 0.1 0.2 0.1 0.3 0.1 0.1 2</row>
				<row>0.6 0.1 0.3 0.1 0.2 0.1 0.3 0.1 0.1 2</row>
				<row>0.3 0.1 0.1 0.1 0.2 0.1 0.3 0.1 0.1 2</row>
				<row>1 0.4 0.5 0.5 0.5 1 0.4 0.1 0.1 -1</row>
				<row>0.5 0.1 0.1 0.3 0.2 0.1 0.1 0.1 0.1 2</row>
				<row>0.6 0.1 0.1 0.1 0.2 0.1 0.3 0.1 0.1 2</row>
				<row>0.4 0.1 0.1 0.3 0.2 0.1 0.1 0.1 0.1 2</row>
				<row>0.3 0.1 0.1 0.1 0.2 0.1 0.2 0.1 0.1 2</row>
				<row>0.5 1 1 0.8 0.5 0.5 0.7 1 0.1 -1</row>
				<row>1 0.6 0.5 0.8 0.5 1 0.8 0.6 0.1 -1</row>
				<row>0.2 0.1 0.1 0.1 0.3 0.1 0.2 0.1 0.1 2</row>
				<row>0.4 0.1 0.1 0.1 0.2 0.1 0.3 0.1 0.1 2</row>
				<row>0.1 0.1 0.2 0.1 0.2 0.1 0.2 0.1 0.1 2</row>
				<row>0.1 0.3 0.1 0.1 0.2 0.1 0.2 0.2 0.1 2</row>
				<row>0.2 0.2 0.2 0.1 0.1 0.1 0.7 0.1 0.1 2</row>
				<row>0.9 0.8 0.8 0.9 0.6 0.3 0.4 0.1 0.1 -1</row>
				<row>0.5 0.1 0.4 0.1 0.2 0.1 0.3 0.2 0.1 2</row>
				<row>0.1 0.1 0.1 0.1 0.1 0.1 0.3 0.1 0.1 2</row>
				<row>0.5 0.1 0.1 0.1 0.2 0.1 0.1 0.1 0.1 2</row>
				<row>1 1 0.7 0.8 0.7 0.1 1 1 0.3 -1</row>
				<row>0.2 0.1 0.1 0.2 0.2 0.1 0.3 0.1 0.1 2</row>
				<row>0.1 0.2 0.1 0.3 0.2 0.1 0.1 0.2 0.1 2</row>
				<row>0.5 0.3 0.6 0.1 0.2 0.1 0.1 0.1 0.1 2</row>
				<row>0.1 0.1 0.1 0.1 0.1 0.1 0.3 0.1 0.1 2</row>
				<row>0.2 0.1 0.1 0.1 0.2 0.1 0.1 0.1 0.1 2</row>
				<row>0.3 0.1 0.1 0.3 0.1 0.1 0.3 0.1 0.1 2</row>
				<row>0.5 1 1 0.9 0.6 1 0.7 1 0.5 -1</row>
				<row>0.1 0.1 0.1 0.1 0.2 0.1 0.3 0.1 0.1 2</row>
				<row>0.1 0.1 0.1 0.1 0.2 0.1 0.2 0.1 0.1 2</row>
				<row>0.5 0.6 0.6 0.2 0.4 1 0.3 0.6 0.1 -1</row>
				<row>0.3 0.1 0.2 0.2 0.2 0.1 0.1 0.1 0.1 2</row>
				<row>0.9 0.6 0.9 0.2 1 0.6 0.2 0.9 1 -1</row>
				<row>0.5 0.7 1 0.6 0.5 1 0.7 0.5 0.1 -1</row>
				<row>0.6 1 1 0.2 0.8 1 0.7 0.3 0.3 -1</row>
				<row>0.9 1 1 1 1 0.5 1 1 1 -1</row>
				<row>0.6 0.5 0.4 0.4 0.3 0.9 0.7 0.8 0.3 -1</row>
				<row>1 1 1 0.8 0.2 1 0.4 0.1 0.1 -1</row>
				<row>0.1 0.2 0.3 0.1 0.2 0.1 0.2 0.1 0.1 2</row>
				<row>0.9 0.5 0.5 0.4 0.4 0.5 0.4 0.3 0.3 -1</row>
				<row>0.1 0.1 0.1 0.1 0.2 0.1 0.3 0.1 0.1 2</row>
				<row>0.3 0.1 0.1 0.2 0.2 0.1 0.1 0.1 0.1 2</row>
				<row>0.5 0.1 0.1 0.3 0.2 0.1 0.1 0.1 0.1 2</row>
				<row>0.4 0.1 0.2 0.1 0.2 0.1 0.1 0.1 0.1 2</row>
				<row>0.8 1 1 1 0.6 1 1 1 0.1 -1</row>
				<row>0.4 0.2 0.1 0.1 0.2 0.2 0.3 0.1 0.1 2</row>
				<row>0.2 0.1 0.1 0.1 0.2 0.1 0.2 0.1 0.1 2</row>
				<row>0.7 0.3 0.4 0.4 0.3 0.3 0.3 0.2 0.7 -1</row>
				<row>0.1 0.1 0.1 0.1 0.2 0.1 0.3 0.1 0.1 2</row>
				<row>0.6 0.1 0.1 0.3 0.2 0.1 0.1 0.1 0.1 2</row>
				<row>0.3 0.1 0.1 0.1 0.2 0.1 0.2 0.1 0.1 2</row>
				<row>0.7 0.8 0.7 0.6 0.4 0.3 0.8 0.8 0.4 -1</row>
				<row>0.8 0.7 0.8 0.2 0.4 0.2 0.5 1 0.1 -1</row>
				<row>0.1 0.1 0.1 0.1 0.2 0.1 0.3 0.1 0.1 2</row>
				<row>0.5 0.1 0.1 0.1 0.2 0.1 0.3 0.1 0.1 2</row>
				<row>0.5 0.1 0.1 0.1 0.2 0.1 0.1 0.1 0.1 2</row>
				<row>0.6 1 1 1 0.4 1 0.7 1 0.1 -1</row>
				<row>1 0.4 0.3 1 0.4 1 1 0.1 0.1 -1</row>
				<row>0.4 0.1 0.1 0.1 0.2 0.1 0.1 0.1 0.1 2</row>
				<row>0.4 0.6 0.6 0.5 0.7 0.6 0.7 0.7 0.3 -1</row>
				<row>0.3 0.1 0.1 0.2 0.2 0.1 0.1 0.1 0.1 2</row>
				<row>0.1 0.2 0.2 0.1 0.2 0.1 0.1 0.1 0.1 2</row>
				<row>0.5 0.8 0.4 1 0.5 0.8 0.9 1 0.1 -1</row>
				<row>0.5 0.4 0.6 1 0.2 1 0.4 0.1 0.1 -1</row>
				<row>0.8 0.7 0.8 0.5 0.5 1 0.9 1 0.1 -1</row>
				<row>0.3 0.1 0.1 0.1 0.2 0.5 0.5 0.1 0.1 2</row>
				<row>0.3 0.1 0.2 0.1 0.2 0.1 0.2 0.1 0.1 2</row>
				<row>0.1 0.1 0.1 0.1 0.2 0.1 0.1 0.1 0.1 2</row>
				<row>0.9 0.5 0.8 0.1 0.2 0.3 0.2 0.1 0.5 -1</row>
				<row>0.5 0.1 0.1 0.1 0.2 0.1 0.2 0.1 0.1 2</row>
				<row>0.5 0.1 0.1 0.1 0.2 0.1 0.2 0.1 0.1 2</row>
				<row>0.5 0.2 0.1 0.1 0.2 0.1 0.3 0.1 0.1 2</row>
				<row>0.5 0.1 0.1 0.4 0.2 0.1 0.3 0.1 0.1 2</row>
				<row>0.1 0.1 0.2 0.1 0.2 0.2 0.4 0.2 0.1 2</row>
				<row>0.9 0.7 0.7 0.5 0.5 1 0.7 0.8 0.3 -1</row>
				<row>0.6 0.1 0.1 0.1 0.2 0.1 0.2 0.1 0.1 2</row>
				<row>0.3 1 0.3 1 0.6 1 0.5 0.1 0.4 -1</row>
				<row>0.1 0.1 0.1 0.1 0.2 0.1 0.1 0.1 0.1 2</row>
				<row>0.1 0.4 0.3 1 0.4 1 0.5 0.6 0.1 -1</row>
				<row>0.2 0.1 0.1 0.2 0.3 0.1 0.2 0.1 0.1 2</row>
				<row>0.4 0.1 0.1 0.1 0.2 0.1 0.2 0.1 0.1 2</row>
				<row>0.6 0.3 0.2 0.1 0.3 0.4 0.4 0.1 0.1 -1</row>
				<row>0.5 0.1 0.2 0.1 0.2 0.1 0.1 0.1 0.1 2</row>
				<row>0.7 0.5 0.6 1 0.5 1 0.7 0.9 0.4 -1</row>
				<row>0.6 1 1 1 0.8 1 0.7 1 0.7 -1</row>
				<row>0.5 0.7 1 1 0.5 1 1 1 0.1 -1</row>
				<row>0.1 0.1 0.1 0.1 0.2 0.1 0.2 0.1 0.1 2</row>
			</data>
		</test>
		<variables_utilization>1 1 1 1 1 1 1 1 1 </variables_utilization>
		<parameters>
			<mutation_probability>0.005</mutation_probability>
			<crossover_probability>0.9</crossover_probability>
			<crossover_type>0</crossover_type>
			<chromosome_length>256</chromosome_length>
			<subpopulation_size>500</subpopulation_size>
			<num_subpopulations>10</num_subpopulations>
			<tournament_size>2</tournament_size>
			<number_of_generations>250</number_of_generations>
			<problem_type>1</problem_type>
			<random_seed>0</random_seed>
			<operators_probability>0.5</operators_probability>
			<variables_probability>0.4</variables_probability>
			<constants_probability>0.1</constants_probability>
			<num_runs>30</num_runs>
			<use_validation_data>1</use_validation_data>
			<simplified>1</simplified>
			<num_threads>10</num_threads>
			<random_subset_selection_size_percent>100</random_subset_selection_size_percent>
			<error_measure>2</error_measure>
			<num_generations_for_which_random_subset_is_kept_fixed>1</num_generations_for_which_random_subset_is_kept_fixed>
			<time_series_mode>0</time_series_mode>
			<num_predictions>10</num_predictions>
			<window_size>2</window_size>
		</parameters>
		<constants>
			<type>1</type>
			<num_automatic_constants>10</num_automatic_constants>
			<min_interval>0</min_interval>
			<max_interval>1</max_interval>
			<evolve>1</evolve>
			<can_evolve_outside_initial_interval>1</can_evolve_outside_initial_interval>
			<stddev>0.1</stddev>
			<num_user_defined_constants>0</num_user_defined_constants>
		</constants>
		<operators>
			<use_addition>1</use_addition>
			<use_subtraction>1</use_subtraction>
			<use_multiplication>1</use_multiplication>
			<use_division>1</use_division>
			<use_power>0</use_power>
			<use_sqrt>0</use_sqrt>
			<use_exp>1</use_exp>
			<use_pow10>0</use_pow10>
			<use_ln>1</use_ln>
			<use_log10>0</use_log10>
			<use_log2>0</use_log2>
			<use_floor>0</use_floor>
			<use_ceil>0</use_ceil>
			<use_abs>0</use_abs>
			<use_inv>0</use_inv>
			<use_neg>0</use_neg>
			<use_x2>0</use_x2>
			<use_min>0</use_min>
			<use_max>0</use_max>
			<use_not>0</use_not>
			<use_and>0</use_and>
			<use_or>0</use_or>
			<use_xor>0</use_xor>
			<use_nand>0</use_nand>
			<use_nor>0</use_nor>
			<use_sin>1</use_sin>
			<use_cos>0</use_cos>
			<use_tan>0</use_tan>
			<use_asin>0</use_asin>
			<use_acos>0</use_acos>
			<use_atan>0</use_atan>
			<use_iflz>0</use_iflz>
			<use_ifalbcd>0</use_ifalbcd>
			<use_if_a_or_b_cd>1</use_if_a_or_b_cd>
			<use_if_a_xor_b_cd>0</use_if_a_xor_b_cd>
			<use_fmod>0</use_fmod>
		</operators>
		<results>
			<run>
				<running_time>1491.7</running_time>
				<best_training_error>3.71429 3.42857 3.42857 3.42857 3.42857 3.42857 3.42857 3.42857 3.42857 3.42857 3.14286 3.14286 3.14286 3.14286 3.14286 3.14286 3.14286 3.14286 3.14286 3.14286 3.14286 3.14286 3.14286 3.14286 3.14286 3.14286 3.14286 3.14286 3.14286 3.14286 3.14286 3.14286 2.85714 2.85714 2.85714 2.85714 2.85714 2.85714 2.85714 2.85714 2.85714 2.85714 2.85714 2.85714 2.85714 2.85714 2.85714 2.85714 2.85714 2.85714 2.85714 2.85714 2.85714 2.85714 2.85714 2.85714 2.85714 2.85714 2.85714 2.85714 2.85714 2.85714 2.85714 2.85714 2.85714 2.85714 2.85714 2.85714 2.85714 2.85714 2.85714 2.85714 2.85714 2.85714 2.85714 2.85714 2.85714 2.85714 2.85714 2.85714 2.85714 2.85714 2.85714 2.85714 2.85714 2.85714 2.85714 2.85714 2.85714 2.85714 2.85714 2.85714 2.85714 2.85714 2.85714 2.85714 2.85714 2.85714 2.85714 2.85714 2.85714 2.85714 2.85714 2.85714 2.85714 2.85714 2.85714 2.85714 2.85714 2.85714 2.85714 2.85714 2.85714 2.85714 2.85714 2.85714 2.85714 2.85714 2.85714 2.85714 2.85714 2.85714 2.85714 2.85714 2.85714 2.85714 2.85714 2.85714 2.85714 2.85714 2.85714 2.85714 2.85714 2.85714 2.85714 2.85714 2.85714 2.85714 2.85714 2.85714 2.85714 2.85714 2.85714 2.85714 2.85714 2.85714 2.85714 2.85714 2.85714 2.85714 2.85714 2.85714 2.85714 2.85714 2.85714 2.85714 2.85714 2.85714 2.85714 2.85714 2.85714 2.85714 2.85714 2.85714 2.85714 2.85714 2.85714 2.85714 2.85714 2.85714 2.85714 2.85714 2.85714 2.85714 2.85714 2.85714 2.85714 2.85714 2.85714 2.85714 2.85714 2.85714 2.85714 2.85714 2.85714 2.85714 2.85714 2.85714 2.85714 2.85714 2.85714 2.85714 2.85714 2.85714 2.85714 2.85714 2.85714 2.85714 2.85714 2.85714 2.85714 2.85714 2.85714 2.85714 2.85714 2.85714 2.85714 2.85714 2.85714 2.85714 2.85714 2.85714 2.85714 2.85714 2.85714 2.85714 2.85714 2.57143 2.57143 2.57143 2.57143 2.57143 2.57143 2.57143 2.57143 2.57143 2.57143 2.57143 2.57143 2.57143 2.57143 2.57143 2.57143 2.57143 2.57143 2.57143 2.57143 2.57143 2.57143 2.57143 2.57143 2.57143 2.57143 2.57143 2.57143 2.57143 2.28571 2.28571 2.28571 2.28571 </best_training_error>
				<average_training_error>7.76851 6.35497 5.69651 5.34743 5.11629 4.93114 4.7656 4.64114 4.52383 4.41937 4.32731 4.24326 4.16343 4.08817 4.01697 3.9416 3.87331 3.81594 3.74669 3.69011 3.64086 3.58486 3.54389 3.51011 3.47326 3.43131 3.3876 3.34594 3.33137 3.32366 3.31006 3.29634 3.28629 3.26954 3.24771 3.24389 3.23926 3.23069 3.2176 3.19611 3.16914 3.1456 3.13537 3.1304 3.12194 3.11229 3.11034 3.1072 3.10023 3.08857 3.08417 3.08354 3.08274 3.08166 3.08 3.07606 3.06937 3.05571 3.04514 3.03337 3.02189 3.01817 3.01 2.9988 2.99829 2.99771 2.99651 2.99446 2.99166 2.98703 2.9784 2.96886 2.96737 2.9652 2.96011 2.95126 2.942 2.94171 2.9416 2.94131 2.94086 2.94017 2.93931 2.93771 2.93566 2.932 2.92411 2.91086 2.90874 2.90623 2.90046 2.89057 2.88554 2.88549 2.88537 2.88531 2.88514 2.88474 2.88451 2.88434 2.88371 2.88291 2.88131 2.87886 2.87503 2.86663 2.85714 2.85714 2.85714 2.85714 2.85714 2.85714 2.85714 2.85714 2.85714 2.85714 2.85714 2.85714 2.85714 2.85714 2.85714 2.85714 2.85714 2.85714 2.85714 2.85714 2.85714 2.85714 2.85714 2.85714 2.85714 2.85714 2.85714 2.85714 2.85714 2.85714 2.85714 2.85714 2.85714 2.85714 2.85714 2.85714 2.85714 2.85714 2.85714 2.85714 2.85714 2.85714 2.85714 2.85714 2.85714 2.85714 2.85714 2.85714 2.85714 2.85714 2.85714 2.85714 2.85714 2.85714 2.85714 2.85714 2.85714 2.85714 2.85714 2.85714 2.85714 2.85714 2.85714 2.85714 2.85714 2.85714 2.85714 2.85714 2.85714 2.85714 2.85714 2.85714 2.85714 2.85714 2.85714 2.85714 2.85714 2.85714 2.85714 2.85714 2.85714 2.85714 2.85714 2.85714 2.85714 2.85714 2.85714 2.85714 2.85714 2.85714 2.85714 2.85714 2.85714 2.85714 2.85714 2.85714 2.85714 2.85714 2.85714 2.85714 2.85714 2.85714 2.85714 2.85714 2.85714 2.85714 2.85714 2.85714 2.85714 2.85714 2.85714 2.85709 2.85709 2.85709 2.85709 2.85709 2.85709 2.85709 2.85703 2.85703 2.85697 2.85691 2.85686 2.85686 2.85657 2.85634 2.85594 2.85509 2.85343 2.85034 2.84491 2.83589 2.82709 2.82589 2.82429 2.82137 2.81589 2.80491 2.79983 2.79971 2.79949 2.79926 2.79903 2.79863 </average_training_error>
				<best_validation_error>2.28571</best_validation_error>
				<test_error>1.72414</test_error>
				<best_training_num_incorrect>3.714286 3.428571 3.428571 3.428571 3.428571 3.428571 3.428571 3.428571 3.428571 3.428571 3.142857 3.142857 3.142857 3.142857 3.142857 3.142857 3.142857 3.142857 3.142857 3.142857 3.142857 3.142857 3.142857 3.142857 3.142857 3.142857 3.142857 3.142857 3.142857 3.142857 3.142857 3.142857 2.857143 2.857143 2.857143 2.857143 2.857143 2.857143 2.857143 2.857143 2.857143 2.857143 2.857143 2.857143 2.857143 2.857143 2.857143 2.857143 2.857143 2.857143 2.857143 2.857143 2.857143 2.857143 2.857143 2.857143 2.857143 2.857143 2.857143 2.857143 2.857143 2.857143 2.857143 2.857143 2.857143 2.857143 2.857143 2.857143 2.857143 2.857143 2.857143 2.857143 2.857143 2.857143 2.857143 2.857143 2.857143 2.857143 2.857143 2.857143 2.857143 2.857143 2.857143 2.857143 2.857143 2.857143 2.857143 2.857143 2.857143 2.857143 2.857143 2.857143 2.857143 2.857143 2.857143 2.857143 2.857143 2.857143 2.857143 2.857143 2.857143 2.857143 2.857143 2.857143 2.857143 2.857143 2.857143 2.857143 2.857143 2.857143 2.857143 2.857143 2.857143 2.857143 2.857143 2.857143 2.857143 2.857143 2.857143 2.857143 2.857143 2.857143 2.857143 2.857143 2.857143 2.857143 2.857143 2.857143 2.857143 2.857143 2.857143 2.857143 2.857143 2.857143 2.857143 2.857143 2.857143 2.857143 2.857143 2.857143 2.857143 2.857143 2.857143 2.857143 2.857143 2.857143 2.857143 2.857143 2.857143 2.857143 2.857143 2.857143 2.857143 2.857143 2.857143 2.857143 2.857143 2.857143 2.857143 2.857143 2.857143 2.857143 2.857143 2.857143 2.857143 2.857143 2.857143 2.857143 2.857143 2.857143 2.857143 2.857143 2.857143 2.857143 2.857143 2.857143 2.857143 2.857143 2.857143 2.857143 2.857143 2.857143 2.857143 2.857143 2.857143 2.857143 2.857143 2.857143 2.857143 2.857143 2.857143 2.857143 2.857143 2.857143 2.857143 2.857143 2.857143 2.857143 2.857143 2.857143 2.857143 2.857143 2.857143 2.857143 2.857143 2.857143 2.857143 2.857143 2.857143 2.857143 2.857143 2.857143 2.857143 2.857143 2.857143 2.857143 2.857143 2.571429 2.571429 2.571429 2.571429 2.571429 2.571429 2.571429 2.571429 2.571429 2.571429 2.571429 2.571429 2.571429 2.571429 2.571429 2.571429 2.571429 2.571429 2.571429 2.571429 2.571429 2.571429 2.571429 2.571429 2.571429 2.571429 2.571429 2.571429 2.571429 2.285714 2.285714 2.285714 2.285714 </best_training_num_incorrect>
				<average_training_num_incorrect>3.828571 3.628571 3.600000 3.485714 3.457143 3.457143 3.428571 3.428571 3.428571 3.428571 3.400000 3.400000 3.400000 3.371429 3.342857 3.285714 3.257143 3.257143 3.257143 3.228571 3.228571 3.228571 3.200000 3.200000 3.142857 3.142857 3.142857 3.142857 3.142857 3.142857 3.142857 3.142857 3.114286 3.114286 3.114286 3.114286 3.114286 3.114286 3.085714 3.085714 3.085714 3.057143 3.057143 3.057143 3.057143 3.057143 3.057143 3.057143 3.028571 3.028571 3.028571 3.028571 3.028571 3.028571 3.000000 2.971429 2.971429 2.971429 2.971429 2.971429 2.971429 2.971429 2.942857 2.942857 2.942857 2.942857 2.942857 2.942857 2.942857 2.942857 2.914286 2.914286 2.914286 2.914286 2.914286 2.885714 2.885714 2.885714 2.885714 2.885714 2.885714 2.885714 2.885714 2.885714 2.885714 2.885714 2.885714 2.885714 2.885714 2.857143 2.857143 2.857143 2.857143 2.857143 2.857143 2.857143 2.857143 2.857143 2.857143 2.857143 2.857143 2.857143 2.857143 2.857143 2.857143 2.857143 2.857143 2.857143 2.857143 2.857143 2.857143 2.857143 2.857143 2.857143 2.857143 2.857143 2.857143 2.857143 2.857143 2.857143 2.857143 2.857143 2.857143 2.857143 2.857143 2.857143 2.857143 2.857143 2.857143 2.857143 2.857143 2.857143 2.857143 2.857143 2.857143 2.857143 2.857143 2.857143 2.857143 2.857143 2.857143 2.857143 2.857143 2.857143 2.857143 2.857143 2.857143 2.857143 2.857143 2.857143 2.857143 2.857143 2.857143 2.857143 2.857143 2.857143 2.857143 2.857143 2.857143 2.857143 2.857143 2.857143 2.857143 2.857143 2.857143 2.857143 2.857143 2.857143 2.857143 2.857143 2.857143 2.857143 2.857143 2.857143 2.857143 2.857143 2.857143 2.857143 2.857143 2.857143 2.857143 2.857143 2.857143 2.857143 2.857143 2.857143 2.857143 2.857143 2.857143 2.857143 2.857143 2.857143 2.857143 2.857143 2.857143 2.857143 2.857143 2.857143 2.857143 2.857143 2.857143 2.857143 2.857143 2.857143 2.857143 2.857143 2.857143 2.857143 2.857143 2.857143 2.857143 2.857143 2.857143 2.857143 2.857143 2.857143 2.857143 2.828571 2.828571 2.828571 2.828571 2.828571 2.828571 2.828571 2.828571 2.828571 2.828571 2.828571 2.828571 2.828571 2.828571 2.828571 2.828571 2.828571 2.800000 2.800000 2.800000 2.800000 2.800000 2.771429 2.771429 2.771429 2.771429 2.771429 2.771429 2.771429 2.742857 2.742857 2.742857 2.742857 </average_training_num_incorrect>
				<best_validation_num_incorrect>2.28571</best_validation_num_incorrect>
				<test_num_incorrect>1.72414</test_num_incorrect>
				<last_generation>249</last_generation>
				<num_generations>250</num_generations>
				<program>
					<code_length>256</code_length>
					<num_variables>9</num_variables>
					<num_outputs>1</num_outputs>
					<problem_type>1</problem_type>
					<error_measure>2</error_measure>
					<code>
						<i>0</i>
						<i>4294967292 0 0 0 0</i>
						<i>1</i>
						<i>4294967266 2 0 0 2</i>
						<i>9</i>
						<i>5</i>
						<i>3</i>
						<i>8</i>
						<i>5</i>
						<i>4294967295 7 5 0 1</i>
						<i>4294967295 2 9 5 6</i>
						<i>4294967289 7 5 0 7</i>
						<i>18</i>
						<i>7</i>
						<i>4294967295 13 10 10 6</i>
						<i>1</i>
						<i>4294967295 4 14 14 8</i>
						<i>1</i>
						<i>4294967287 4 1 10 5</i>
						<i>2</i>
						<i>4294967289 9 1 15 19</i>
						<i>6</i>
						<i>0</i>
						<i>4</i>
						<i>4294967294 21 2 19 5</i>
						<i>4294967294 8 16 10 2</i>
						<i>8</i>
						<i>0</i>
						<i>18</i>
						<i>14</i>
						<i>4294967293 2 20 6 10</i>
						<i>4294967292 30 13 24 11</i>
						<i>4294967294 7 30 27 5</i>
						<i>3</i>
						<i>4294967289 3 20 32 15</i>
						<i>4</i>
						<i>4294967289 24 6 10 21</i>
						<i>4294967295 15 6 32 16</i>
						<i>5</i>
						<i>16</i>
						<i>1</i>
						<i>4294967266 14 6 27 28</i>
						<i>4294967266 17 40 13 2</i>
						<i>4294967294 23 4 25 1</i>
						<i>4294967277 40 39 40 32</i>
						<i>4294967266 18 34 35 37</i>
						<i>1</i>
						<i>4294967294 33 35 35 17</i>
						<i>4294967295 15 29 25 0</i>
						<i>4294967289 47 5 9 8</i>
						<i>4294967294 15 21 4 32</i>
						<i>4294967294 21 9 17 50</i>
						<i>4294967295 8 28 6 36</i>
						<i>8</i>
						<i>4294967293 2 20 10 15</i>
						<i>4294967294 19 10 17 22</i>
						<i>2</i>
						<i>4</i>
						<i>4294967266 47 4 44 0</i>
						<i>4294967294 57 39 0 34</i>
						<i>0</i>
						<i>4294967277 17 51 5 5</i>
						<i>4294967292 17 34 61 5</i>
						<i>4294967293 16 4 59 60</i>
						<i>1</i>
						<i>4294967277 64 19 61 49</i>
						<i>1</i>
						<i>4294967292 59 61 61 33</i>
						<i>5</i>
						<i>15</i>
						<i>4294967289 26 56 16 22</i>
						<i>12</i>
						<i>2</i>
						<i>4294967287 62 4 57 71</i>
						<i>8</i>
						<i>6</i>
						<i>2</i>
						<i>4294967277 17 31 68 73</i>
						<i>6</i>
						<i>18</i>
						<i>8</i>
						<i>4294967287 60 33 12 17</i>
						<i>6</i>
						<i>1</i>
						<i>8</i>
						<i>4294967293 74 71 65 23</i>
						<i>15</i>
						<i>8</i>
						<i>4294967292 14 57 75 81</i>
						<i>4294967277 24 73 45 21</i>
						<i>4294967292 24 11 58 75</i>
						<i>4294967289 57 16 85 75</i>
						<i>5</i>
						<i>4294967266 53 19 45 30</i>
						<i>4294967277 2 64 90 5</i>
						<i>14</i>
						<i>8</i>
						<i>2</i>
						<i>0</i>
						<i>8</i>
						<i>5</i>
						<i>4294967294 12 52 32 60</i>
						<i>4294967277 64 59 78 99</i>
						<i>18</i>
						<i>4</i>
						<i>3</i>
						<i>0</i>
						<i>4</i>
						<i>6</i>
						<i>3</i>
						<i>5</i>
						<i>4294967292 86 14 71 16</i>
						<i>4</i>
						<i>8</i>
						<i>1</i>
						<i>3</i>
						<i>4294967289 67 0 76 38</i>
						<i>4294967289 13 37 78 62</i>
						<i>8</i>
						<i>4294967293 68 2 91 20</i>
						<i>4294967293 48 81 105 107</i>
						<i>4</i>
						<i>4294967292 107 67 19 116</i>
						<i>4</i>
						<i>4294967287 14 40 81 94</i>
						<i>4294967292 112 41 75 36</i>
						<i>8</i>
						<i>12</i>
						<i>4</i>
						<i>4294967295 44 114 54 48</i>
						<i>4294967289 26 84 66 110</i>
						<i>0</i>
						<i>15</i>
						<i>2</i>
						<i>2</i>
						<i>4</i>
						<i>3</i>
						<i>0</i>
						<i>2</i>
						<i>4294967277 93 68 137 126</i>
						<i>7</i>
						<i>1</i>
						<i>4</i>
						<i>4294967295 57 88 38 102</i>
						<i>4294967266 98 77 42 108</i>
						<i>8</i>
						<i>4294967277 120 138 21 102</i>
						<i>4294967289 117 73 137 48</i>
						<i>7</i>
						<i>15</i>
						<i>4294967287 80 6 106 67</i>
						<i>4</i>
						<i>4294967277 40 35 42 88</i>
						<i>4294967293 99 67 68 24</i>
						<i>13</i>
						<i>6</i>
						<i>4294967294 111 22 33 125</i>
						<i>4</i>
						<i>4294967287 86 33 151 84</i>
						<i>15</i>
						<i>3</i>
						<i>4294967293 120 122 155 7</i>
						<i>2</i>
						<i>14</i>
						<i>4294967292 72 1 80 67</i>
						<i>2</i>
						<i>4294967293 164 100 149 59</i>
						<i>4294967295 84 153 109 113</i>
						<i>3</i>
						<i>4294967292 121 114 108 0</i>
						<i>8</i>
						<i>2</i>
						<i>4</i>
						<i>4</i>
						<i>4294967293 16 166 54 12</i>
						<i>4294967266 35 16 28 61</i>
						<i>1</i>
						<i>4294967294 120 137 47 26</i>
						<i>2</i>
						<i>4294967292 68 125 112 138</i>
						<i>4294967289 16 114 70 142</i>
						<i>4294967287 26 143 113 89</i>
						<i>4294967292 112 34 113 44</i>
						<i>0</i>
						<i>4294967292 106 105 126 115</i>
						<i>4294967295 145 146 33 138</i>
						<i>4294967292 60 43 17 18</i>
						<i>7</i>
						<i>4294967292 176 23 34 129</i>
						<i>10</i>
						<i>11</i>
						<i>7</i>
						<i>7</i>
						<i>4294967292 8 137 70 155</i>
						<i>10</i>
						<i>12</i>
						<i>4294967277 189 159 44 84</i>
						<i>3</i>
						<i>7</i>
						<i>7</i>
						<i>4294967277 75 188 162 2</i>
						<i>5</i>
						<i>10</i>
						<i>4294967289 177 44 171 112</i>
						<i>2</i>
						<i>4294967293 50 150 189 92</i>
						<i>4294967294 33 115 77 185</i>
						<i>4294967277 145 25 167 55</i>
						<i>4294967266 108 126 145 60</i>
						<i>1</i>
						<i>0</i>
						<i>5</i>
						<i>13</i>
						<i>15</i>
						<i>4294967287 213 57 106 146</i>
						<i>4294967294 95 160 139 22</i>
						<i>5</i>
						<i>4294967294 6 189 164 55</i>
						<i>8</i>
						<i>4294967277 91 116 99 12</i>
						<i>4294967295 137 183 209 80</i>
						<i>4294967277 217 103 11 130</i>
						<i>6</i>
						<i>5</i>
						<i>6</i>
						<i>4294967289 186 51 220 0</i>
						<i>11</i>
						<i>4294967294 111 160 97 60</i>
						<i>0</i>
						<i>7</i>
						<i>0</i>
						<i>4294967277 222 109 7 169</i>
						<i>4294967295 100 78 119 71</i>
						<i>2</i>
						<i>4</i>
						<i>4294967294 204 156 55 56</i>
						<i>14</i>
						<i>4294967293 236 169 86 97</i>
						<i>11</i>
						<i>1</i>
						<i>4294967294 201 206 54 208</i>
						<i>7</i>
						<i>4294967266 155 18 100 168</i>
						<i>3</i>
						<i>0</i>
						<i>4294967277 68 41 123 28</i>
						<i>4294967294 98 235 64 24</i>
						<i>4294967266 115 5 114 235</i>
						<i>4294967277 11 27 4 151</i>
						<i>4294967292 70 7 66 48</i>
						<i>2</i>
						<i>4294967277 38 179 144 103</i>
						<i>12</i>
						<i>18</i>
						<i>4294967293 140 139 170 123</i>
						<i>4294967293 1 76 68 237</i>
					</code>
					<best_genes>246 </best_genes>
					<max_index_best_genes>246</max_index_best_genes>
					<error>3.42857</error>
					<num_incorrectly_classified>3.428571</num_incorrectly_classified>
					<binary_classification_threshold>0.523391</binary_classification_threshold>
					<num_constants>10</num_constants>
					<constants>0.810277 0.751677 0.0105731 0.980069 0.213551 0.0409226 0.90573 0.0954379 0.582996 0.205547 </constants>
					<num_classes>2</num_classes>
					<class_centers>0 0 </class_centers>
					<class_labels>-1 2 </class_labels>
				</program>
			</run>
			<run>
				<running_time>180.025</running_time>
				<best_training_error>3.42857 3.42857 3.42857 3.42857 3.14286 3.14286 3.14286 3.14286 3.14286 3.14286 3.14286 3.14286 3.14286 3.14286 3.14286 3.14286 3.14286 3.14286 3.14286 2.85714 2.85714 2.85714 2.85714 2.85714 2.85714 2.85714 2.85714 2.85714 2.85714 2.85714 2.85714 </best_training_error>
				<average_training_error>7.76023 6.39886 5.71897 5.3644 5.136 4.95257 4.78789 4.64794 4.52954 4.42703 4.33554 4.24417 4.16531 4.08171 3.98674 3.9044 3.8348 3.76989 3.71137 3.6596 3.60577 3.56086 3.52229 3.49286 3.46526 3.44663 3.42297 3.39509 3.36903 3.34011 3.3052 </average_training_error>
				<best_validation_error>1.71429</best_validation_error>
				<test_error>1.72414</test_error>
				<best_training_num_incorrect>3.428571 3.428571 3.428571 3.428571 3.142857 3.142857 3.142857 3.142857 3.142857 3.142857 3.142857 3.142857 3.142857 3.142857 3.142857 3.142857 3.142857 3.142857 3.142857 2.857143 2.857143 2.857143 2.857143 2.857143 2.857143 2.857143 2.857143 2.857143 2.857143 2.857143 2.857143 </best_training_num_incorrect>
				<average_training_num_incorrect>3.800000 3.742857 3.714286 3.514286 3.485714 3.485714 3.457143 3.428571 3.428571 3.342857 3.285714 3.285714 3.257143 3.228571 3.228571 3.228571 3.200000 3.200000 3.200000 3.171429 3.142857 3.142857 3.114286 3.114286 3.114286 3.114286 3.114286 3.114286 3.114286 3.114286 3.114286 </average_training_num_incorrect>
				<best_validation_num_incorrect>1.71429</best_validation_num_incorrect>
				<test_num_incorrect>1.72414</test_num_incorrect>
				<last_generation>30</last_generation>
				<num_generations>250</num_generations>
				<program>
					<code_length>256</code_length>
					<num_variables>9</num_variables>
					<num_outputs>1</num_outputs>
					<problem_type>1</problem_type>
					<error_measure>2</error_measure>
					<code>
						<i>2</i>
						<i>4294967266 0 0 0 0</i>
						<i>0</i>
						<i>7</i>
						<i>5</i>
						<i>1</i>
						<i>1</i>
						<i>4294967287 2 5 4 1</i>
						<i>4294967266 4 1 1 3</i>
						<i>8</i>
						<i>4294967293 5 2 1 2</i>
						<i>4294967295 5 9 5 3</i>
						<i>4294967295 8 4 11 8</i>
						<i>8</i>
						<i>4294967295 4 1 9 12</i>
						<i>4294967295 14 3 3 13</i>
						<i>4294967293 6 6 2 13</i>
						<i>7</i>
						<i>4294967294 5 2 17 5</i>
						<i>8</i>
						<i>7</i>
						<i>4294967277 2 17 9 15</i>
						<i>4294967295 21 13 15 19</i>
						<i>4294967294 18 11 10 12</i>
						<i>4</i>
						<i>4294967277 8 20 14 10</i>
						<i>4294967292 21 11 1 10</i>
						<i>3</i>
						<i>4294967295 10 3 2 18</i>
						<i>4294967289 21 2 17 7</i>
						<i>2</i>
						<i>6</i>
						<i>4294967292 22 16 21 0</i>
						<i>4294967293 22 24 20 4</i>
						<i>4294967266 3 7 19 10</i>
						<i>6</i>
						<i>4294967293 10 29 3 25</i>
						<i>1</i>
						<i>17</i>
						<i>5</i>
						<i>4294967287 15 3 24 10</i>
						<i>4294967294 9 5 2 35</i>
						<i>4294967277 9 28 0 9</i>
						<i>4294967293 3 30 31 39</i>
						<i>1</i>
						<i>4294967295 26 6 18 44</i>
						<i>7</i>
						<i>4294967295 34 24 2 0</i>
						<i>4294967266 20 10 44 29</i>
						<i>7</i>
						<i>1</i>
						<i>4294967295 47 40 43 8</i>
						<i>8</i>
						<i>4294967295 43 23 23 52</i>
						<i>13</i>
						<i>8</i>
						<i>4</i>
						<i>7</i>
						<i>1</i>
						<i>4294967295 37 7 8 51</i>
						<i>4294967266 2 15 1 38</i>
						<i>2</i>
						<i>6</i>
						<i>4294967277 55 19 41 15</i>
						<i>4294967295 22 32 48 21</i>
						<i>4294967277 16 37 16 41</i>
						<i>4294967277 11 49 64 18</i>
						<i>4294967292 25 14 3 56</i>
						<i>4294967293 35 29 62 51</i>
						<i>17</i>
						<i>2</i>
						<i>4294967289 43 0 58 60</i>
						<i>4294967292 39 44 37 45</i>
						<i>4294967293 51 23 19 69</i>
						<i>4294967277 30 64 21 59</i>
						<i>15</i>
						<i>8</i>
						<i>4294967277 5 59 24 17</i>
						<i>0</i>
						<i>4294967292 37 64 56 21</i>
						<i>1</i>
						<i>17</i>
						<i>4294967287 46 80 49 64</i>
						<i>4294967294 73 44 35 51</i>
						<i>14</i>
						<i>6</i>
						<i>11</i>
						<i>5</i>
						<i>3</i>
						<i>4</i>
						<i>4294967293 40 67 87 48</i>
						<i>9</i>
						<i>2</i>
						<i>2</i>
						<i>4294967293 17 89 73 57</i>
						<i>4294967294 92 48 84 2</i>
						<i>4</i>
						<i>0</i>
						<i>4294967295 5 75 40 9</i>
						<i>17</i>
						<i>13</i>
						<i>3</i>
						<i>4294967287 11 60 79 87</i>
						<i>4294967277 38 75 47 19</i>
						<i>7</i>
						<i>6</i>
						<i>3</i>
						<i>2</i>
						<i>4294967295 57 55 1 14</i>
						<i>1</i>
						<i>4294967277 37 2 20 49</i>
						<i>1</i>
						<i>4294967277 63 82 108 72</i>
						<i>4294967266 65 44 6 45</i>
						<i>4294967287 30 6 11 59</i>
						<i>9</i>
						<i>5</i>
						<i>5</i>
						<i>4294967266 7 44 40 10</i>
						<i>4294967289 75 39 116 19</i>
						<i>4294967294 63 3 64 62</i>
						<i>4294967294 71 72 53 38</i>
						<i>4294967289 2 2 66 105</i>
						<i>4294967293 79 105 34 91</i>
						<i>4294967277 118 70 116 119</i>
						<i>2</i>
						<i>5</i>
						<i>7</i>
						<i>17</i>
						<i>5</i>
						<i>4294967289 98 85 129 76</i>
						<i>4294967294 129 52 100 129</i>
						<i>0</i>
						<i>4</i>
						<i>2</i>
						<i>4294967293 40 50 80 129</i>
						<i>15</i>
						<i>8</i>
						<i>4294967266 64 108 93 85</i>
						<i>5</i>
						<i>4294967292 6 106 116 40</i>
						<i>4294967294 20 129 113 96</i>
						<i>4294967295 19 77 86 26</i>
						<i>4294967293 102 44 35 93</i>
						<i>4294967289 85 32 87 32</i>
						<i>2</i>
						<i>4294967295 15 94 110 117</i>
						<i>4294967289 22 114 127 73</i>
						<i>1</i>
						<i>1</i>
						<i>11</i>
						<i>4294967277 67 103 115 85</i>
						<i>7</i>
						<i>4294967266 104 33 83 90</i>
						<i>4294967277 97 19 90 9</i>
						<i>1</i>
						<i>4294967277 112 88 116 46</i>
						<i>5</i>
						<i>4294967294 143 146 7 139</i>
						<i>18</i>
						<i>4294967293 38 113 91 47</i>
						<i>2</i>
						<i>8</i>
						<i>3</i>
						<i>3</i>
						<i>4294967295 60 126 35 63</i>
						<i>4294967266 48 88 73 26</i>
						<i>8</i>
						<i>0</i>
						<i>4294967292 156 145 121 100</i>
						<i>14</i>
						<i>4294967289 109 65 114 161</i>
						<i>15</i>
						<i>5</i>
						<i>7</i>
						<i>17</i>
						<i>4294967266 71 50 87 164</i>
						<i>4294967277 131 112 47 93</i>
						<i>2</i>
						<i>4294967295 22 79 98 5</i>
						<i>4294967266 20 27 89 150</i>
						<i>5</i>
						<i>4294967295 53 133 55 145</i>
						<i>4294967266 90 59 65 158</i>
						<i>3</i>
						<i>2</i>
						<i>7</i>
						<i>4294967277 96 112 81 175</i>
						<i>6</i>
						<i>4294967293 114 186 64 30</i>
						<i>4294967277 29 65 118 32</i>
						<i>1</i>
						<i>4294967293 36 9 96 164</i>
						<i>4294967289 74 69 116 144</i>
						<i>4294967295 151 98 65 55</i>
						<i>4294967295 121 89 61 84</i>
						<i>4294967295 187 5 95 186</i>
						<i>4294967277 115 120 9 45</i>
						<i>4294967266 97 128 182 32</i>
						<i>4294967295 152 171 181 58</i>
						<i>4294967266 195 71 46 45</i>
						<i>4294967294 106 135 92 152</i>
						<i>4294967293 86 131 126 124</i>
						<i>10</i>
						<i>7</i>
						<i>1</i>
						<i>2</i>
						<i>4294967277 144 152 103 113</i>
						<i>7</i>
						<i>4294967292 101 88 35 175</i>
						<i>0</i>
						<i>4</i>
						<i>8</i>
						<i>4294967266 104 35 45 144</i>
						<i>18</i>
						<i>4294967266 21 213 107 90</i>
						<i>4294967294 149 206 182 39</i>
						<i>4294967266 140 44 148 61</i>
						<i>4294967294 110 151 140 90</i>
						<i>4294967295 21 16 213 185</i>
						<i>4294967295 168 180 61 1</i>
						<i>4294967295 148 127 85 84</i>
						<i>17</i>
						<i>3</i>
						<i>1</i>
						<i>1</i>
						<i>4294967289 19 65 39 148</i>
						<i>5</i>
						<i>7</i>
						<i>0</i>
						<i>3</i>
						<i>6</i>
						<i>4294967295 65 56 71 131</i>
						<i>4294967293 102 56 82 64</i>
						<i>4294967293 84 147 55 94</i>
						<i>4294967293 124 214 158 51</i>
						<i>4294967277 212 205 126 186</i>
						<i>3</i>
						<i>4294967292 158 1 157 218</i>
						<i>6</i>
						<i>5</i>
						<i>1</i>
						<i>4294967289 118 119 150 63</i>
						<i>4294967293 68 165 84 129</i>
						<i>2</i>
						<i>2</i>
						<i>4294967287 227 158 81 137</i>
						<i>3</i>
						<i>8</i>
						<i>4294967292 162 89 160 108</i>
						<i>3</i>
						<i>1</i>
						<i>6</i>
						<i>12</i>
						<i>2</i>
						<i>6</i>
					</code>
					<best_genes>83 </best_genes>
					<max_index_best_genes>83</max_index_best_genes>
					<error>3.14286</error>
					<num_incorrectly_classified>3.142857</num_incorrectly_classified>
					<binary_classification_threshold>-0.48</binary_classification_threshold>
					<num_constants>10</num_constants>
					<constants>0.495639 0.0456663 0.0279117 0.72332 0.157128 0.0713394 0.108269 0.960938 0.197311 0.373316 </constants>
					<num_classes>2</num_classes>
					<class_centers>0 0 </class_centers>
					<class_labels>-1 2 </class_labels>
				</program>
			</run>
		</results>
	</algorithm>
</project>
